#pragma once
#include <stddef.h>
#include <stdint.h>
static const uint8_t kCnLanguageData[] = {
  0x5a,0x43,0x4e,0x42,0x55,0x89,0x00,0x00,0x00,0x00,0x00,0x00,0x11,0x00,0x22,0x00,
  0x46,0x00,0x61,0x00,0x7e,0x00,0x8a,0x00,0x96,0x00,0xa2,0x00,0xab,0x00,0xb4,0x00,
  0xc1,0x00,0xce,0x00,0x3c,0x01,0x88,0x02,0xbd,0x02,0xfa,0x02,0x7c,0x03,0xc1,0x03,
  0x09,0x04,0x63,0x04,0xa0,0x04,0xd1,0x04,0xf6,0x04,0xa2,0x06,0xe6,0x06,0x17,0x07,
  0xe8,0x07,0x0b,0x08,0x60,0x09,0x88,0x09,0x92,0x0a,0xf0,0x0a,0x41,0x0b,0xb9,0x0b,
  0xec,0x0b,0x40,0x0c,0xf7,0x0c,0x51,0x0d,0xa8,0x0d,0xdd,0x0d,0x0e,0x0e,0x33,0x0e,
  0xe7,0x0e,0xe4,0x0f,0x2a,0x10,0x71,0x10,0x9a,0x10,0xfb,0x10,0x37,0x11,0x4c,0x12,
  0xba,0x12,0xfb,0x12,0xfb,0x14,0x7d,0x15,0xb1,0x15,0x63,0x17,0x8d,0x19,0xb2,0x19,
  0xf5,0x19,0x1c,0x1a,0x37,0x1a,0x50,0x1a,0x71,0x1a,0x89,0x1a,0xb1,0x1a,0xce,0x1a,
  0xea,0x1a,0x14,0x1b,0x42,0x1b,0x4a,0x1b,0x79,0x1b,0x9e,0x1b,0xbb,0x1b,0xe6,0x1b,
  0x2c,0x1c,0x77,0x1c,0xc0,0x1c,0x19,0x1d,0x40,0x1d,0x6f,0x1d,0xa1,0x1d,0xcf,0x1d,
  0xff,0x1d,0x30,0x1e,0x63,0x1e,0x8d,0x1e,0xb4,0x1e,0xe9,0x1e,0x24,0x1f,0x67,0x1f,
  0xb1,0x1f,0xf6,0x1f,0x2c,0x20,0x6c,0x20,0xa4,0x20,0xec,0x20,0x46,0x21,0x79,0x21,
  0xd3,0x21,0x29,0x22,0x7f,0x22,0xc0,0x22,0xee,0x22,0x39,0x23,0x6c,0x23,0xa6,0x23,
  0xdb,0x23,0x24,0x24,0x61,0x24,0xbf,0x24,0xf2,0x24,0xc7,0x25,0xfb,0x25,0x2f,0x26,
  0x6d,0x26,0xa1,0x26,0xca,0x26,0xf1,0x26,0x1a,0x27,0x46,0x27,0x73,0x27,0x9d,0x27,
  0xcc,0x27,0x1d,0x28,0x68,0x28,0xb6,0x28,0x36,0x29,0xc0,0x29,0xf5,0x29,0x1c,0x2a,
  0x6f,0x2a,0xaf,0x2a,0x22,0x2b,0x2f,0x2b,0x5e,0x2b,0x82,0x2b,0xe4,0x2b,0x0a,0x2c,
  0x3d,0x2c,0x6d,0x2c,0xa7,0x2c,0xc0,0x2c,0xf0,0x2c,0x20,0x2d,0x41,0x2d,0x60,0x2d,
  0x8c,0x2d,0xc9,0x2d,0x01,0x2e,0x51,0x2e,0x9f,0x2e,0x2a,0x2f,0xfa,0x2f,0x0e,0x30,
  0xdb,0x30,0x3b,0x31,0x28,0x32,0xec,0x32,0x7a,0x33,0xe1,0x33,0x77,0x34,0xee,0x34,
  0x83,0x35,0x9b,0x35,0xe3,0x35,0x9b,0x36,0xc6,0x36,0xf1,0x36,0x14,0x37,0x40,0x37,
  0x57,0x37,0x72,0x37,0x8b,0x37,0xba,0x37,0xdd,0x37,0xf2,0x37,0x0e,0x38,0x76,0x38,
  0x9f,0x38,0x0b,0x39,0xc0,0x39,0xee,0x39,0x40,0x3a,0xa8,0x3a,0x20,0x3b,0x54,0x3b,
  0x8d,0x3b,0xaf,0x3b,0xe6,0x3b,0x2c,0x3c,0xa5,0x3c,0xe1,0x3c,0x36,0x3d,0x8b,0x3d,
  0xc0,0x3d,0xea,0x3d,0x38,0x3e,0xad,0x3e,0xd3,0x3e,0x12,0x3f,0x51,0x3f,0x7b,0x3f,
  0x93,0x3f,0xe0,0x3f,0x03,0x40,0x24,0x40,0x41,0x40,0x72,0x40,0xf0,0x40,0x22,0x41,
  0x4a,0x41,0x77,0x41,0x9e,0x41,0xc2,0x41,0xef,0x41,0x3a,0x42,0x68,0x42,0x96,0x42,
  0xab,0x42,0xd5,0x42,0xfa,0x42,0x23,0x43,0x71,0x43,0xc9,0x43,0x56,0x44,0x73,0x44,
  0x7a,0x44,0xa3,0x44,0xb2,0x45,0xd8,0x45,0xfc,0x45,0x35,0x46,0x05,0x47,0x3c,0x47,
  0x79,0x47,0xb2,0x47,0xed,0x47,0x2a,0x48,0x65,0x48,0xa4,0x48,0xe1,0x48,0x0e,0x49,
  0x73,0x49,0x9e,0x49,0xbc,0x49,0xf3,0x49,0x2c,0x4a,0x5d,0x4a,0x96,0x4a,0xcf,0x4a,
  0x08,0x4b,0x43,0x4b,0x7c,0x4b,0xc5,0x4b,0x4a,0x4c,0x74,0x4c,0x0e,0x4d,0x78,0x4d,
  0xe4,0x4d,0x32,0x4e,0xdf,0x4e,0x08,0x4f,0x1a,0x4f,0x50,0x4f,0xb7,0x4f,0xe3,0x4f,
  0xfc,0x4f,0x2a,0x50,0x54,0x50,0x75,0x50,0x96,0x50,0x09,0x51,0x92,0x51,0x4a,0x53,
  0xcb,0x53,0x22,0x54,0x5a,0x54,0x83,0x54,0xb4,0x54,0xeb,0x54,0xf4,0x54,0x2b,0x55,
  0x89,0x55,0xb0,0x55,0xe4,0x55,0x53,0x56,0x7d,0x56,0xbc,0x56,0xda,0x56,0x06,0x57,
  0x12,0x57,0x37,0x57,0x5e,0x58,0xc5,0x58,0xfc,0x58,0x2c,0x59,0x62,0x59,0x85,0x59,
  0xac,0x59,0xe1,0x59,0x2f,0x5a,0x62,0x5a,0x87,0x5a,0xbb,0x5a,0xe8,0x5a,0xd9,0x5c,
  0x34,0x5f,0xf3,0x60,0x41,0x62,0x14,0x64,0x70,0x65,0x1d,0x67,0x4c,0x67,0x7c,0x67,
  0xa5,0x67,0x42,0x69,0xce,0x69,0xac,0x6a,0xfd,0x6a,0x8a,0x6b,0xfe,0x6b,0x3d,0x6c,
  0x98,0x6c,0x30,0x6d,0x4e,0x6d,0x74,0x6d,0x00,0x6e,0x33,0x6e,0xfd,0x6f,0x4c,0x70,
  0x53,0x70,0x5a,0x70,0x71,0x70,0x9f,0x70,0x36,0x71,0x4b,0x71,0x60,0x71,0x75,0x71,
  0x8a,0x71,0xaa,0x71,0xd1,0x71,0xf8,0x71,0x1f,0x72,0x56,0x72,0x8d,0x72,0xca,0x72,
  0xb7,0x73,0xea,0x73,0xe5,0x74,0x10,0x75,0x58,0x75,0xb7,0x75,0xd0,0x75,0xf0,0x75,
  0x11,0x76,0x2e,0x76,0x6b,0x76,0x8e,0x76,0xaf,0x76,0xda,0x76,0xfa,0x76,0x2a,0x77,
  0x52,0x77,0x6d,0x77,0x8e,0x77,0xab,0x77,0x70,0x78,0xac,0x78,0x22,0x79,0x91,0x79,
  0xc4,0x7f,0xd7,0x7f,0x6b,0x80,0x7e,0x80,0xb2,0x80,0xdd,0x80,0x0e,0x81,0x2f,0x81,
  0x50,0x81,0x70,0x81,0x1e,0x82,0x85,0x82,0xa6,0x82,0xcd,0x82,0x2b,0x83,0x1c,0x84,
  0xc8,0x84,0xe7,0x84,0x13,0x85,0x2f,0x85,0x9b,0x85,0xbd,0x85,0xdd,0x85,0xf3,0x85,
  0x09,0x86,0x87,0x30,0x84,0x59,0x59,0x59,0x59,0x59,0x59,0x83,0x59,0x59,0x59,0x59,
  0x44,0x87,0x80,0x87,0x30,0x83,0x59,0x59,0x59,0x59,0x59,0x59,0x84,0x59,0x59,0x59,
  0x59,0x44,0x87,0x80,0x87,0x30,0x6f,0x5c,0x70,0x61,0x70,0x9d,0x72,0x67,0x72,0x69,
  0x83,0x6f,0x5c,0x70,0x61,0x70,0x9d,0x73,0x0e,0x6f,0x89,0x84,0x6f,0x06,0x6f,0x5c,
  0x70,0x61,0x6f,0x4f,0x72,0x67,0x72,0x69,0x87,0x30,0x34,0x40,0x59,0x87,0x20,0x41,
  0x59,0x35,0x40,0x59,0x87,0x21,0x83,0x36,0x40,0x59,0x87,0x22,0x41,0x59,0x37,0x40,
  0x59,0x87,0x23,0x71,0x67,0x6f,0x0b,0x72,0xaf,0x72,0xf3,0x72,0x1a,0x6f,0x57,0x72,
  0x0e,0x71,0x51,0x6f,0x5f,0x5f,0x83,0x71,0xaa,0x71,0xb1,0x73,0x09,0x6f,0xc5,0x60,
  0x87,0x30,0x82,0x44,0x83,0x59,0x59,0x84,0x59,0x59,0x87,0x82,0x87,0x30,0x82,0x59,
  0x59,0x83,0x44,0x84,0x59,0x59,0x87,0x82,0x87,0x30,0x82,0x59,0x59,0x83,0x59,0x59,
  0x84,0x44,0x87,0x82,0x87,0x30,0x82,0x44,0x83,0x59,0x59,0x87,0x81,0x87,0x30,0x82,
  0x59,0x59,0x83,0x44,0x87,0x81,0x87,0x30,0x84,0x59,0x59,0x59,0x59,0x83,0x59,0x59,
  0x44,0x87,0x83,0x87,0x30,0x83,0x59,0x59,0x59,0x59,0x84,0x59,0x59,0x44,0x87,0x83,
  0x85,0x5f,0x83,0x70,0xeb,0x72,0xb0,0x6f,0x89,0x6f,0xc5,0x6f,0x00,0x72,0xef,0x5f,
  0x84,0x6f,0x57,0x6f,0x06,0x72,0x01,0x71,0x06,0x70,0xc1,0x60,0x81,0x80,0x70,0xeb,
  0x70,0x4a,0x6f,0x2c,0x70,0x82,0x70,0x1f,0x71,0x75,0x5f,0x80,0x6f,0x4f,0x70,0x2a,
  0x73,0x21,0x6f,0x1b,0x6f,0x97,0x5f,0x80,0x70,0xeb,0x70,0x96,0x71,0x6a,0x6f,0x57,
  0x6f,0x06,0x72,0xb0,0x70,0x45,0x6f,0x89,0x41,0x41,0x41,0x41,0x41,0x41,0x81,0x80,
  0x70,0x1f,0x70,0xa1,0x6f,0x04,0x6f,0xc5,0x72,0x1c,0x6f,0xe5,0x41,0x41,0x41,0x41,
  0x41,0x41,0x80,0x72,0x46,0x72,0x1a,0x70,0xeb,0x70,0x1f,0x71,0x75,0x60,0x70,0x14,
  0x41,0x41,0x41,0x41,0x41,0x41,0x73,0x08,0x70,0x41,0x73,0x67,0x41,0x41,0x41,0x41,
  0x41,0x41,0x83,0x85,0x62,0x71,0x57,0x6f,0x57,0x6f,0xe3,0x62,0x84,0x70,0xeb,0x6f,
  0x06,0x71,0x57,0x72,0xbb,0x6f,0x57,0x70,0x2a,0x70,0x74,0x72,0x46,0x72,0x1a,0x6f,
  0xe3,0x41,0x41,0x41,0x41,0x41,0x41,0x81,0x80,0x6f,0x1e,0x72,0xbf,0x73,0x08,0x70,
  0x82,0x71,0x57,0x71,0x4d,0x71,0xb1,0x73,0x10,0x73,0x20,0x72,0x0e,0x6f,0xf6,0x73,
  0x05,0x41,0x41,0x41,0x80,0x71,0x75,0x5f,0x70,0x2a,0x73,0x08,0x73,0x28,0x5f,0x71,
  0x10,0x72,0xeb,0x70,0xeb,0x72,0x0e,0x6f,0x98,0x6f,0xf7,0x72,0x15,0x60,0x80,0x70,
  0xeb,0x71,0x3b,0x6f,0x57,0x70,0x57,0x6f,0x54,0x6f,0x58,0x72,0x01,0x60,0x81,0x80,
  0x73,0x08,0x71,0x57,0x71,0xbd,0x71,0x07,0x73,0x83,0x73,0x79,0x70,0x3f,0x72,0x0e,
  0x72,0x35,0x71,0x6f,0x5f,0x80,0x71,0x13,0x6f,0x52,0x5c,0x73,0x3b,0x5f,0x72,0xbb,
  0x6f,0x9b,0x73,0x2b,0x71,0xa6,0x72,0x7c,0x6f,0x98,0x73,0x38,0x5f,0x80,0x71,0x76,
  0x70,0xa8,0x71,0x13,0x73,0x3b,0x73,0x27,0x71,0x36,0x6f,0x9b,0x73,0x2b,0x60,0x81,
  0x80,0x85,0x41,0x41,0x41,0x41,0x41,0x41,0x80,0x6f,0x57,0x70,0xc2,0x73,0x6a,0x6f,
  0xc5,0x71,0x3a,0x70,0x3b,0x70,0x80,0x73,0x02,0x6f,0x71,0x6f,0x15,0x60,0x80,0x73,
  0x08,0x71,0x57,0x70,0xeb,0x6f,0x3a,0x6f,0xf6,0x6f,0x11,0x71,0xb3,0x70,0x6b,0x72,
  0x0e,0x60,0x81,0x80,0x6f,0x4f,0x6f,0x06,0x72,0xb0,0x70,0xea,0x6f,0x14,0x41,0x41,
  0x41,0x80,0x6f,0xf6,0x73,0x05,0x72,0x0e,0x71,0xf0,0x71,0xee,0x6f,0xfe,0x41,0x41,
  0x41,0x41,0x41,0x41,0x80,0x85,0x41,0x41,0x41,0x41,0x41,0x41,0x70,0xeb,0x71,0xa4,
  0x73,0x0a,0x72,0xbd,0x72,0x1a,0x41,0x41,0x41,0x41,0x41,0x41,0x81,0x80,0x70,0xeb,
  0x6f,0x3a,0x70,0x2a,0x41,0x41,0x41,0x41,0x41,0x41,0x6f,0x00,0x72,0xeb,0x72,0x0e,
  0x71,0x51,0x6f,0x6b,0x41,0x41,0x41,0x41,0x41,0x41,0x70,0x18,0x61,0x73,0x08,0x72,
  0x32,0x71,0x5f,0x73,0x70,0x73,0x5c,0x70,0x47,0x5f,0x83,0x6f,0x57,0x72,0xf2,0x6f,
  0x89,0x71,0x75,0x70,0x9a,0x6f,0x2f,0x6f,0x19,0x62,0x84,0x70,0x7e,0x70,0x64,0x70,
  0x5f,0x5f,0x72,0xea,0x72,0x55,0x70,0x1f,0x70,0x74,0x72,0x1c,0x72,0xb4,0x61,0x70,
  0x57,0x71,0x7b,0x6f,0x57,0x70,0x2a,0x72,0xa8,0x6f,0x04,0x73,0x0c,0x72,0xf4,0x6f,
  0x22,0x5f,0x83,0x6f,0xd7,0x6f,0x39,0x71,0x13,0x5d,0x73,0x3b,0x71,0x7f,0x72,0x16,
  0x70,0x2b,0x70,0x27,0x60,0x84,0x6f,0x1e,0x72,0xbf,0x6f,0x57,0x70,0x92,0x72,0x60,
  0x72,0x20,0x73,0x1c,0x6f,0x22,0x41,0x41,0x41,0x41,0x41,0x41,0x6f,0x57,0x73,0x08,
  0x70,0x7e,0x70,0x64,0x5f,0x83,0x72,0x16,0x72,0x1a,0x71,0x18,0x71,0x67,0x6f,0x9b,
  0x71,0xa2,0x60,0x84,0x6f,0x57,0x72,0x84,0x71,0x2a,0x6f,0xa0,0x70,0x46,0x73,0x29,
  0x72,0x0e,0x6f,0x0b,0x72,0xaf,0x62,0x81,0x80,0x70,0xb4,0x6f,0x57,0x72,0x28,0x72,
  0x1a,0x71,0x7e,0x6f,0x10,0x6f,0x0b,0x72,0xaf,0x71,0x51,0x5f,0x80,0x71,0x13,0x6f,
  0x52,0x5b,0x73,0x3b,0x5f,0x6f,0xd7,0x6f,0x39,0x70,0xfc,0x70,0x66,0x6f,0x17,0x72,
  0xeb,0x71,0x75,0x60,0x80,0x70,0xeb,0x70,0xf3,0x72,0xe2,0x6f,0x57,0x6f,0x06,0x72,
  0x20,0x73,0x1c,0x61,0x81,0x80,0x41,0x41,0x41,0x41,0x41,0x41,0x73,0x07,0x71,0x57,
  0x72,0xcd,0x5f,0x6f,0x57,0x6f,0x76,0x70,0x6e,0x72,0x20,0x73,0x1c,0x62,0x70,0xeb,
  0x70,0xf3,0x72,0xe2,0x6f,0x57,0x72,0x46,0x6f,0x06,0x6f,0xc7,0x70,0xe0,0x72,0xb0,
  0x83,0x70,0xeb,0x73,0x08,0x71,0x82,0x72,0x0e,0x6f,0x98,0x61,0x84,0x71,0x13,0x5c,
  0x73,0x3b,0x6f,0xd7,0x6f,0x39,0x71,0x17,0x6f,0x98,0x5f,0x81,0x80,0x6f,0x57,0x6f,
  0xd7,0x72,0x84,0x71,0x50,0x70,0x82,0x72,0x20,0x73,0x1c,0x6f,0x22,0x41,0x41,0x41,
  0x41,0x41,0x41,0x6f,0xff,0x61,0x70,0x2b,0x70,0x27,0x6f,0x04,0x72,0x0e,0x71,0x80,
  0x72,0xbd,0x71,0x94,0x70,0x2a,0x6f,0xcb,0x6f,0x6b,0x61,0x83,0x73,0x21,0x6f,0x00,
  0x70,0x6b,0x70,0x82,0x71,0x57,0x6f,0x57,0x72,0xcb,0x6f,0xc5,0x72,0x0e,0x70,0x2b,
  0x71,0x47,0x61,0x84,0x70,0x14,0x41,0x41,0x41,0x41,0x41,0x41,0x70,0xeb,0x71,0xf4,
  0x73,0x08,0x71,0x58,0x72,0x78,0x71,0x54,0x72,0xb2,0x60,0x6f,0x57,0x72,0x20,0x73,
  0x1c,0x71,0x65,0x73,0x25,0x72,0x0e,0x71,0x57,0x6f,0x2f,0x6f,0x19,0x6f,0xe3,0x62,
  0x83,0x72,0x40,0x70,0x2a,0x72,0x4c,0x70,0x5f,0x6f,0x97,0x5f,0x84,0x71,0x13,0x6f,
  0x05,0x5b,0x73,0x3b,0x5f,0x6f,0xd6,0x73,0x32,0x61,0x81,0x80,0x72,0x4c,0x70,0x5f,
  0x70,0x82,0x70,0xf3,0x70,0xa8,0x6f,0x22,0x61,0x80,0x6f,0x4f,0x70,0xeb,0x70,0xe0,
  0x73,0x08,0x6f,0x1e,0x70,0x2a,0x70,0xe1,0x71,0x43,0x6f,0x1b,0x6f,0x11,0x5f,0x80,
  0x70,0x79,0x6f,0xe5,0x62,0x6f,0xd7,0x6f,0x57,0x72,0xb0,0x71,0x57,0x70,0xf6,0x70,
  0xe1,0x70,0xbc,0x70,0x2a,0x70,0x45,0x73,0x65,0x5f,0x83,0x73,0x21,0x70,0x82,0x6f,
  0xf7,0x70,0xeb,0x6f,0x3a,0x70,0x3f,0x6f,0x75,0x72,0x7b,0x72,0x7b,0x60,0x84,0x70,
  0xeb,0x6f,0x3a,0x6f,0x47,0x71,0x3b,0x6f,0x57,0x6f,0x00,0x6f,0x29,0x6f,0x0b,0x72,
  0xaf,0x61,0x73,0x74,0x6f,0x6a,0x5f,0x6f,0x57,0x70,0xa2,0x72,0xcb,0x6f,0xc5,0x71,
  0x71,0x70,0x5f,0x73,0x28,0x83,0x71,0x0b,0x72,0xb2,0x73,0x40,0x72,0x76,0x5f,0x84,
  0x71,0xe0,0x6f,0xe1,0x6f,0xc5,0x71,0x08,0x6f,0x89,0x70,0x49,0x70,0x95,0x6f,0x1b,
  0x6f,0x98,0x60,0x70,0x3b,0x70,0x80,0x73,0x02,0x6f,0x71,0x6f,0x15,0x62,0x83,0x6f,
  0x57,0x71,0xaa,0x6f,0x25,0x6f,0xe5,0x61,0x84,0x71,0x57,0x6f,0x57,0x71,0x3a,0x6f,
  0x22,0x70,0x55,0x6f,0xe3,0x5f,0x85,0x62,0x70,0xeb,0x70,0xe3,0x72,0xb4,0x6f,0x92,
  0x6f,0x00,0x72,0x7f,0x73,0x22,0x70,0xd7,0x6f,0x1b,0x6f,0x9b,0x5f,0x83,0x71,0x12,
  0x70,0xac,0x72,0x1a,0x73,0x21,0x6f,0x10,0x70,0x8f,0x70,0x95,0x5f,0x84,0x72,0xbb,
  0x6f,0x35,0x71,0x0c,0x71,0x67,0x70,0xb2,0x70,0x49,0x72,0x0e,0x73,0x81,0x6f,0x9b,
  0x60,0x81,0x80,0x71,0xf9,0x70,0x2a,0x72,0x16,0x71,0x75,0x5f,0x80,0x6f,0xd3,0x71,
  0x67,0x70,0xbe,0x6f,0x92,0x6f,0x49,0x72,0xcd,0x6f,0x11,0x72,0x0e,0x70,0x49,0x70,
  0x95,0x6f,0x1b,0x6f,0x98,0x5f,0x80,0x70,0xf2,0x72,0x84,0x6f,0x8a,0x72,0xdb,0x6f,
  0x35,0x60,0x81,0x80,0x6f,0x73,0x6f,0x26,0x70,0x49,0x70,0x95,0x6f,0x1b,0x6f,0x98,
  0x41,0x41,0x41,0x41,0x41,0x41,0x80,0x6f,0x1e,0x72,0xbf,0x6f,0xd3,0x71,0x67,0x73,
  0x21,0x6f,0x50,0x71,0x71,0x70,0x5f,0x73,0x28,0x72,0x0e,0x73,0x40,0x72,0x76,0x5f,
  0x80,0x72,0x20,0x73,0x1c,0x70,0x66,0x72,0x0e,0x6f,0x05,0x72,0x9a,0x60,0x81,0x80,
  0x71,0x1c,0x72,0xcd,0x6f,0x35,0x71,0x57,0x70,0xb4,0x70,0x9c,0x6f,0x01,0x72,0xda,
  0x72,0x77,0x6f,0x11,0x80,0x6f,0x76,0x6f,0x11,0x6f,0x00,0x6f,0x50,0x72,0xda,0x72,
  0x77,0x72,0x0e,0x6f,0xe1,0x6f,0x2e,0x60,0x80,0x70,0xec,0x72,0xbf,0x6f,0x35,0x72,
  0x84,0x6f,0xee,0x72,0xc6,0x6f,0x57,0x71,0x62,0x70,0x46,0x60,0x87,0x40,0x81,0x80,
  0x70,0xeb,0x70,0x2a,0x70,0x2b,0x70,0x27,0x6f,0x04,0x71,0x80,0x6f,0x89,0x6f,0x22,
  0x6f,0x35,0x72,0x0e,0x6f,0x52,0x70,0x42,0x60,0x80,0x6f,0x4f,0x70,0xeb,0x6f,0x3a,
  0x70,0xc2,0x73,0x6a,0x70,0x7e,0x70,0xc1,0x61,0x80,0x70,0x33,0x70,0x37,0x73,0x28,
  0x73,0x65,0x72,0x0e,0x70,0x3f,0x6f,0x75,0x71,0x94,0x70,0x2a,0x71,0x28,0x71,0x1a,
  0x81,0x80,0x6f,0x57,0x6f,0xf7,0x6f,0x71,0x6f,0x15,0x72,0x0e,0x72,0xa7,0x72,0xf6,
  0x61,0x80,0x6f,0x57,0x6f,0x3a,0x6f,0x0d,0x6f,0x10,0x6f,0x06,0x72,0x84,0x6f,0xed,
  0x70,0x2a,0x6f,0x00,0x72,0xeb,0x5f,0x80,0x70,0xeb,0x6f,0x47,0x70,0xfc,0x70,0x3b,
  0x70,0x80,0x73,0x02,0x6f,0x71,0x6f,0x15,0x81,0x80,0x72,0x9d,0x70,0x2a,0x73,0x08,
  0x73,0x28,0x72,0x0e,0x60,0x80,0x6f,0x91,0x71,0x06,0x70,0xc1,0x61,0x6f,0xc5,0x72,
  0xb2,0x73,0x40,0x72,0x76,0x6f,0xe5,0x61,0x81,0x80,0x6f,0x57,0x71,0x53,0x72,0x0c,
  0x6f,0x22,0x6f,0xe3,0x62,0x80,0x59,0x59,0x59,0x59,0x44,0x59,0x71,0x53,0x72,0x0c,
  0x6f,0x22,0x80,0x59,0x59,0x59,0x59,0x59,0x59,0x59,0x6f,0x06,0x70,0x4b,0x71,0x53,
  0x72,0x0c,0x87,0x80,0x70,0x57,0x71,0x7b,0x6f,0x57,0x6f,0x8a,0x72,0xdb,0x6f,0x22,
  0x70,0x8f,0x70,0x95,0x5f,0x83,0x70,0x33,0x70,0x37,0x73,0x28,0x72,0x0e,0x70,0x3f,
  0x6f,0x75,0x70,0xec,0x72,0xbf,0x84,0x70,0x82,0x72,0x84,0x70,0xd5,0x70,0x44,0x72,
  0x2c,0x71,0x5d,0x60,0x81,0x80,0x6f,0x89,0x6f,0xcb,0x5f,0x6f,0xc5,0x70,0x7a,0x70,
  0xfa,0x72,0x5d,0x72,0x42,0x6f,0xe5,0x61,0x70,0x97,0x72,0x1a,0x6f,0x03,0x71,0x7a,
  0x72,0x5d,0x72,0x42,0x6f,0x97,0x70,0xba,0x73,0x0c,0x73,0x14,0x71,0x89,0x71,0x79,
  0x60,0x83,0x70,0x49,0x70,0x95,0x6f,0x1b,0x6f,0x98,0x71,0x94,0x70,0x2a,0x73,0x21,
  0x73,0x28,0x72,0x46,0x72,0x1a,0x6f,0x57,0x60,0x85,0x61,0x73,0x07,0x71,0x57,0x71,
  0x59,0x6f,0x22,0x6f,0x00,0x71,0x96,0x60,0x83,0x6f,0x8e,0x70,0xf2,0x6f,0x00,0x72,
  0x74,0x70,0x3f,0x6f,0x75,0x73,0x45,0x6f,0x22,0x73,0x09,0x71,0x75,0x41,0x41,0x41,
  0x41,0x41,0x41,0x84,0x6f,0x35,0x6f,0x3a,0x70,0xfd,0x72,0xe9,0x6f,0x22,0x70,0x3b,
  0x70,0x80,0x73,0x02,0x6f,0x71,0x6f,0x15,0x5f,0x81,0x80,0x70,0xd4,0x70,0xcd,0x70,
  0x3f,0x6f,0x75,0x6f,0x3a,0x70,0x92,0x72,0x60,0x80,0x70,0xfc,0x70,0x55,0x70,0x97,
  0x6f,0x92,0x6f,0x22,0x70,0x33,0x70,0x37,0x73,0x28,0x80,0x71,0x65,0x73,0x7e,0x70,
  0x42,0x72,0x0e,0x70,0xee,0x73,0x47,0x60,0x81,0x80,0x70,0x3b,0x70,0x80,0x73,0x02,
  0x70,0xbd,0x6f,0xd7,0x72,0x84,0x6f,0x47,0x6f,0xcf,0x70,0xea,0x72,0x2e,0x6f,0xfe,
  0x61,0x80,0x70,0x2a,0x70,0x8f,0x70,0x95,0x70,0x79,0x70,0x55,0x71,0x48,0x71,0xb1,
  0x6f,0x1b,0x6f,0x97,0x5f,0x80,0x72,0xea,0x70,0xc8,0x70,0xfc,0x70,0x55,0x71,0x3a,
  0x6f,0x89,0x71,0x75,0x61,0x81,0x80,0x71,0xa5,0x6f,0x57,0x6f,0x22,0x5f,0x85,0x41,
  0x41,0x41,0x41,0x41,0x41,0x80,0x6f,0x57,0x71,0x57,0x70,0x0a,0x6f,0x00,0x72,0x0e,
  0x70,0x96,0x71,0x6a,0x41,0x41,0x41,0x41,0x41,0x41,0x72,0xd5,0x72,0xd5,0x6f,0x57,
  0x5f,0x85,0x60,0x83,0x70,0xeb,0x71,0x50,0x71,0x67,0x73,0x6c,0x70,0xe3,0x5f,0x84,
  0x6f,0x57,0x70,0x82,0x70,0xc8,0x72,0xea,0x6f,0x92,0x6f,0x22,0x60,0x73,0x63,0x70,
  0x99,0x70,0xe3,0x72,0xd5,0x6f,0x57,0x5f,0x85,0x61,0x83,0x70,0xfc,0x70,0xeb,0x6f,
  0x33,0x70,0x2b,0x71,0xec,0x73,0x28,0x71,0x3a,0x6f,0x22,0x6f,0x89,0x71,0x75,0x61,
  0x84,0x72,0xac,0x6f,0x73,0x71,0x05,0x72,0x0e,0x71,0x51,0x6f,0x5f,0x5f,0x81,0x80,
  0x70,0xeb,0x6f,0xe6,0x70,0x8f,0x70,0x95,0x72,0xcd,0x5f,0x80,0x70,0x42,0x71,0xfd,
  0x70,0x6a,0x70,0xeb,0x73,0x08,0x71,0x65,0x6f,0xe1,0x6f,0x00,0x6f,0x10,0x5f,0x80,
  0x6f,0x01,0x72,0xda,0x72,0x77,0x72,0x0e,0x70,0x7b,0x6f,0xbc,0x70,0x82,0x6f,0x47,
  0x70,0x6a,0x6f,0x70,0x72,0xb6,0x70,0xa8,0x60,0x81,0x80,0x85,0x5f,0x6f,0x57,0x72,
  0x65,0x6f,0x06,0x72,0x84,0x72,0xbb,0x80,0x71,0xbd,0x71,0x07,0x73,0x83,0x73,0x08,
  0x71,0xea,0x72,0x73,0x6f,0x16,0x72,0x0e,0x70,0x49,0x73,0x4e,0x80,0x72,0x9a,0x6f,
  0x6f,0x6f,0x35,0x72,0x0e,0x70,0xf1,0x6f,0x11,0x60,0x81,0x80,0x6f,0x00,0x71,0x4f,
  0x6f,0x35,0x72,0xb6,0x70,0xa8,0x6f,0x22,0x6f,0x01,0x72,0xda,0x72,0x77,0x72,0x0e,
  0x70,0x7b,0x6f,0xbc,0x5f,0x80,0x73,0x08,0x71,0xea,0x70,0x49,0x73,0x4e,0x70,0x82,
  0x6f,0x47,0x72,0xac,0x73,0x22,0x70,0xd7,0x6f,0xe4,0x70,0x1c,0x60,0x80,0x72,0x91,
  0x72,0x17,0x70,0x57,0x71,0x95,0x5f,0x81,0x80,0x71,0xbd,0x71,0x07,0x73,0x83,0x72,
  0x0e,0x6f,0x2e,0x71,0xa1,0x70,0x7d,0x71,0xa4,0x71,0x4d,0x70,0x69,0x70,0x65,0x41,
  0x41,0x41,0x41,0x41,0x41,0x80,0x72,0xce,0x70,0x2a,0x6f,0x00,0x6f,0x8c,0x6f,0xcb,
  0x72,0x00,0x6f,0x1b,0x6f,0x97,0x41,0x41,0x41,0x41,0x41,0x41,0x80,0x72,0xec,0x73,
  0x07,0x71,0x75,0x70,0xbe,0x6f,0xc7,0x5f,0x81,0x80,0x6f,0x57,0x70,0xc2,0x73,0x6a,
  0x70,0xf3,0x72,0xdb,0x6f,0x35,0x5f,0x80,0x73,0x4b,0x71,0x93,0x70,0x8f,0x70,0x95,
  0x71,0x9c,0x71,0xd1,0x71,0xbd,0x71,0x07,0x73,0x83,0x61,0x80,0x70,0xeb,0x72,0x14,
  0x6f,0x5d,0x6f,0x57,0x5f,0x81,0x80,0x6f,0x57,0x6f,0x00,0x70,0x6b,0x6f,0xd7,0x6f,
  0x39,0x61,0x6f,0x00,0x70,0x6b,0x72,0xb0,0x70,0x7e,0x70,0xc1,0x5f,0x83,0x85,0x61,
  0x84,0x70,0xeb,0x72,0x14,0x6f,0x5d,0x6f,0x57,0x6f,0x00,0x70,0x6b,0x6f,0x47,0x70,
  0x9b,0x70,0x69,0x71,0x4d,0x6f,0x25,0x72,0x0e,0x60,0x87,0x86,0x87,0x33,0x71,0x3a,
  0x70,0xeb,0x41,0x41,0x41,0x41,0x41,0x41,0x87,0x01,0x83,0x72,0xce,0x71,0x3a,0x71,
  0x3a,0x70,0xeb,0x41,0x41,0x41,0x41,0x41,0x41,0x84,0x70,0xeb,0x72,0xac,0x6f,0x73,
  0x70,0x2a,0x70,0x33,0x70,0x37,0x72,0x0e,0x70,0x2b,0x71,0xec,0x73,0x28,0x60,0x81,
  0x80,0x70,0xeb,0x72,0x0e,0x6f,0xe0,0x70,0x60,0x71,0x57,0x70,0x3b,0x70,0x80,0x73,
  0x02,0x41,0x41,0x41,0x41,0x41,0x41,0x80,0x73,0x21,0x6f,0x10,0x6f,0xd4,0x73,0x4c,
  0x71,0x84,0x70,0x65,0x72,0x0e,0x70,0x8f,0x70,0x95,0x5f,0x80,0x70,0x79,0x6f,0x76,
  0x6f,0x35,0x72,0x0e,0x70,0x53,0x70,0x64,0x6f,0x3a,0x6f,0x62,0x6f,0x22,0x81,0x80,
  0x73,0x63,0x70,0x99,0x6f,0xd7,0x70,0xcd,0x72,0x0e,0x6f,0x25,0x70,0xd8,0x41,0x41,
  0x41,0x41,0x41,0x41,0x80,0x71,0xf9,0x70,0x2a,0x6f,0xd3,0x6f,0x99,0x6f,0x05,0x70,
  0xeb,0x6f,0x00,0x6f,0x10,0x6f,0x2e,0x6f,0x22,0x41,0x41,0x41,0x41,0x41,0x41,0x81,
  0x80,0x73,0x4c,0x71,0x84,0x70,0x65,0x70,0x92,0x72,0x60,0x71,0x22,0x6f,0x93,0x6f,
  0x22,0x71,0x40,0x70,0xa6,0x80,0x70,0x33,0x70,0x37,0x5f,0x72,0x78,0x6f,0x09,0x6f,
  0x35,0x73,0x07,0x70,0xe0,0x72,0xb6,0x70,0xa8,0x80,0x6f,0x01,0x72,0xda,0x72,0x77,
  0x72,0x0e,0x70,0x7b,0x6f,0xbc,0x41,0x41,0x41,0x41,0x41,0x41,0x81,0x80,0x70,0xeb,
  0x72,0xac,0x6f,0x73,0x70,0x2a,0x70,0x33,0x70,0x37,0x72,0x0e,0x70,0x2b,0x71,0xec,
  0x73,0x28,0x60,0x80,0x72,0xce,0x70,0xc8,0x71,0x75,0x71,0x3a,0x70,0xeb,0x41,0x41,
  0x41,0x41,0x41,0x41,0x87,0x86,0x87,0x33,0x72,0xce,0x70,0xc8,0x71,0x75,0x71,0x3a,
  0x71,0x3a,0x70,0xeb,0x41,0x41,0x41,0x41,0x41,0x41,0x81,0x83,0x70,0xeb,0x72,0xac,
  0x6f,0x73,0x70,0x2a,0x70,0x33,0x70,0x37,0x84,0x72,0x0e,0x70,0x2b,0x71,0xec,0x73,
  0x28,0x60,0x81,0x80,0x70,0x33,0x70,0x37,0x70,0x45,0x71,0x67,0x6f,0x00,0x71,0x74,
  0x80,0x72,0x35,0x70,0x76,0x73,0x15,0x73,0x1c,0x5f,0x6f,0xd7,0x6f,0x39,0x72,0x13,
  0x71,0x21,0x80,0x73,0x15,0x70,0xba,0x70,0x33,0x6f,0x78,0x72,0x0e,0x72,0x90,0x70,
  0x22,0x60,0x71,0xf6,0x70,0xa6,0x6f,0xe1,0x73,0x65,0x71,0x67,0x6f,0x00,0x71,0x74,
  0x72,0x35,0x73,0x1c,0x5f,0x83,0x6f,0xd7,0x6f,0x39,0x73,0x15,0x70,0xba,0x71,0x3b,
  0x70,0x35,0x60,0x84,0x70,0xeb,0x72,0x14,0x6f,0x5d,0x73,0x21,0x73,0x28,0x72,0x0e,
  0x72,0x2c,0x71,0xe7,0x81,0x80,0x6f,0x47,0x70,0x98,0x6f,0xa1,0x70,0xeb,0x6f,0x3a,
  0x72,0x0e,0x60,0x80,0x70,0xeb,0x6f,0x3a,0x70,0xc2,0x73,0x6a,0x70,0xc8,0x71,0xd9,
  0x6f,0x22,0x61,0x73,0x21,0x6f,0x10,0x72,0xad,0x73,0x72,0x71,0x7c,0x71,0x57,0x6f,
  0xd7,0x6f,0x39,0x71,0x23,0x70,0xa8,0x72,0x0e,0x60,0x83,0x6f,0x57,0x71,0x67,0x71,
  0x26,0x71,0xd2,0x6f,0xe3,0x62,0x73,0x28,0x73,0x65,0x73,0x63,0x70,0x99,0x73,0x88,
  0x60,0x84,0x71,0xaa,0x71,0x67,0x71,0x26,0x71,0xd2,0x5f,0x6f,0x2f,0x6f,0x19,0x73,
  0x24,0x72,0x16,0x6f,0x06,0x72,0xb2,0x60,0x81,0x80,0x6f,0x82,0x70,0x43,0x70,0x56,
  0x6f,0x22,0x72,0x0e,0x72,0xc9,0x5f,0x80,0x70,0xeb,0x6f,0x3a,0x70,0x82,0x73,0x09,
  0x6f,0xc5,0x6f,0xe5,0x61,0x80,0x6f,0x92,0x70,0x8c,0x73,0x01,0x70,0x98,0x70,0xeb,
  0x70,0xfc,0x71,0x7c,0x70,0x5f,0x71,0x23,0x70,0xa8,0x61,0x72,0xb0,0x71,0x07,0x6f,
  0xa0,0x73,0x08,0x6f,0x29,0x70,0xa8,0x6f,0x73,0x5f,0x83,0x70,0xf2,0x72,0x84,0x70,
  0xf3,0x70,0xa8,0x73,0x41,0x60,0x84,0x71,0x13,0x6f,0x52,0x5b,0x73,0x3b,0x70,0x9d,
  0x6f,0xdf,0x71,0x51,0x71,0x13,0x71,0x47,0x6f,0xe2,0x73,0x3b,0x4e,0x60,0x71,0x53,
  0x72,0x0c,0x70,0x82,0x70,0x56,0x61,0x72,0xec,0x70,0x8f,0x70,0x95,0x71,0x6d,0x70,
  0x78,0x72,0xb4,0x5f,0x83,0x70,0xeb,0x6f,0x3a,0x73,0x75,0x6f,0x04,0x72,0x31,0x70,
  0xa8,0x61,0x84,0x70,0xeb,0x72,0x20,0x73,0x1c,0x6f,0x00,0x71,0x74,0x72,0x35,0x73,
  0x1c,0x5f,0x81,0x80,0x6f,0x4f,0x72,0xb0,0x6f,0x6a,0x6f,0xc5,0x6f,0x00,0x71,0x8c,
  0x70,0x49,0x6f,0xc0,0x5f,0x81,0x80,0x70,0xeb,0x6f,0x3a,0x70,0xc8,0x72,0xe9,0x6f,
  0xe5,0x61,0x85,0x5f,0x6f,0x34,0x72,0x5e,0x6f,0xe6,0x70,0x56,0x60,0x83,0x70,0x33,
  0x70,0x37,0x73,0x28,0x72,0x0e,0x70,0x3f,0x6f,0x75,0x5f,0x84,0x72,0xac,0x70,0x8f,
  0x70,0x95,0x72,0x0e,0x73,0x81,0x71,0xb1,0x71,0x2f,0x71,0x22,0x6f,0x22,0x60,0x81,
  0x80,0x70,0xeb,0x71,0x06,0x70,0xc1,0x71,0xe7,0x6f,0x2d,0x6f,0xd7,0x72,0x84,0x70,
  0x92,0x72,0x60,0x81,0x80,0x73,0x1f,0x73,0x1a,0x6f,0x22,0x6f,0x06,0x71,0xbb,0x41,
  0x41,0x41,0x41,0x41,0x41,0x80,0x73,0x21,0x6f,0x10,0x70,0x8f,0x70,0x95,0x5f,0x70,
  0x6e,0x70,0x2a,0x70,0x4b,0x71,0x99,0x70,0xc3,0x6f,0x22,0x61,0x80,0x6f,0x35,0x72,
  0x0e,0x6f,0x9b,0x73,0x2b,0x5f,0x70,0x4b,0x70,0xb2,0x70,0x49,0x6f,0x22,0x41,0x41,
  0x41,0x41,0x41,0x41,0x81,0x80,0x41,0x41,0x41,0x41,0x41,0x41,0x41,0x41,0x41,0x81,
  0x80,0x6f,0x57,0x71,0x53,0x72,0x0c,0x6f,0xe3,0x62,0x80,0x59,0x59,0x59,0x59,0x44,
  0x59,0x71,0x53,0x72,0x0c,0x6f,0x22,0x80,0x59,0x59,0x59,0x59,0x59,0x59,0x59,0x6f,
  0x06,0x70,0x4b,0x71,0x53,0x72,0x0c,0x87,0x80,0x6f,0x57,0x70,0xa2,0x72,0xcb,0x71,
  0x13,0x71,0xe1,0x73,0x40,0x72,0x76,0x83,0x70,0x2a,0x70,0x2b,0x70,0x27,0x6f,0x04,
  0x71,0x80,0x72,0xbd,0x72,0x0e,0x84,0x6f,0x50,0x72,0x72,0x73,0x09,0x72,0xa7,0x71,
  0x20,0x72,0x54,0x60,0x81,0x80,0x72,0xb0,0x71,0x57,0x6f,0x06,0x72,0x20,0x73,0x1c,
  0x71,0x21,0x6f,0x05,0x71,0x75,0x6f,0x62,0x6f,0x2f,0x6f,0x19,0x5f,0x80,0x6f,0x57,
  0x6f,0x1e,0x6f,0xd7,0x6f,0x39,0x6f,0xc5,0x73,0x44,0x73,0x44,0x6f,0xb7,0x6f,0xb6,
  0x70,0x95,0x60,0x85,0x5f,0x6f,0x57,0x70,0x4b,0x6f,0x89,0x72,0x8f,0x6f,0x22,0x61,
  0x83,0x71,0x7b,0x71,0xe0,0x5f,0x70,0x2a,0x6f,0x57,0x72,0x0e,0x72,0xf8,0x6f,0x04,
  0x5f,0x84,0x71,0x67,0x6f,0xa6,0x72,0x77,0x72,0x0e,0x6f,0x9b,0x73,0x2b,0x61,0x81,
  0x80,0x71,0xf9,0x70,0x2a,0x6f,0xd3,0x70,0x90,0x70,0x49,0x70,0x95,0x6f,0x1b,0x6f,
  0x98,0x6f,0x22,0x60,0x80,0x6f,0x57,0x6f,0x00,0x70,0x6b,0x6f,0xd7,0x6f,0x39,0x6f,
  0x8a,0x72,0xdb,0x70,0x8f,0x70,0x95,0x72,0x0e,0x61,0x87,0x86,0x87,0x33,0x85,0x61,
  0x71,0x3a,0x6f,0xf6,0x61,0x83,0x72,0xbf,0x70,0x46,0x70,0x3f,0x6f,0x75,0x73,0x45,
  0x73,0x09,0x71,0x3b,0x70,0x35,0x6f,0x22,0x61,0x84,0x70,0x0c,0x70,0x0c,0x70,0x0c,
  0x61,0x81,0x80,0x41,0x41,0x41,0x41,0x41,0x41,0x41,0x41,0x41,0x41,0x41,0x41,0x6f,
  0x79,0x72,0xe9,0x6f,0x86,0x71,0x74,0x6f,0x05,0x71,0xa3,0x73,0x1c,0x5f,0x83,0x70,
  0x82,0x6f,0xd7,0x6f,0x39,0x6f,0x92,0x73,0x02,0x71,0x3b,0x70,0x35,0x6f,0x22,0x61,
  0x84,0x70,0xeb,0x6f,0x3a,0x72,0xb0,0x70,0x7e,0x70,0xc1,0x6f,0x00,0x71,0xd9,0x61,
  0x71,0x3b,0x70,0x35,0x70,0x82,0x70,0x2a,0x73,0x08,0x70,0xf0,0x73,0x41,0x72,0x0e,
  0x6f,0xe1,0x73,0x65,0x60,0x83,0x71,0x07,0x6f,0x05,0x73,0x21,0x73,0x28,0x72,0x0e,
  0x70,0xa8,0x6f,0x73,0x60,0x72,0xd1,0x62,0x70,0x03,0x5f,0x71,0x57,0x6f,0x57,0x6f,
  0xeb,0x5f,0x85,0x61,0x83,0x6f,0x65,0x70,0xeb,0x73,0x08,0x71,0x82,0x72,0x0e,0x72,
  0x76,0x73,0x7b,0x70,0x4e,0x84,0x72,0x84,0x70,0x98,0x6f,0x57,0x6f,0x3a,0x70,0x9c,
  0x72,0xfb,0x6f,0x2e,0x6f,0x62,0x6f,0x2f,0x6f,0x19,0x62,0x81,0x80,0x72,0xd1,0x62,
  0x73,0x40,0x72,0x76,0x62,0x70,0x03,0x41,0x41,0x41,0x41,0x41,0x41,0x72,0x89,0x6f,
  0x33,0x73,0x21,0x6f,0x10,0x80,0x70,0x8f,0x70,0x95,0x6f,0x92,0x70,0x42,0x71,0x19,
  0x71,0x10,0x72,0x2e,0x6f,0xfe,0x6f,0x1b,0x6f,0xe1,0x5f,0x80,0x70,0x82,0x71,0xaa,
  0x72,0xb2,0x73,0x03,0x6f,0x35,0x6f,0x22,0x41,0x41,0x41,0x41,0x41,0x41,0x81,0x80,
  0x6f,0x2f,0x6f,0x19,0x62,0x70,0x49,0x70,0x95,0x6f,0x1b,0x6f,0x98,0x62,0x6f,0xf4,
  0x6f,0xf4,0x5f,0x81,0x80,0x70,0xbd,0x70,0x46,0x6f,0x0b,0x72,0xaf,0x70,0xeb,0x73,
  0x24,0x6f,0x06,0x71,0x57,0x70,0x4b,0x71,0xc1,0x71,0x8b,0x6f,0x22,0x5f,0x80,0x6f,
  0x06,0x73,0x03,0x41,0x41,0x41,0x41,0x41,0x41,0x70,0xbd,0x6f,0x18,0x6f,0x39,0x6f,
  0x97,0x5f,0x73,0x08,0x71,0xea,0x70,0x49,0x73,0x4e,0x6f,0x04,0x83,0x70,0x85,0x6f,
  0x52,0x72,0x1a,0x6f,0xa8,0x6f,0xa4,0x6f,0xa6,0x71,0x3c,0x5f,0x84,0x6f,0x48,0x70,
  0x49,0x72,0x0e,0x71,0xbd,0x6f,0x90,0x6f,0x28,0x6f,0x2e,0x81,0x80,0x6f,0x49,0x72,
  0xcd,0x6f,0x35,0x6f,0x3a,0x70,0x2a,0x73,0x08,0x71,0xea,0x70,0x28,0x70,0x2b,0x6f,
  0x04,0x80,0x70,0x32,0x72,0x9d,0x6f,0x22,0x71,0x4d,0x71,0x3e,0x72,0x0e,0x70,0x50,
  0x71,0xfa,0x70,0xa9,0x70,0x6d,0x5f,0x81,0x80,0x70,0x49,0x70,0x95,0x6f,0x1b,0x6f,
  0x98,0x70,0x82,0x71,0x57,0x6f,0x76,0x6f,0x11,0x6f,0x1b,0x6f,0x00,0x5f,0x80,0x6f,
  0x49,0x72,0xcd,0x73,0x08,0x70,0xfc,0x6f,0x98,0x71,0x57,0x6f,0x08,0x73,0x41,0x73,
  0x19,0x71,0x75,0x80,0x70,0x79,0x6f,0x36,0x73,0x22,0x70,0xd7,0x72,0x0e,0x70,0xb2,
  0x6f,0x9b,0x71,0x97,0x70,0x1b,0x41,0x41,0x41,0x41,0x41,0x41,0x81,0x80,0x71,0x1c,
  0x72,0xcd,0x73,0x08,0x70,0xfc,0x6f,0x98,0x71,0xf9,0x70,0x2a,0x71,0x94,0x70,0x2a,
  0x80,0x71,0x89,0x71,0x79,0x72,0x0e,0x71,0xc0,0x70,0x42,0x71,0xa8,0x72,0x1c,0x72,
  0x1a,0x60,0x81,0x80,0x6f,0xe6,0x71,0x53,0x72,0x0c,0x73,0x08,0x6f,0x10,0x6f,0x49,
  0x72,0xcd,0x6f,0x22,0x6f,0xe3,0x62,0x80,0x59,0x59,0x59,0x59,0x44,0x59,0x71,0x53,
  0x72,0x0c,0x6f,0x22,0x80,0x59,0x59,0x59,0x59,0x59,0x59,0x59,0x6f,0x06,0x70,0x4b,
  0x71,0x53,0x72,0x0c,0x87,0x80,0x70,0xd2,0x6f,0x1b,0x5f,0x6f,0xc5,0x70,0xfa,0x73,
  0x40,0x72,0x76,0x6f,0xe5,0x60,0x83,0x71,0x71,0x70,0x5f,0x73,0x28,0x6f,0xd7,0x72,
  0x84,0x71,0x67,0x6f,0x2e,0x72,0x20,0x73,0x1c,0x84,0x6f,0x35,0x6f,0xc5,0x6f,0x22,
  0x70,0x06,0x73,0x28,0x60,0x81,0x80,0x85,0x41,0x41,0x41,0x41,0x41,0x41,0x81,0x80,
  0x70,0x7e,0x70,0xc1,0x6f,0xeb,0x41,0x41,0x41,0x41,0x41,0x41,0x70,0x1a,0x5f,0x85,
  0x60,0x6f,0x57,0x6f,0xcf,0x6f,0x22,0x61,0x83,0x6f,0x57,0x72,0x16,0x6f,0x04,0x6f,
  0xc5,0x71,0xa2,0x70,0x67,0x6f,0x06,0x6f,0x87,0x41,0x41,0x41,0x41,0x41,0x41,0x84,
  0x72,0xce,0x6f,0x33,0x70,0x8f,0x70,0x95,0x73,0x4c,0x71,0x84,0x70,0x65,0x70,0xf1,
  0x6f,0x11,0x81,0x80,0x71,0x0e,0x71,0x3a,0x73,0x08,0x6f,0x10,0x71,0x71,0x70,0x5f,
  0x6f,0xe5,0x61,0x70,0x18,0x61,0x73,0x08,0x71,0x57,0x85,0x5f,0x73,0x15,0x72,0x6b,
  0x71,0xf1,0x61,0x83,0x6f,0x35,0x70,0x2a,0x73,0x08,0x73,0x28,0x61,0x84,0x70,0x3f,
  0x6f,0x75,0x61,0x70,0xc8,0x71,0x75,0x6f,0x2e,0x70,0x0c,0x61,0x70,0x14,0x41,0x41,
  0x41,0x6f,0x57,0x72,0x5f,0x6f,0x26,0x73,0x5b,0x73,0x89,0x6f,0x03,0x71,0x7a,0x72,
  0x5d,0x72,0x42,0x6f,0x22,0x61,0x83,0x70,0x9a,0x70,0xbe,0x70,0x56,0x61,0x84,0x71,
  0x57,0x71,0x51,0x6f,0x5f,0x6f,0x97,0x70,0xba,0x73,0x0c,0x73,0x14,0x71,0x89,0x71,
  0x79,0x6f,0x22,0x60,0x81,0x80,0x70,0x57,0x71,0x7b,0x6f,0x57,0x71,0x57,0x72,0x17,
  0x71,0x94,0x72,0x0e,0x6f,0xa6,0x72,0x77,0x5f,0x80,0x73,0x21,0x70,0xfc,0x6f,0x98,
  0x6f,0x47,0x72,0xba,0x6f,0x57,0x6f,0x14,0x6f,0x15,0x41,0x41,0x41,0x70,0xeb,0x70,
  0x92,0x72,0x60,0x71,0x57,0x6f,0x10,0x72,0x76,0x70,0x4e,0x70,0x5f,0x6f,0x22,0x60,
  0x83,0x70,0xeb,0x71,0xff,0x72,0x8a,0x71,0x27,0x6f,0x06,0x6f,0x52,0x6f,0x98,0x71,
  0x7d,0x41,0x41,0x41,0x41,0x41,0x41,0x84,0x6f,0x57,0x71,0x57,0x70,0xeb,0x70,0x0a,
  0x6f,0x00,0x72,0x0e,0x70,0x96,0x71,0x6a,0x60,0x71,0xaa,0x73,0x39,0x5f,0x70,0xeb,
  0x70,0x82,0x71,0x57,0x72,0x99,0x70,0x00,0x71,0x45,0x71,0x07,0x71,0x07,0x5f,0x83,
  0x70,0xeb,0x71,0x57,0x6f,0xb8,0x6f,0xb8,0x6f,0x90,0x72,0x33,0x71,0x71,0x72,0x0e,
  0x73,0x40,0x72,0x76,0x5f,0x84,0x6f,0x1e,0x71,0x57,0x6f,0x01,0x72,0xda,0x72,0x77,
  0x72,0x0e,0x6f,0xe1,0x6f,0x2e,0x60,0x81,0x80,0x41,0x41,0x41,0x41,0x41,0x41,0x70,
  0x05,0x62,0x72,0x17,0x72,0x0e,0x62,0x85,0x5f,0x81,0x80,0x71,0xaa,0x70,0xe0,0x6f,
  0x57,0x73,0x08,0x6f,0x19,0x70,0x9c,0x72,0xfb,0x5f,0x70,0x82,0x72,0xb0,0x6f,0xc5,
  0x80,0x70,0x7a,0x70,0xfa,0x71,0x44,0x70,0x58,0x73,0x52,0x73,0x81,0x72,0x0e,0x70,
  0x49,0x70,0x95,0x6f,0x1b,0x6f,0x98,0x60,0x80,0x6f,0x06,0x73,0x03,0x5f,0x70,0x9d,
  0x73,0x63,0x70,0xef,0x71,0x67,0x6f,0x2e,0x81,0x80,0x73,0x24,0x72,0x84,0x71,0x10,
  0x72,0xeb,0x70,0x49,0x70,0x95,0x6f,0x1b,0x6f,0x98,0x60,0x80,0x6f,0x49,0x72,0xcd,
  0x6f,0x11,0x6f,0xd3,0x71,0x67,0x6f,0x8a,0x72,0xdb,0x6f,0x03,0x70,0x49,0x73,0x81,
  0x71,0xed,0x65,0x80,0x72,0x96,0x70,0xbe,0x6f,0x03,0x71,0x7a,0x72,0x5d,0x72,0x42,
  0x72,0x0e,0x6f,0xa6,0x72,0x77,0x5f,0x81,0x80,0x70,0xf2,0x71,0x67,0x72,0xe1,0x71,
  0x84,0x6f,0x58,0x72,0x01,0x70,0x66,0x60,0x81,0x80,0x6f,0x57,0x72,0x17,0x72,0x0e,
  0x70,0x96,0x71,0x6a,0x70,0xbe,0x6f,0x92,0x70,0x66,0x6f,0xe3,0x62,0x80,0x59,0x59,
  0x59,0x59,0x44,0x59,0x71,0x57,0x72,0x0e,0x41,0x41,0x41,0x41,0x41,0x41,0x61,0x80,
  0x59,0x59,0x59,0x59,0x59,0x59,0x59,0x70,0xb4,0x71,0xe0,0x61,0x87,0x80,0x70,0xbd,
  0x70,0x56,0x61,0x6f,0x4f,0x70,0xeb,0x72,0xb0,0x72,0x16,0x72,0x16,0x6f,0x57,0x72,
  0x0e,0x70,0x6e,0x6f,0x9b,0x5f,0x83,0x6f,0x57,0x72,0x84,0x6f,0xc5,0x6f,0x0b,0x73,
  0x23,0x72,0x2c,0x71,0x9b,0x5f,0x84,0x6f,0xcd,0x70,0x1f,0x6f,0xa6,0x71,0xa2,0x72,
  0x5d,0x72,0x42,0x6f,0xe3,0x62,0x81,0x80,0x72,0x91,0x6f,0x57,0x72,0x84,0x70,0x97,
  0x70,0x1f,0x71,0x75,0x5f,0x80,0x70,0xeb,0x6f,0x47,0x6f,0xee,0x72,0xc6,0x6f,0x57,
  0x71,0x62,0x70,0x46,0x6f,0x25,0x70,0xd8,0x60,0x80,0x71,0xf9,0x70,0x2a,0x5f,0x6f,
  0xc5,0x6f,0x0b,0x73,0x23,0x72,0x2c,0x71,0x9b,0x6f,0xe5,0x61,0x70,0xec,0x72,0xbf,
  0x73,0x07,0x71,0x67,0x6f,0x76,0x6f,0x35,0x6f,0x01,0x72,0xda,0x72,0x77,0x72,0x0e,
  0x6f,0xe1,0x6f,0x2e,0x5f,0x83,0x71,0x94,0x73,0x1f,0x6f,0x92,0x70,0x8f,0x70,0x95,
  0x73,0x56,0x6f,0x33,0x72,0x0e,0x73,0x0d,0x71,0x1a,0x5f,0x84,0x85,0x5f,0x6f,0x57,
  0x72,0xb0,0x6f,0xc5,0x70,0xfa,0x6f,0x92,0x6f,0x35,0x6f,0x3a,0x60,0x87,0x86,0x87,
  0x33,0x85,0x5f,0x71,0x57,0x70,0xeb,0x72,0x99,0x70,0x00,0x71,0x45,0x71,0x07,0x71,
  0x07,0x60,0x83,0x70,0xeb,0x71,0x94,0x73,0x15,0x73,0x03,0x70,0xc1,0x71,0xd3,0x70,
  0xe3,0x70,0xa2,0x5f,0x70,0x2a,0x72,0x9f,0x71,0x4d,0x84,0x72,0x0e,0x72,0x3c,0x73,
  0x47,0x6f,0x11,0x6f,0x07,0x6f,0x57,0x70,0x79,0x72,0xc9,0x60,0x81,0x80,0x6f,0x57,
  0x71,0xf9,0x70,0x2a,0x70,0xef,0x70,0x42,0x6f,0x1b,0x70,0x2b,0x5f,0x80,0x6f,0xc4,
  0x71,0x6e,0x71,0x57,0x73,0x87,0x73,0x2c,0x70,0x49,0x73,0x4e,0x5f,0x80,0x6f,0xbf,
  0x70,0x92,0x72,0xac,0x73,0x22,0x70,0xd7,0x6f,0x1b,0x6f,0x9b,0x6f,0x5a,0x72,0xa1,
  0x5f,0x81,0x80,0x70,0x36,0x72,0x9a,0x6f,0x14,0x73,0x88,0x71,0x5e,0x6f,0x0a,0x72,
  0x05,0x60,0x80,0x73,0x21,0x6f,0x10,0x70,0x8f,0x70,0x95,0x70,0x92,0x72,0x60,0x72,
  0xb6,0x70,0xa8,0x6f,0x22,0x80,0x6f,0x01,0x72,0xda,0x72,0x77,0x72,0x0e,0x70,0x7b,
  0x6f,0xbc,0x5f,0x81,0x80,0x70,0x9d,0x70,0x2a,0x71,0xbd,0x71,0x07,0x73,0x83,0x70,
  0x33,0x6f,0x6f,0x6f,0xd0,0x70,0x42,0x70,0xf3,0x70,0xa8,0x80,0x6f,0x22,0x73,0x0b,
  0x71,0x21,0x6f,0x0d,0x6f,0x10,0x6f,0x0a,0x72,0x05,0x72,0x0e,0x73,0x15,0x73,0x1c,
  0x60,0x80,0x6f,0x14,0x6f,0x22,0x71,0x0e,0x71,0x3a,0x73,0x08,0x6f,0xb2,0x6f,0x10,
  0x6f,0x0a,0x72,0x05,0x5f,0x81,0x80,0x6f,0x6b,0x71,0x53,0x6f,0x0a,0x72,0x05,0x5f,
  0x6f,0x57,0x70,0xc2,0x73,0x6a,0x70,0x4f,0x70,0x1f,0x80,0x73,0x87,0x73,0x2c,0x6f,
  0x1b,0x6f,0x9b,0x60,0x6f,0xdf,0x71,0x51,0x5f,0x6f,0x57,0x70,0xc2,0x73,0x6a,0x80,
  0x72,0xb6,0x71,0x3a,0x72,0xac,0x73,0x4c,0x71,0x84,0x70,0x65,0x72,0x01,0x73,0x81,
  0x71,0xb1,0x81,0x80,0x73,0x0f,0x6f,0x6f,0x73,0x88,0x71,0x5e,0x6f,0x0a,0x72,0x05,
  0x72,0x0e,0x6f,0x01,0x6f,0x50,0x70,0x7f,0x70,0x53,0x60,0x80,0x70,0x55,0x6f,0x3a,
  0x71,0x57,0x6f,0x01,0x72,0xda,0x72,0x77,0x72,0x0e,0x6f,0xe1,0x72,0xae,0x5f,0x80,
  0x70,0x55,0x6f,0x3a,0x72,0x0e,0x6f,0x9b,0x73,0x2b,0x5f,0x70,0x7d,0x6f,0x47,0x70,
  0xea,0x6f,0x14,0x81,0x80,0x6f,0x57,0x72,0x0e,0x73,0x29,0x72,0xb0,0x6f,0xa1,0x6f,
  0x9b,0x60,0x6f,0x4f,0x70,0x55,0x6f,0x3a,0x70,0x57,0x6f,0x32,0x80,0x72,0xac,0x70,
  0x1d,0x72,0x2f,0x70,0x2a,0x71,0x70,0x6f,0x73,0x73,0x29,0x73,0x29,0x65,0x80,0x73,
  0x81,0x71,0xed,0x71,0x8e,0x72,0xa7,0x72,0x0e,0x73,0x57,0x72,0x35,0x73,0x0c,0x70,
  0x72,0x60,0x81,0x80,0x71,0xf9,0x70,0x2a,0x5f,0x6f,0x97,0x70,0xba,0x71,0x5e,0x6f,
  0x1b,0x72,0x2c,0x71,0x9b,0x6f,0xe5,0x61,0x80,0x6f,0x57,0x71,0x57,0x70,0xeb,0x6f,
  0x3a,0x71,0x65,0x6f,0xe1,0x72,0x0e,0x70,0x96,0x71,0x6a,0x41,0x41,0x41,0x41,0x41,
  0x41,0x80,0x6f,0xaf,0x6f,0x02,0x6f,0x06,0x72,0xb0,0x72,0xbb,0x70,0xeb,0x6f,0x3a,
  0x73,0x08,0x6f,0x29,0x81,0x80,0x72,0x76,0x6f,0x2e,0x70,0x4d,0x71,0x6a,0x41,0x41,
  0x41,0x41,0x41,0x41,0x71,0x0b,0x70,0xf5,0x6f,0x57,0x6f,0x22,0x61,0x87,0x86,0x87,
  0x33,0x6f,0x06,0x73,0x03,0x5f,0x6f,0x57,0x71,0xf9,0x70,0x2a,0x72,0x0e,0x71,0x82,
  0x70,0x5f,0x83,0x70,0xd4,0x70,0xcd,0x6f,0x2f,0x6f,0x19,0x6f,0x1e,0x6f,0x62,0x6f,
  0x06,0x6f,0x22,0x41,0x41,0x41,0x41,0x41,0x41,0x84,0x6f,0xc5,0x71,0xbd,0x70,0x93,
  0x71,0x07,0x70,0x88,0x72,0x0e,0x70,0x39,0x6f,0x04,0x81,0x80,0x70,0x7a,0x70,0xfa,
  0x71,0x66,0x6f,0x1b,0x71,0xfa,0x71,0xfb,0x6f,0xe5,0x60,0x80,0x70,0x66,0x72,0x84,
  0x70,0x48,0x71,0x04,0x70,0xbf,0x73,0x88,0x71,0x5e,0x6f,0x0a,0x72,0x05,0x72,0x0e,
  0x80,0x73,0x22,0x70,0xd7,0x6f,0x1b,0x6f,0x9b,0x5f,0x72,0xbb,0x6f,0x57,0x6f,0x5c,
  0x71,0x11,0x81,0x80,0x6f,0xc4,0x71,0x6e,0x72,0x0e,0x70,0xb5,0x70,0xcb,0x60,0x71,
  0xbd,0x6f,0x90,0x6f,0x28,0x71,0xc5,0x6f,0x0b,0x73,0x01,0x72,0x0e,0x71,0xb8,0x72,
  0x3a,0x73,0x28,0x83,0x72,0x9d,0x72,0x1a,0x6f,0x00,0x6f,0x3b,0x71,0x67,0x72,0x01,
  0x72,0x0e,0x70,0x6d,0x71,0xed,0x5f,0x84,0x6f,0xc5,0x70,0xfa,0x70,0xfa,0x72,0x16,
  0x6f,0xe5,0x61,0x70,0x05,0x62,0x6f,0x57,0x71,0x10,0x6f,0x92,0x6f,0xa6,0x71,0xa2,
  0x72,0x5d,0x72,0x42,0x6f,0x22,0x61,0x83,0x70,0xbd,0x70,0x56,0x5f,0x70,0xeb,0x6f,
  0xee,0x72,0xc6,0x6f,0x57,0x84,0x71,0x62,0x70,0x46,0x72,0x0e,0x6f,0x49,0x72,0xcd,
  0x41,0x41,0x41,0x41,0x41,0x41,0x81,0x80,0x6f,0x86,0x6f,0x37,0x6f,0x39,0x6f,0x97,
  0x5f,0x71,0x67,0x6f,0x00,0x71,0x32,0x73,0x78,0x6f,0xa6,0x70,0x0f,0x70,0xed,0x80,
  0x72,0x0e,0x71,0xbd,0x71,0x07,0x73,0x83,0x73,0x79,0x70,0x3f,0x70,0x21,0x60,0x80,
  0x6f,0x35,0x6f,0x3a,0x6f,0x5c,0x6f,0xbb,0x72,0x1a,0x71,0xbd,0x71,0x07,0x73,0x83,
  0x71,0xf6,0x70,0x26,0x5f,0x81,0x80,0x6f,0xdf,0x71,0x51,0x6f,0x1e,0x70,0x68,0x71,
  0x01,0x72,0x1a,0x6f,0xa6,0x71,0xa2,0x72,0x5d,0x72,0x42,0x60,0x80,0x6f,0x35,0x6f,
  0x3a,0x72,0xcd,0x73,0x03,0x5f,0x71,0x4d,0x72,0xc0,0x6f,0x54,0x71,0x51,0x5f,0x80,
  0x70,0xb4,0x71,0xf6,0x70,0x71,0x70,0x74,0x71,0x4c,0x73,0x1a,0x6f,0x92,0x71,0xd5,
  0x73,0x59,0x5f,0x81,0x80,0x6f,0x00,0x6f,0x10,0x71,0x0c,0x71,0x67,0x71,0xbd,0x71,
  0x07,0x73,0x83,0x73,0x79,0x70,0x3f,0x80,0x6f,0xb3,0x72,0xdd,0x72,0xa6,0x72,0x66,
  0x72,0x0e,0x72,0x92,0x73,0x5a,0x80,0x70,0x7d,0x6f,0x47,0x72,0xca,0x72,0x00,0x41,
  0x41,0x41,0x41,0x41,0x41,0x81,0x80,0x6f,0x06,0x70,0x9e,0x72,0x0e,0x71,0x57,0x5f,
  0x80,0x6f,0x01,0x72,0xda,0x72,0x77,0x71,0x48,0x71,0xb1,0x70,0x7b,0x6f,0xbc,0x71,
  0x51,0x5f,0x80,0x6f,0x14,0x6f,0x22,0x6f,0x5c,0x71,0x01,0x71,0xbd,0x71,0x07,0x73,
  0x83,0x73,0x79,0x70,0x3f,0x81,0x80,0x6f,0x06,0x6f,0xce,0x70,0xd7,0x73,0x81,0x72,
  0x0e,0x6f,0x4a,0x70,0x73,0x5f,0x80,0x70,0x49,0x73,0x23,0x6f,0x8b,0x72,0x0e,0x73,
  0x79,0x70,0x3f,0x73,0x24,0x71,0xf0,0x71,0xee,0x6f,0x22,0x5f,0x80,0x70,0x20,0x71,
  0x95,0x6f,0x06,0x6f,0x47,0x71,0x67,0x72,0x92,0x73,0x5a,0x72,0xca,0x72,0x00,0x6f,
  0x22,0x41,0x41,0x41,0x41,0x41,0x41,0x81,0x80,0x6f,0x4f,0x71,0x57,0x5f,0x72,0x1e,
  0x61,0x70,0xeb,0x72,0x14,0x6f,0x5d,0x5f,0x80,0x6f,0x57,0x71,0x57,0x70,0xeb,0x6f,
  0x3a,0x72,0x0e,0x72,0x92,0x73,0x5a,0x5f,0x85,0x61,0x80,0x6f,0xc5,0x73,0x5b,0x73,
  0x89,0x6f,0x99,0x6f,0x05,0x72,0x0e,0x72,0x5d,0x72,0x42,0x6f,0xe5,0x60,0x81,0x80,
  0x70,0x97,0x6f,0x04,0x73,0x08,0x6f,0x10,0x5f,0x73,0x08,0x71,0x57,0x72,0xda,0x72,
  0x77,0x6f,0x3a,0x80,0x6f,0x00,0x6f,0x37,0x6f,0x00,0x6f,0x37,0x6f,0x49,0x6f,0x05,
  0x71,0x75,0x72,0x0e,0x60,0x70,0xeb,0x70,0x82,0x71,0x57,0x72,0x99,0x70,0x00,0x71,
  0x45,0x71,0x07,0x71,0x07,0x5f,0x83,0x73,0x08,0x6f,0x10,0x71,0x71,0x70,0x5f,0x72,
  0x0e,0x73,0x40,0x72,0x76,0x5f,0x84,0x6f,0x1e,0x71,0x57,0x6f,0x01,0x72,0xda,0x72,
  0x77,0x72,0x0e,0x6f,0xe1,0x6f,0x2e,0x60,0x81,0x80,0x41,0x41,0x41,0x41,0x41,0x41,
  0x6f,0xc4,0x71,0x75,0x70,0x57,0x71,0x95,0x5f,0x80,0x85,0x5f,0x6f,0x65,0x6f,0x57,
  0x73,0x08,0x72,0x8c,0x70,0x9c,0x72,0xfb,0x72,0x0e,0x6f,0x2e,0x5f,0x80,0x72,0x41,
  0x70,0x2a,0x70,0x7a,0x70,0xfa,0x70,0x49,0x70,0x95,0x6f,0x1b,0x6f,0x98,0x5f,0x81,
  0x80,0x70,0x6e,0x70,0x2a,0x71,0x57,0x6f,0x38,0x70,0xeb,0x70,0xe1,0x70,0x45,0x60,
  0x80,0x71,0x95,0x6f,0x98,0x70,0x9d,0x73,0x63,0x6f,0x2e,0x6f,0x2e,0x73,0x24,0x6f,
  0xd7,0x73,0x77,0x73,0x76,0x60,0x80,0x6f,0x49,0x72,0xcd,0x6f,0xd3,0x71,0x67,0x70,
  0xf3,0x72,0xdb,0x6f,0x03,0x70,0x49,0x73,0x81,0x71,0xed,0x65,0x81,0x80,0x72,0x96,
  0x70,0xbe,0x6f,0x03,0x71,0x7a,0x72,0x5d,0x72,0x42,0x72,0x0e,0x6f,0xa6,0x72,0x77,
  0x5f,0x80,0x70,0xf2,0x72,0x84,0x70,0xea,0x6f,0x14,0x70,0x66,0x72,0x0e,0x6f,0x15,
  0x6f,0x2e,0x60,0x80,0x70,0x0c,0x5f,0x6f,0x57,0x70,0x92,0x72,0x60,0x72,0x96,0x70,
  0xbe,0x6f,0x22,0x6f,0xa6,0x71,0xa2,0x72,0x5d,0x72,0x42,0x60,0x81,0x80,0x73,0x21,
  0x70,0x56,0x5f,0x72,0x64,0x6f,0x57,0x72,0xbe,0x6f,0x10,0x71,0x37,0x6f,0x25,0x60,
  0x80,0x70,0xbd,0x6f,0x18,0x6f,0x39,0x6f,0x97,0x5f,0x71,0x67,0x6f,0x00,0x71,0x32,
  0x73,0x79,0x70,0x3f,0x73,0x23,0x71,0x4c,0x5f,0x80,0x6f,0x0a,0x6f,0x37,0x70,0x68,
  0x71,0x01,0x72,0x1a,0x71,0xbd,0x71,0x07,0x73,0x83,0x71,0xf6,0x71,0x4c,0x60,0x81,
  0x80,0x73,0x08,0x6f,0x10,0x71,0xa0,0x71,0x4c,0x72,0xac,0x72,0x36,0x6f,0x14,0x73,
  0x79,0x70,0x3f,0x6f,0x00,0x71,0x4c,0x5f,0x80,0x6f,0xdf,0x71,0x51,0x6f,0x1e,0x71,
  0x57,0x6f,0xa6,0x71,0xa2,0x72,0x5d,0x72,0x42,0x72,0x0e,0x70,0x68,0x71,0x01,0x72,
  0x77,0x60,0x80,0x70,0x2a,0x6f,0x01,0x72,0xda,0x72,0x77,0x71,0x48,0x71,0xb1,0x70,
  0x7b,0x6f,0xbc,0x71,0x51,0x5f,0x81,0x80,0x6f,0x35,0x6f,0x3a,0x70,0x49,0x70,0x46,
  0x70,0x2a,0x6f,0x07,0x70,0xd7,0x73,0x81,0x72,0x0e,0x71,0xce,0x70,0xed,0x6f,0x11,
  0x80,0x70,0x40,0x71,0xdb,0x71,0xf0,0x71,0xee,0x60,0x80,0x6f,0x4f,0x6f,0x49,0x72,
  0xcd,0x6f,0x11,0x5f,0x6f,0x00,0x70,0x6b,0x71,0x67,0x6f,0x00,0x6f,0x50,0x6f,0xa6,
  0x72,0x77,0x81,0x80,0x6f,0x47,0x6f,0x33,0x73,0x79,0x70,0x3f,0x73,0x23,0x71,0x4c,
  0x72,0x0e,0x6f,0xe1,0x6f,0x37,0x6f,0x11,0x80,0x6f,0x89,0x72,0x00,0x60,0x80,0x41,
  0x41,0x41,0x41,0x41,0x41,0x70,0xeb,0x71,0x53,0x72,0x0c,0x6f,0x22,0x60,0x81,0x80,
  0x6f,0x57,0x72,0x80,0x70,0x6b,0x70,0x82,0x71,0x57,0x73,0x21,0x6f,0x50,0x6f,0xa6,
  0x72,0x77,0x5f,0x80,0x6f,0xc5,0x73,0x5b,0x73,0x89,0x6f,0x99,0x6f,0x05,0x72,0x0e,
  0x72,0x5d,0x72,0x42,0x6f,0xe5,0x5f,0x80,0x73,0x07,0x71,0x67,0x5f,0x71,0x33,0x6f,
  0x05,0x73,0x08,0x6f,0x10,0x60,0x81,0x80,0x73,0x08,0x71,0x57,0x70,0xeb,0x70,0x74,
  0x6f,0x0a,0x6f,0x37,0x72,0x14,0x6f,0x49,0x72,0x0e,0x70,0x6d,0x71,0xed,0x60,0x70,
  0xfa,0x6f,0x92,0x6f,0x01,0x72,0xda,0x72,0x77,0x6f,0xe1,0x6f,0x2e,0x72,0x0e,0x5f,
  0x83,0x72,0xe3,0x72,0xe4,0x35,0x34,0x34,0x6f,0xb9,0x71,0x9e,0x60,0x84,0x40,0x40,
  0x70,0x26,0x71,0xf6,0x59,0x59,0x59,0x4a,0x4b,0x59,0x59,0x73,0x15,0x72,0x6b,0x6f,
  0x38,0x61,0x83,0x71,0x95,0x6f,0x2e,0x85,0x71,0x57,0x72,0x61,0x71,0x7c,0x84,0x70,
  0x3b,0x70,0x80,0x73,0x02,0x6f,0x71,0x6f,0x15,0x72,0x0e,0x71,0xf1,0x6f,0x2e,0x60,
  0x81,0x80,0x72,0xb2,0x6f,0x92,0x6f,0x35,0x70,0x82,0x73,0x75,0x6f,0x04,0x6f,0xd4,
  0x70,0x3f,0x6f,0x75,0x71,0x75,0x61,0x6f,0xbd,0x73,0x53,0x61,0x83,0x71,0xaa,0x71,
  0x67,0x70,0x26,0x71,0xf6,0x72,0x0e,0x6f,0xf6,0x6f,0x38,0x5f,0x84,0x72,0x2f,0x71,
  0x93,0x71,0x30,0x72,0x0b,0x71,0x98,0x6f,0x2a,0x6f,0x1b,0x70,0x88,0x61,0x73,0x08,
  0x71,0x74,0x72,0xf4,0x73,0x15,0x70,0xba,0x83,0x59,0x59,0x59,0x59,0x59,0x59,0x4d,
  0x59,0x73,0x0c,0x73,0x14,0x71,0x89,0x71,0x79,0x6f,0x97,0x71,0x47,0x6f,0xbd,0x73,
  0x53,0x61,0x83,0x70,0xb4,0x70,0xc1,0x71,0xc0,0x71,0xa3,0x6f,0xf7,0x6f,0xb4,0x71,
  0x07,0x61,0x71,0x90,0x73,0x04,0x6f,0x6b,0x6f,0x13,0x72,0x94,0x71,0xa3,0x70,0xa4,
  0x5f,0x83,0x70,0xe4,0x71,0x6a,0x71,0xcf,0x70,0x93,0x70,0x82,0x70,0x2a,0x6f,0x97,
  0x73,0x65,0x60,0x73,0x08,0x6f,0x10,0x71,0xb8,0x72,0x3a,0x73,0x15,0x70,0xba,0x83,
  0x6f,0xb8,0x6f,0xb8,0x6f,0x90,0x72,0x33,0x71,0x71,0x60,0x73,0x08,0x71,0x74,0x72,
  0xf4,0x73,0x15,0x70,0xba,0x83,0x59,0x59,0x59,0x59,0x59,0x59,0x4e,0x59,0x71,0xbd,
  0x6f,0x90,0x6f,0x28,0x71,0xc5,0x84,0x59,0x59,0x59,0x59,0x59,0x59,0x4e,0x59,0x70,
  0x0b,0x70,0xa4,0x73,0x08,0x71,0x74,0x72,0xf4,0x73,0x15,0x70,0xba,0x83,0x59,0x59,
  0x59,0x59,0x59,0x59,0x4f,0x59,0x6f,0xb8,0x6f,0xb8,0x6f,0x90,0x72,0x33,0x71,0x71,
  0x73,0x08,0x71,0x74,0x72,0xf4,0x73,0x15,0x70,0xba,0x83,0x59,0x59,0x59,0x59,0x59,
  0x59,0x59,0x4f,0x59,0x72,0x2c,0x72,0x35,0x71,0xa9,0x71,0xca,0x73,0x08,0x71,0x74,
  0x72,0xf4,0x73,0x15,0x70,0xba,0x83,0x59,0x59,0x59,0x59,0x59,0x59,0x4d,0x59,0x72,
  0x94,0x71,0xa3,0x70,0xa4,0x84,0x59,0x59,0x59,0x59,0x59,0x59,0x50,0x59,0x70,0xe4,
  0x71,0x6a,0x71,0xcf,0x70,0x93,0x73,0x08,0x71,0x74,0x72,0xf4,0x73,0x15,0x70,0xba,
  0x83,0x59,0x59,0x59,0x59,0x59,0x59,0x50,0x59,0x6f,0x0b,0x73,0x23,0x72,0x2c,0x71,
  0x9b,0x84,0x59,0x59,0x59,0x59,0x59,0x59,0x4f,0x59,0x71,0xbd,0x71,0x07,0x73,0x83,
  0x70,0x33,0x70,0x37,0x71,0xbd,0x6f,0x90,0x6f,0x28,0x71,0xc5,0x70,0xeb,0x6f,0xd3,
  0x71,0x57,0x6f,0x00,0x6f,0x10,0x71,0x5b,0x73,0x15,0x6f,0x2e,0x60,0x83,0x6f,0x06,
  0x72,0xb0,0x6f,0xf7,0x70,0xeb,0x72,0xcd,0x72,0xc9,0x60,0x84,0x72,0x2f,0x71,0x93,
  0x72,0x37,0x6f,0xa0,0x6f,0xee,0x72,0x29,0x71,0xeb,0x60,0x59,0x59,0x59,0x59,0x6f,
  0x42,0x71,0x6c,0x70,0x8b,0x6f,0x1b,0x70,0x74,0x83,0x59,0x59,0x59,0x59,0x00,0x6f,
  0x56,0x5f,0x01,0x6f,0x56,0x6f,0xf7,0x10,0x6f,0x56,0x72,0x0e,0x70,0xee,0x70,0x5f,
  0x73,0x08,0x71,0x74,0x72,0xf4,0x73,0x15,0x70,0xba,0x83,0x59,0x59,0x59,0x59,0x59,
  0x59,0x4e,0x59,0x6f,0xb8,0x6f,0xb8,0x6f,0x90,0x72,0x33,0x71,0x71,0x6f,0xfa,0x70,
  0x16,0x6f,0xfa,0x70,0x16,0x41,0x41,0x41,0x41,0x41,0x41,0x83,0x71,0x94,0x70,0x2a,
  0x6f,0x14,0x6f,0x57,0x71,0xe3,0x6f,0x93,0x5f,0x84,0x72,0x9e,0x72,0x98,0x72,0x94,
  0x71,0xa3,0x41,0x41,0x41,0x41,0x41,0x41,0x70,0x18,0x70,0x18,0x41,0x41,0x41,0x41,
  0x41,0x41,0x83,0x72,0xd5,0x72,0xd5,0x6f,0x57,0x70,0x0c,0x5f,0x70,0x9c,0x72,0xfb,
  0x6f,0x2e,0x41,0x41,0x41,0x84,0x71,0x59,0x6f,0x00,0x71,0xd9,0x71,0x75,0x70,0xa4,
  0x73,0x28,0x5f,0x81,0x80,0x71,0x67,0x70,0x56,0x6f,0x0b,0x72,0xaf,0x72,0x64,0x6f,
  0x57,0x41,0x41,0x41,0x41,0x41,0x41,0x70,0x18,0x70,0x18,0x41,0x41,0x41,0x70,0x14,
  0x41,0x41,0x41,0x41,0x41,0x41,0x71,0xda,0x71,0xa3,0x71,0x7b,0x72,0x0e,0x6f,0xf3,
  0x73,0x1c,0x41,0x41,0x41,0x41,0x41,0x41,0x83,0x70,0x57,0x71,0x7b,0x6f,0x57,0x70,
  0xfc,0x72,0x9e,0x72,0x98,0x72,0x64,0x70,0xeb,0x5f,0x84,0x70,0xeb,0x72,0x0e,0x73,
  0x26,0x73,0x19,0x70,0x82,0x6f,0xd7,0x6f,0x39,0x70,0x6a,0x70,0xea,0x6f,0x22,0x60,
  0x81,0x80,0x70,0x18,0x70,0x18,0x41,0x41,0x41,0x70,0xe0,0x6f,0x20,0x72,0x94,0x71,
  0xa3,0x72,0x0e,0x72,0xc9,0x5f,0x83,0x6f,0x57,0x72,0xb0,0x71,0x67,0x71,0xfe,0x70,
  0x5f,0x71,0x75,0x72,0xad,0x41,0x41,0x41,0x84,0x70,0x18,0x70,0x18,0x70,0x18,0x61,
  0x81,0x80,0x71,0x75,0x5f,0x6f,0x6d,0x72,0xde,0x70,0x81,0x6f,0x00,0x6f,0xd0,0x80,
  0x72,0x56,0x72,0x8f,0x72,0x94,0x71,0xa3,0x6f,0xe5,0x60,0x70,0x18,0x70,0x18,0x70,
  0x18,0x61,0x72,0x56,0x72,0x8f,0x72,0x0e,0x71,0x57,0x72,0x00,0x6f,0xf6,0x72,0x94,
  0x71,0xa3,0x5f,0x83,0x72,0x6a,0x72,0x8f,0x72,0x0e,0x71,0x57,0x73,0x81,0x6f,0x9b,
  0x72,0x94,0x71,0xa3,0x5f,0x84,0x72,0x9c,0x72,0x8f,0x72,0x0e,0x6f,0x0d,0x72,0x32,
  0x71,0x38,0x71,0x7b,0x73,0x24,0x71,0x67,0x60,0x81,0x80,0x70,0x81,0x70,0x81,0x70,
  0xeb,0x6f,0x3a,0x72,0x0e,0x72,0x56,0x72,0x8f,0x72,0x94,0x71,0xa3,0x6f,0xe5,0x41,
  0x41,0x41,0x41,0x41,0x41,0x80,0x70,0x18,0x70,0x18,0x61,0x71,0xaa,0x71,0x67,0x72,
  0x3c,0x71,0xfe,0x70,0x5f,0x72,0x0e,0x72,0xc9,0x5f,0x83,0x6f,0xd7,0x6f,0x20,0x6f,
  0x06,0x6f,0x22,0x72,0x94,0x71,0xa3,0x70,0x05,0x60,0x84,0x70,0x18,0x70,0x18,0x70,
  0x18,0x61,0x6f,0x06,0x72,0xa7,0x6f,0x06,0x72,0xa7,0x41,0x41,0x41,0x41,0x41,0x41,
  0x83,0x6f,0x57,0x72,0x0e,0x71,0xfe,0x70,0x5f,0x73,0x24,0x71,0xc8,0x6f,0x22,0x5f,
  0x84,0x72,0xad,0x6f,0x06,0x6f,0x05,0x6f,0x22,0x60,0x70,0x18,0x70,0x18,0x70,0x18,
  0x61,0x6f,0x57,0x70,0xbe,0x6f,0x92,0x6f,0x22,0x71,0x26,0x71,0xd2,0x61,0x83,0x71,
  0x13,0x5e,0x73,0x3b,0x6f,0xd7,0x6f,0x39,0x71,0xd9,0x71,0xe4,0x71,0xd0,0x71,0xd6,
  0x5f,0x84,0x6f,0xd7,0x6f,0x39,0x70,0x2a,0x73,0x88,0x71,0x5e,0x6f,0x11,0x71,0xe1,
  0x71,0x53,0x60,0x6f,0x57,0x70,0xbe,0x6f,0x92,0x6f,0x22,0x70,0x1f,0x71,0x4b,0x73,
  0x3e,0x61,0x83,0x71,0x13,0x12,0x2d,0x1a,0x2b,0x2d,0x73,0x3b,0x73,0x11,0x71,0x0d,
  0x5f,0x84,0x6f,0x5b,0x6f,0xd7,0x6f,0x39,0x70,0xfe,0x71,0x25,0x6f,0x58,0x72,0x01,
  0x61,0x6f,0x57,0x6f,0xcb,0x71,0xf9,0x6f,0x22,0x70,0xab,0x61,0x83,0x71,0xf9,0x70,
  0x2a,0x6f,0x57,0x72,0x84,0x70,0x7c,0x72,0x4b,0x6f,0x22,0x61,0x84,0x67,0x70,0x2a,
  0x72,0x4b,0x72,0x01,0x70,0x6a,0x6f,0x1b,0x6f,0x97,0x41,0x41,0x41,0x41,0x41,0x41,
  0x68,0x6f,0x57,0x6f,0x60,0x6f,0x92,0x6f,0x22,0x73,0x31,0x73,0x34,0x61,0x83,0x70,
  0x2a,0x6f,0xd7,0x72,0x07,0x72,0x0e,0x70,0x2b,0x71,0x47,0x71,0x15,0x6f,0x00,0x71,
  0x15,0x6f,0xe5,0x60,0x84,0x72,0xb0,0x70,0xa8,0x70,0x5c,0x71,0x15,0x71,0x1f,0x6f,
  0xe3,0x62,0x73,0x08,0x71,0x57,0x73,0x81,0x71,0xb1,0x71,0x42,0x72,0x4d,0x61,0x83,
  0x72,0x3d,0x6f,0x04,0x70,0x82,0x72,0x84,0x73,0x57,0x6f,0xad,0x72,0xa7,0x72,0xf6,
  0x5f,0x84,0x6f,0x06,0x73,0x03,0x72,0xb0,0x71,0xb3,0x70,0xe1,0x73,0x81,0x6f,0x9b,
  0x71,0xbe,0x72,0x7a,0x61,0x73,0x08,0x71,0x57,0x73,0x81,0x71,0xb1,0x72,0x50,0x61,
  0x83,0x72,0xc7,0x72,0x1a,0x71,0xb7,0x70,0x2a,0x71,0x39,0x6f,0x2e,0x84,0x6f,0xf7,
  0x6f,0xdc,0x72,0x32,0x6f,0x0b,0x72,0xaf,0x6f,0x04,0x72,0x16,0x72,0x16,0x61,0x6f,
  0x57,0x6f,0x20,0x6f,0x92,0x6f,0x22,0x6f,0xb4,0x71,0x07,0x72,0x86,0x72,0xf7,0x61,
  0x83,0x6f,0x57,0x6f,0xd7,0x6f,0x39,0x70,0x2a,0x71,0xc0,0x71,0xa3,0x6f,0xac,0x71,
  0xc4,0x71,0xb5,0x6f,0x22,0x61,0x6f,0x57,0x72,0x96,0x70,0xbe,0x6f,0x22,0x6f,0x9b,
  0x73,0x2b,0x70,0xf1,0x70,0x52,0x61,0x83,0x6f,0x57,0x72,0x0e,0x6f,0xc9,0x70,0xf1,
  0x6f,0x69,0x71,0xc8,0x6f,0x22,0x6f,0x9b,0x73,0x2b,0x61,0x84,0x6f,0xd7,0x6f,0x39,
  0x71,0x2a,0x72,0xeb,0x72,0x21,0x70,0x4e,0x6f,0x22,0x61,0x6f,0x57,0x72,0x96,0x70,
  0xbe,0x6f,0x22,0x6f,0xa6,0x71,0xa2,0x72,0x5d,0x72,0x42,0x61,0x83,0x71,0x10,0x72,
  0x64,0x73,0x40,0x72,0x76,0x72,0x99,0x70,0x00,0x71,0x45,0x71,0x07,0x71,0x07,0x72,
  0x16,0x72,0x16,0x6f,0xe5,0x61,0x84,0x73,0x07,0x6f,0x99,0x6f,0x05,0x6f,0x0d,0x71,
  0x7a,0x72,0x5d,0x72,0x42,0x61,0x6f,0x57,0x72,0x96,0x70,0xbe,0x6f,0x22,0x6f,0x9b,
  0x73,0x2b,0x72,0x5d,0x72,0x42,0x61,0x83,0x72,0x31,0x73,0x5b,0x73,0x89,0x6f,0x03,
  0x71,0x7a,0x72,0x5d,0x72,0x42,0x72,0x0e,0x84,0x72,0x12,0x71,0x80,0x6f,0x06,0x73,
  0x0a,0x6f,0x22,0x61,0x81,0x80,0x6f,0xc5,0x70,0xfa,0x71,0x65,0x6f,0xe1,0x6f,0x00,
  0x71,0x7a,0x72,0x5d,0x72,0x42,0x6f,0xe5,0x61,0x6f,0x57,0x72,0x96,0x70,0xbe,0x6f,
  0x22,0x71,0x5d,0x70,0xe6,0x72,0x5d,0x72,0x42,0x61,0x83,0x70,0x4b,0x70,0x56,0x6f,
  0x22,0x61,0x84,0x6f,0x03,0x71,0x7a,0x72,0x5d,0x72,0x42,0x73,0x24,0x73,0x89,0x6f,
  0x22,0x5f,0x81,0x80,0x71,0xf9,0x70,0x2a,0x6f,0xc5,0x73,0x0c,0x73,0x14,0x71,0x89,
  0x71,0x79,0x5f,0x80,0x71,0x08,0x6f,0x89,0x70,0x49,0x70,0x95,0x6f,0x1b,0x6f,0x98,
  0x6f,0xe5,0x61,0x73,0x08,0x6f,0x10,0x72,0x9e,0x72,0x98,0x73,0x48,0x72,0xeb,0x71,
  0x75,0x83,0x6f,0x65,0x71,0xda,0x71,0xa3,0x71,0x7b,0x41,0x41,0x41,0x41,0x41,0x41,
  0x84,0x6f,0x1e,0x72,0xbf,0x6f,0xd7,0x6f,0x39,0x73,0x0f,0x72,0x64,0x73,0x60,0x72,
  0xb0,0x81,0x80,0x70,0x66,0x72,0x0e,0x6f,0x2e,0x60,0x67,0x73,0x11,0x6f,0x11,0x6f,
  0xe1,0x71,0x13,0x5e,0x73,0x3b,0x60,0x68,0x6f,0x57,0x6f,0xcb,0x71,0xf9,0x6f,0x22,
  0x70,0x5b,0x70,0x46,0x71,0x07,0x6f,0x1b,0x6f,0x1f,0x61,0x83,0x6f,0x57,0x6f,0xd7,
  0x6f,0x39,0x72,0x01,0x70,0x66,0x71,0x75,0x72,0xd0,0x70,0xe8,0x84,0x6f,0xd1,0x6f,
  0x37,0x71,0xbd,0x6f,0x90,0x6f,0x28,0x71,0x41,0x70,0x60,0x6f,0x22,0x61,0x6f,0x57,
  0x6f,0xcb,0x71,0xf9,0x6f,0x22,0x71,0x66,0x6f,0x1b,0x71,0xfa,0x71,0xfb,0x61,0x83,
  0x70,0x66,0x72,0x84,0x6f,0x5c,0x71,0x01,0x6f,0xa6,0x72,0x77,0x72,0x0e,0x72,0xf8,
  0x6f,0x53,0x84,0x6f,0x06,0x6f,0xce,0x73,0x87,0x73,0x2c,0x6f,0x1b,0x6f,0x9b,0x72,
  0x0e,0x81,0x80,0x70,0xb6,0x70,0x01,0x72,0x78,0x6f,0xcf,0x70,0xb5,0x60,0x6f,0x57,
  0x6f,0xcb,0x71,0xf9,0x6f,0x22,0x72,0x6f,0x72,0x11,0x61,0x83,0x71,0xf9,0x70,0x2a,
  0x6f,0x57,0x72,0x84,0x72,0x16,0x6f,0x92,0x84,0x73,0x08,0x6f,0x10,0x73,0x0c,0x70,
  0x72,0x73,0x28,0x70,0x4e,0x72,0x12,0x72,0x0e,0x81,0x80,0x72,0x51,0x72,0x24,0x6f,
  0x50,0x72,0x72,0x6f,0x22,0x61,0x6f,0x57,0x70,0xbe,0x6f,0x92,0x6f,0x22,0x70,0x2b,
  0x70,0x27,0x61,0x83,0x6f,0x57,0x72,0x84,0x71,0x83,0x71,0x1c,0x70,0x66,0x71,0x75,
  0x72,0x24,0x70,0x6b,0x84,0x72,0x12,0x6f,0x97,0x70,0xef,0x70,0x2a,0x72,0x0e,0x6f,
  0x50,0x72,0x72,0x81,0x80,0x6f,0xf7,0x73,0x0c,0x70,0x72,0x72,0x0e,0x6f,0x76,0x6f,
  0x35,0x70,0x2b,0x71,0x47,0x60,0x67,0x71,0x13,0x5d,0x73,0x3b,0x60,0x68,0x6f,0x57,
  0x6f,0xcb,0x71,0xf9,0x6f,0x22,0x6f,0x7d,0x73,0x5d,0x71,0x72,0x61,0x83,0x6f,0xd7,
  0x6f,0x39,0x70,0x7c,0x6f,0x89,0x6f,0x7d,0x73,0x5d,0x6f,0x07,0x6f,0x84,0x6f,0x81,
  0x72,0x0e,0x84,0x70,0x77,0x73,0x70,0x5f,0x70,0x7d,0x70,0xd1,0x71,0xed,0x6f,0x80,
  0x70,0x2a,0x6f,0xc4,0x70,0x2b,0x5f,0x81,0x80,0x71,0x4d,0x71,0xb1,0x72,0x37,0x6f,
  0xa0,0x6f,0x8b,0x71,0x9f,0x60,0x80,0x6f,0x4f,0x72,0xb0,0x71,0xb3,0x70,0xe1,0x73,
  0x81,0x6f,0x9b,0x71,0xbe,0x72,0x7a,0x61,0x6f,0x57,0x6f,0xcb,0x71,0xf9,0x6f,0x22,
  0x71,0xd0,0x71,0xdf,0x71,0x72,0x61,0x83,0x72,0x84,0x70,0x13,0x70,0x7c,0x72,0xe7,
  0x71,0xde,0x72,0x0e,0x71,0xd0,0x71,0xdf,0x61,0x84,0x6f,0x4f,0x72,0xb0,0x71,0xb3,
  0x70,0xe1,0x73,0x81,0x6f,0x9b,0x71,0xbe,0x72,0x7a,0x61,0x73,0x08,0x71,0x57,0x6f,
  0x39,0x70,0x4b,0x70,0xc0,0x72,0x42,0x61,0x83,0x6f,0x58,0x72,0x01,0x71,0x51,0x72,
  0x04,0x73,0x42,0x73,0x5e,0x73,0x85,0x5f,0x84,0x6f,0x06,0x6f,0x30,0x72,0x84,0x6f,
  0x80,0x72,0x62,0x6f,0xf1,0x70,0x24,0x72,0x0e,0x70,0xd1,0x71,0xed,0x5f,0x81,0x80,
  0x73,0x07,0x72,0x84,0x71,0x56,0x71,0xe1,0x6f,0x89,0x73,0x57,0x70,0xb5,0x72,0x0e,
  0x70,0x2b,0x71,0x77,0x60,0x80,0x6f,0x47,0x70,0x49,0x73,0x2b,0x71,0xbe,0x72,0x7a,
  0x73,0x81,0x6f,0x9b,0x61,0x73,0x08,0x71,0x57,0x71,0xe5,0x71,0xd7,0x70,0xc0,0x72,
  0x42,0x61,0x83,0x6f,0x58,0x72,0x01,0x71,0x51,0x6f,0x47,0x71,0xe4,0x72,0xeb,0x71,
  0xe2,0x71,0xe2,0x71,0xd0,0x71,0xbd,0x5f,0x84,0x71,0xd4,0x71,0xdd,0x73,0x4d,0x73,
  0x06,0x70,0xef,0x71,0x67,0x70,0xd1,0x71,0xed,0x5f,0x81,0x80,0x6f,0x4f,0x6f,0x06,
  0x6f,0x47,0x6f,0x4a,0x6f,0xc7,0x6f,0xdf,0x6f,0x4c,0x60,0x80,0x6f,0x47,0x70,0x49,
  0x73,0x2b,0x71,0xbe,0x72,0x7a,0x73,0x81,0x6f,0x9b,0x61,0x73,0x08,0x71,0x57,0x70,
  0x2b,0x73,0x61,0x70,0xc0,0x72,0x42,0x61,0x83,0x6f,0x58,0x72,0x01,0x71,0x51,0x70,
  0xac,0x6f,0xcb,0x70,0x2b,0x73,0x61,0x5f,0x84,0x70,0x7d,0x6f,0xf1,0x70,0x24,0x70,
  0x2b,0x6f,0x04,0x70,0xef,0x71,0x67,0x72,0x0e,0x70,0xd1,0x71,0xed,0x5f,0x81,0x80,
  0x6f,0xcf,0x6f,0x14,0x70,0xb0,0x70,0x7e,0x72,0x0e,0x6f,0xd8,0x72,0x95,0x70,0x5b,
  0x60,0x80,0x6f,0x47,0x70,0x49,0x73,0x2b,0x71,0xbe,0x72,0x7a,0x73,0x81,0x6f,0x9b,
  0x61,0x6f,0x57,0x70,0xbe,0x6f,0x92,0x6f,0x22,0x73,0x81,0x71,0xb1,0x73,0x3a,0x61,
  0x83,0x72,0x01,0x70,0x66,0x6f,0xd7,0x6f,0x39,0x70,0xfc,0x71,0x6c,0x71,0x86,0x72,
  0x23,0x73,0x09,0x70,0x2b,0x73,0x65,0x60,0x84,0x6f,0x57,0x6f,0x1e,0x6f,0xd7,0x6f,
  0x39,0x72,0x01,0x71,0x75,0x71,0x3f,0x6f,0x8a,0x6f,0x76,0x6f,0x35,0x71,0xed,0x6f,
  0xfe,0x61,0x70,0x05,0x61,0x73,0x08,0x71,0x57,0x73,0x55,0x72,0x43,0x61,0x83,0x70,
  0x66,0x72,0x0e,0x70,0x41,0x73,0x67,0x5f,0x84,0x6f,0x3f,0x6f,0x55,0x71,0x67,0x72,
  0x32,0x6f,0x06,0x6f,0xd7,0x70,0xcf,0x72,0xbc,0x72,0x0e,0x6f,0x9b,0x73,0x2b,0x60,
  0x6f,0x57,0x70,0xbe,0x6f,0x92,0x6f,0x22,0x72,0x54,0x73,0x75,0x6f,0x90,0x6f,0x28,
  0x6f,0x1b,0x71,0x72,0x61,0x83,0x70,0x57,0x71,0x7b,0x6f,0x57,0x72,0x84,0x70,0x8d,
  0x70,0x59,0x6f,0x58,0x72,0x01,0x5f,0x84,0x73,0x08,0x71,0x83,0x72,0x2c,0x72,0x35,
  0x71,0xb1,0x71,0x72,0x6f,0x47,0x72,0x64,0x6f,0x57,0x70,0x97,0x71,0x75,0x81,0x80,
  0x70,0x8e,0x70,0x49,0x72,0x0e,0x70,0x98,0x6f,0xa1,0x60,0x70,0x17,0x61,0x73,0x08,
  0x71,0x57,0x73,0x2e,0x72,0x54,0x61,0x83,0x72,0x84,0x6f,0x4d,0x61,0x72,0x84,0x72,
  0x6c,0x61,0x73,0x07,0x72,0x84,0x41,0x41,0x41,0x70,0x17,0x61,0x84,0x6f,0xd7,0x6f,
  0x39,0x6f,0xa9,0x6f,0x52,0x72,0xbf,0x70,0x46,0x6f,0x0b,0x72,0xaf,0x61,0x6f,0x57,
  0x70,0xbe,0x6f,0x92,0x6f,0x22,0x6f,0x00,0x6f,0x29,0x71,0xd8,0x70,0xb1,0x61,0x83,
  0x71,0x36,0x6f,0x05,0x72,0x0e,0x71,0xd8,0x70,0xb1,0x6f,0xd7,0x6f,0x39,0x84,0x6f,
  0x79,0x71,0x8f,0x71,0x10,0x72,0xeb,0x70,0x9d,0x70,0xfe,0x71,0x25,0x61,0x81,0x80,
  0x67,0x71,0x13,0x5b,0x73,0x3b,0x60,0x68,0x73,0x08,0x71,0x57,0x6f,0x00,0x6f,0x10,
  0x73,0x81,0x71,0xb1,0x71,0xfe,0x70,0x5f,0x61,0x83,0x6f,0x57,0x6f,0xd7,0x6f,0x39,
  0x70,0xfc,0x71,0xed,0x6f,0xfe,0x72,0xad,0x73,0x09,0x6f,0xc5,0x5f,0x84,0x73,0x60,
  0x72,0xb0,0x71,0x51,0x6f,0x79,0x6f,0xcd,0x6f,0x89,0x71,0x75,0x61,0x6f,0x57,0x70,
  0xbe,0x6f,0x92,0x6f,0x22,0x70,0x49,0x73,0x2d,0x6f,0xaa,0x61,0x83,0x73,0x08,0x71,
  0x57,0x73,0x0c,0x70,0x72,0x73,0x28,0x72,0x0e,0x6f,0x02,0x72,0x84,0x73,0x2d,0x6f,
  0xaa,0x5f,0x84,0x70,0x66,0x6f,0xd7,0x6f,0x39,0x70,0xf3,0x70,0xa8,0x70,0xbd,0x70,
  0x46,0x81,0x80,0x70,0x7e,0x73,0x2d,0x6f,0xaa,0x6f,0x06,0x72,0x84,0x70,0xf3,0x70,
  0xa8,0x72,0x0e,0x73,0x37,0x60,0x6f,0x57,0x70,0xbe,0x6f,0x92,0x6f,0x22,0x71,0xb4,
  0x70,0x30,0x70,0xf1,0x70,0x52,0x61,0x83,0x71,0xf9,0x70,0x2a,0x6f,0xd7,0x6f,0x39,
  0x6f,0x17,0x72,0xeb,0x6f,0x39,0x6f,0x97,0x71,0x2a,0x6f,0x06,0x6f,0xa0,0x72,0x0e,
  0x5f,0x84,0x6f,0xc6,0x73,0x88,0x6f,0xc6,0x73,0x29,0x72,0x0e,0x72,0x21,0x70,0x4e,
  0x6f,0x22,0x61,0x6f,0x35,0x72,0x64,0x6f,0x22,0x6f,0x57,0x6f,0x00,0x73,0x65,0x73,
  0x81,0x73,0x3f,0x61,0x83,0x73,0x08,0x70,0x2f,0x73,0x3f,0x70,0x5f,0x71,0xc6,0x72,
  0x9c,0x70,0x57,0x71,0xc5,0x71,0xa3,0x5f,0x84,0x71,0xc1,0x71,0xcd,0x72,0x78,0x73,
  0x15,0x73,0x12,0x41,0x41,0x41,0x41,0x41,0x41,0x81,0x80,0x6f,0x57,0x6f,0x85,0x72,
  0xb3,0x72,0x1a,0x70,0x66,0x5f,0x80,0x6f,0x3f,0x6f,0x55,0x72,0xb0,0x72,0xac,0x6f,
  0xe9,0x6f,0x6f,0x6f,0x92,0x70,0xa9,0x6f,0x0a,0x72,0x05,0x41,0x41,0x41,0x41,0x41,
  0x41,0x70,0x82,0x71,0x57,0x73,0x08,0x6f,0x10,0x61,0x70,0x49,0x70,0x95,0x6f,0x1b,
  0x6f,0x98,0x61,0x41,0x41,0x41,0x41,0x41,0x41,0x81,0x83,0x6f,0x06,0x70,0x79,0x61,
  0x6f,0x06,0x71,0x57,0x73,0x08,0x6f,0x10,0x41,0x41,0x41,0x70,0x4b,0x6f,0xd7,0x70,
  0xdc,0x6f,0x22,0x60,0x87,0x86,0x87,0x33,0x73,0x40,0x72,0x76,0x72,0x99,0x70,0x00,
  0x71,0x45,0x71,0x07,0x71,0x07,0x72,0x0e,0x70,0x41,0x73,0x67,0x5f,0x83,0x70,0x2a,
  0x70,0x1e,0x6f,0xf1,0x70,0x1f,0x72,0x93,0x41,0x41,0x41,0x41,0x41,0x41,0x84,0x85,
  0x5f,0x6f,0x57,0x72,0x5f,0x6f,0x26,0x71,0x27,0x6f,0x52,0x6f,0x22,0x81,0x80,0x73,
  0x08,0x70,0xfc,0x6f,0x38,0x70,0x58,0x73,0x81,0x73,0x7f,0x70,0xd1,0x73,0x48,0x73,
  0x70,0x80,0x6f,0x0f,0x72,0x81,0x72,0x0e,0x70,0x49,0x70,0x95,0x6f,0x1b,0x6f,0x98,
  0x41,0x41,0x41,0x41,0x41,0x41,0x80,0x71,0x67,0x6f,0x22,0x73,0x08,0x70,0xfc,0x73,
  0x42,0x72,0x75,0x72,0x0e,0x70,0x6d,0x6f,0x98,0x61,0x81,0x80,0x70,0xeb,0x72,0x14,
  0x6f,0x5d,0x6f,0x57,0x6f,0x00,0x70,0x6b,0x72,0x84,0x70,0x48,0x80,0x6f,0x8a,0x72,
  0xdb,0x73,0x22,0x70,0xd7,0x72,0x0e,0x70,0x8f,0x70,0x95,0x80,0x73,0x4c,0x71,0x84,
  0x70,0x65,0x61,0x81,0x80,0x73,0x08,0x71,0xea,0x70,0x49,0x73,0x4e,0x72,0x0e,0x6f,
  0xf6,0x73,0x05,0x5f,0x80,0x70,0x82,0x6f,0x70,0x73,0x23,0x6f,0x2b,0x70,0xf5,0x70,
  0x2a,0x6f,0x57,0x70,0xf1,0x6f,0x11,0x6f,0x22,0x60,0x80,0x71,0x0b,0x70,0xf5,0x6f,
  0x22,0x5f,0x85,0x41,0x41,0x41,0x41,0x41,0x41,0x70,0x18,0x70,0x18,0x70,0x18,0x41,
  0x41,0x41,0x72,0xd5,0x72,0xd5,0x70,0xdd,0x73,0x6b,0x61,0x83,0x73,0x08,0x71,0x57,
  0x72,0x00,0x6f,0xf6,0x72,0x94,0x71,0xa3,0x60,0x84,0x70,0x12,0x6f,0x05,0x6f,0xd7,
  0x6f,0x39,0x70,0xd5,0x70,0x44,0x72,0x00,0x6f,0xf6,0x6f,0x61,0x60,0x70,0x18,0x70,
  0x18,0x70,0x18,0x41,0x41,0x41,0x72,0xd5,0x72,0xd5,0x70,0xdd,0x73,0x6b,0x61,0x83,
  0x73,0x08,0x71,0x57,0x73,0x81,0x71,0xb1,0x72,0x94,0x71,0xa3,0x60,0x84,0x70,0x12,
  0x6f,0x05,0x6f,0xd7,0x6f,0x39,0x70,0xd5,0x70,0x44,0x73,0x81,0x71,0xb1,0x6f,0x61,
  0x60,0x70,0x18,0x70,0x18,0x70,0x18,0x41,0x41,0x41,0x72,0xd5,0x72,0xd5,0x70,0xdd,
  0x73,0x6b,0x61,0x83,0x73,0x08,0x71,0x57,0x72,0x00,0x6f,0xf6,0x6f,0xf7,0x73,0x81,
  0x71,0xb1,0x72,0x94,0x71,0xa3,0x60,0x84,0x72,0x00,0x6f,0xf6,0x6f,0x61,0x6f,0xf7,
  0x73,0x81,0x71,0xb1,0x6f,0x61,0x73,0x24,0x72,0x84,0x70,0xd5,0x70,0x44,0x61,0x6f,
  0x57,0x6f,0x60,0x6f,0x92,0x6f,0x22,0x71,0x1a,0x72,0xa0,0x72,0x6e,0x61,0x83,0x70,
  0x14,0x41,0x41,0x41,0x6f,0x06,0x72,0x20,0x73,0x1c,0x73,0x52,0x6f,0x22,0x72,0xa0,
  0x70,0x5f,0x5f,0x84,0x73,0x07,0x72,0x84,0x70,0xfd,0x6f,0x92,0x6f,0x2f,0x6f,0x19,
  0x6f,0xef,0x62,0x6f,0x57,0x6f,0xcb,0x71,0xf9,0x6f,0x22,0x72,0x9c,0x72,0x8f,0x72,
  0xa9,0x71,0x69,0x61,0x83,0x72,0x3d,0x6f,0x04,0x6f,0xd7,0x6f,0x39,0x6f,0x83,0x70,
  0x7f,0x6f,0xce,0x6f,0x92,0x72,0x0e,0x6f,0x4a,0x70,0x73,0x61,0x6f,0x57,0x6f,0xcb,
  0x71,0xf9,0x6f,0x22,0x72,0x56,0x72,0x8f,0x72,0xa9,0x71,0x69,0x61,0x83,0x73,0x49,
  0x71,0x01,0x72,0x84,0x6f,0x9b,0x73,0x0a,0x72,0xed,0x72,0x9c,0x72,0x8f,0x72,0xa9,
  0x71,0x69,0x61,0x70,0x4b,0x70,0x56,0x6f,0x22,0x61,0x83,0x6f,0x57,0x72,0x0e,0x6f,
  0x98,0x71,0x62,0x70,0xb2,0x6f,0x22,0x61,0x84,0x70,0xe3,0x72,0xb4,0x6f,0x70,0x72,
  0xf8,0x6f,0x69,0x71,0xc8,0x6f,0x22,0x6f,0x9b,0x73,0x2b,0x61,0x6f,0x57,0x6f,0xcb,
  0x71,0xf9,0x6f,0x22,0x73,0x3f,0x72,0x15,0x61,0x83,0x70,0x66,0x72,0x84,0x6f,0xca,
  0x70,0x7c,0x71,0x5b,0x73,0x15,0x72,0x0e,0x72,0x15,0x84,0x71,0x16,0x6f,0x06,0x6f,
  0x52,0x72,0x0e,0x6f,0x6b,0x71,0x73,0x61,0x6f,0x57,0x70,0xbe,0x6f,0x92,0x6f,0x22,
  0x71,0x0b,0x71,0x07,0x6f,0x1b,0x71,0x72,0x61,0x83,0x71,0x17,0x72,0x8b,0x6f,0x00,
  0x6f,0x05,0x5f,0x84,0x6f,0x6b,0x6f,0x1b,0x71,0xf8,0x70,0x82,0x6f,0x47,0x6f,0x5c,
  0x71,0x01,0x6f,0x57,0x61,0x70,0x14,0x62,0x73,0x37,0x6f,0x52,0x6f,0x22,0x61,0x83,
  0x70,0x57,0x71,0x7b,0x6f,0x57,0x71,0x67,0x70,0x49,0x73,0x2d,0x6f,0xaa,0x5f,0x84,
  0x6f,0x1e,0x72,0xbf,0x70,0x82,0x72,0x84,0x70,0xf3,0x70,0xa8,0x6f,0x22,0x61,0x6f,
  0x57,0x72,0x0e,0x73,0x81,0x6f,0x9b,0x6f,0x06,0x72,0xf1,0x5f,0x83,0x71,0x4d,0x71,
  0xb1,0x6f,0x58,0x72,0x01,0x73,0x08,0x6f,0x10,0x73,0x1c,0x6f,0x77,0x60,0x84,0x71,
  0x88,0x71,0x7f,0x6f,0x57,0x72,0x0e,0x73,0x81,0x6f,0x9b,0x6f,0x61,0x61,0x6f,0x35,
  0x72,0x64,0x6f,0x22,0x6f,0x57,0x6f,0x00,0x6f,0xc9,0x70,0x4a,0x73,0x75,0x6f,0x1b,
  0x73,0x66,0x61,0x83,0x71,0xf9,0x70,0x2a,0x6f,0x57,0x6f,0xd7,0x6f,0x39,0x73,0x7e,
  0x73,0x18,0x6f,0x7e,0x6f,0x94,0x5f,0x84,0x72,0x22,0x70,0x2d,0x71,0xed,0x6f,0x53,
  0x70,0x9d,0x71,0x35,0x6f,0x8a,0x71,0x39,0x6f,0x2e,0x61,0x81,0x80,0x67,0x71,0x13,
  0x6f,0x52,0x5b,0x73,0x3b,0x6f,0x00,0x70,0x7e,0x6f,0x47,0x6f,0x66,0x60,0x68,0x6f,
  0xff,0x61,0x83,0x70,0xeb,0x70,0x92,0x72,0x60,0x6f,0x86,0x72,0x0d,0x70,0x9c,0x84,
  0x71,0xaa,0x72,0xb2,0x73,0x03,0x71,0x94,0x70,0x99,0x6f,0x2e,0x6f,0x22,0x61,0x81,
  0x80,0x70,0xeb,0x72,0x0e,0x70,0x4a,0x5f,0x72,0x17,0x70,0xe0,0x72,0x7b,0x6f,0x47,
  0x6f,0x66,0x70,0x4a,0x60,0x80,0x72,0x64,0x6f,0x57,0x72,0xbe,0x6f,0x10,0x71,0x37,
  0x6f,0x25,0x6f,0xe5,0x41,0x41,0x41,0x41,0x41,0x41,0x6f,0x73,0x6f,0x26,0x73,0x08,
  0x6f,0x10,0x71,0x71,0x70,0x5f,0x73,0x28,0x72,0x0e,0x72,0x21,0x6f,0x65,0x73,0x7f,
  0x60,0x83,0x6f,0xe6,0x72,0xcd,0x72,0x84,0x73,0x57,0x72,0x57,0x6f,0xe6,0x6f,0x92,
  0x84,0x6f,0x00,0x6f,0x10,0x70,0x53,0x70,0x64,0x70,0x2a,0x6f,0x05,0x73,0x65,0x6f,
  0xf5,0x71,0x3a,0x60,0x81,0x80,0x6f,0x57,0x72,0xcd,0x70,0x50,0x70,0xd1,0x6f,0x06,
  0x70,0x50,0x70,0xd1,0x41,0x41,0x41,0x62,0x71,0x1c,0x72,0xcd,0x6f,0x03,0x72,0xb5,
  0x72,0x2c,0x6f,0x9b,0x83,0x71,0x57,0x70,0x20,0x6f,0x14,0x6f,0x9e,0x6f,0x59,0x72,
  0x0e,0x70,0xe4,0x71,0x6a,0x5f,0x84,0x71,0x34,0x6f,0xcf,0x6f,0x22,0x73,0x08,0x6f,
  0x10,0x6f,0x0a,0x72,0x05,0x60,0x81,0x80,0x6f,0x35,0x72,0x0e,0x70,0xe4,0x71,0x6a,
  0x71,0x57,0x6f,0x2f,0x6f,0x19,0x62,0x80,0x70,0xea,0x6f,0x14,0x6f,0x70,0x6f,0x0a,
  0x72,0x05,0x72,0x0e,0x71,0xf6,0x60,0x81,0x80,0x6f,0x06,0x72,0x20,0x73,0x1c,0x72,
  0x46,0x6f,0x35,0x6f,0x33,0x73,0x88,0x71,0x5e,0x6f,0x0a,0x72,0x05,0x80,0x71,0x31,
  0x70,0x48,0x72,0x84,0x73,0x2b,0x5f,0x80,0x6f,0x47,0x6f,0x06,0x6f,0x47,0x70,0x57,
  0x70,0xe4,0x41,0x41,0x41,0x41,0x41,0x41,0x70,0xeb,0x6f,0x52,0x70,0x2a,0x6f,0x6b,
  0x71,0x53,0x6f,0x0a,0x72,0x05,0x72,0x0e,0x83,0x73,0x0c,0x73,0x14,0x71,0x89,0x71,
  0x79,0x6f,0x11,0x5f,0x84,0x72,0xcc,0x6f,0x6f,0x6f,0x22,0x6f,0x00,0x6f,0x10,0x73,
  0x81,0x71,0xb1,0x6f,0x49,0x73,0x0f,0x73,0x41,0x41,0x41,0x41,0x41,0x41,0x41,0x81,
  0x80,0x73,0x88,0x71,0x5e,0x6f,0x0a,0x72,0x05,0x72,0x0e,0x6f,0x9b,0x73,0x2b,0x70,
  0xfc,0x70,0xeb,0x6f,0xcf,0x70,0xea,0x6f,0x22,0x80,0x71,0xf9,0x70,0x2a,0x73,0x08,
  0x71,0x8a,0x71,0x81,0x72,0x0e,0x71,0x82,0x70,0x5f,0x41,0x41,0x41,0x41,0x41,0x41,
  0x80,0x70,0xeb,0x70,0xe0,0x73,0x08,0x6f,0x0d,0x70,0xa6,0x71,0x89,0x71,0x79,0x81,
  0x80,0x6f,0x00,0x70,0x6b,0x71,0x57,0x73,0x0b,0x70,0x2a,0x6f,0x00,0x72,0xeb,0x72,
  0x0e,0x60,0x6f,0xe6,0x72,0xcd,0x71,0xd8,0x70,0xb1,0x71,0x57,0x71,0xf3,0x72,0x19,
  0x70,0x8e,0x6f,0x2e,0x83,0x72,0xaf,0x72,0xcf,0x6f,0x6c,0x71,0x45,0x72,0x0e,0x6f,
  0x6c,0x71,0x55,0x60,0x81,0x80,0x70,0xeb,0x72,0x20,0x73,0x1c,0x72,0x0e,0x70,0x82,
  0x71,0x57,0x73,0x08,0x6f,0x29,0x61,0x6f,0x91,0x71,0x75,0x71,0xdc,0x70,0xeb,0x61,
  0x83,0x73,0x07,0x71,0x67,0x6f,0x57,0x70,0x2a,0x6f,0x7e,0x6f,0x94,0x72,0x0e,0x71,
  0x51,0x6f,0x5f,0x5f,0x84,0x72,0x16,0x72,0x1a,0x71,0xd9,0x72,0xf4,0x61,0x6f,0x57,
  0x72,0x96,0x70,0xbe,0x6f,0x22,0x6f,0x9b,0x73,0x2b,0x72,0x5d,0x72,0x42,0x61,0x81,
  0x83,0x71,0x67,0x6f,0x22,0x70,0x66,0x5f,0x84,0x6f,0x03,0x71,0x7a,0x72,0x5d,0x72,
  0x42,0x70,0x82,0x6f,0x70,0x73,0x23,0x73,0x5b,0x73,0x89,0x6f,0x22,0x61,0x81,0x80,
  0x72,0xea,0x72,0x55,0x6f,0x97,0x70,0xba,0x73,0x0c,0x73,0x14,0x71,0x89,0x71,0x79,
  0x5f,0x80,0x6f,0xc5,0x71,0x08,0x6f,0x89,0x70,0x49,0x70,0x95,0x6f,0x1b,0x6f,0x98,
  0x61,0x6f,0x57,0x72,0x96,0x70,0xbe,0x6f,0x22,0x71,0x5d,0x70,0xe6,0x72,0x5d,0x72,
  0x42,0x61,0x83,0x6f,0x57,0x72,0x0e,0x6f,0x9b,0x73,0x2b,0x6f,0xc6,0x6f,0x00,0x71,
  0x8f,0x6f,0xcf,0x70,0xb2,0x6f,0x22,0x61,0x84,0x71,0xf9,0x70,0x2a,0x5f,0x6f,0xc5,
  0x70,0xfa,0x71,0x65,0x6f,0xe1,0x6f,0x00,0x71,0x7a,0x72,0x5d,0x72,0x42,0x6f,0xe5,
  0x61,0x6f,0x57,0x70,0x56,0x61,0x83,0x73,0x08,0x73,0x28,0x71,0x57,0x70,0x7c,0x6f,
  0x8a,0x70,0x2c,0x60,0x84,0x72,0x90,0x36,0x34,0x6f,0xb9,0x71,0x9e,0x70,0x82,0x6f,
  0xd7,0x6f,0x39,0x70,0x7c,0x39,0x71,0x32,0x72,0x4b,0x60,0x81,0x80,0x73,0x0b,0x72,
  0x69,0x6f,0xf6,0x6f,0x11,0x6f,0xd7,0x6f,0x39,0x80,0x72,0xe6,0x70,0xbe,0x6f,0x12,
  0x6f,0xc3,0x72,0x0e,0x70,0x51,0x6f,0xa3,0x61,0x81,0x80,0x70,0xcc,0x6f,0x19,0x71,
  0x82,0x5f,0x70,0x7e,0x70,0x74,0x6f,0x46,0x62,0x80,0x59,0x59,0x59,0x59,0x44,0x59,
  0x73,0x62,0x6f,0x0d,0x70,0xf1,0x80,0x59,0x59,0x59,0x59,0x59,0x59,0x59,0x6f,0x06,
  0x72,0xa7,0x87,0x80,0x6f,0x82,0x70,0x43,0x70,0x56,0x6f,0x22,0x71,0xaa,0x71,0x67,
  0x62,0x70,0x56,0x72,0x0e,0x5f,0x70,0x7e,0x70,0x74,0x6f,0x46,0x5f,0x83,0x70,0xe0,
  0x71,0xf7,0x73,0x56,0x71,0x51,0x73,0x03,0x71,0x75,0x5f,0x84,0x72,0x2b,0x6f,0x57,
  0x71,0xf7,0x70,0xbe,0x70,0xa8,0x70,0xc1,0x61,0x81,0x80,0x6f,0x79,0x72,0xb2,0x61,
  0x73,0x07,0x72,0xb0,0x72,0x67,0x72,0x69,0x6f,0xe3,0x62,0x83,0x59,0x59,0x59,0x59,
  0x44,0x59,0x72,0x67,0x72,0x69,0x84,0x59,0x59,0x59,0x59,0x59,0x59,0x59,0x72,0x49,
  0x6f,0x22,0x87,0x80,0x59,0x59,0x59,0x59,0x40,0x40,0x70,0x9e,0x73,0x05,0x71,0xa7,
  0x70,0x3a,0x40,0x40,0x83,0x70,0xfe,0x6f,0x6f,0x6f,0x00,0x6f,0x29,0x6f,0xb9,0x71,
  0x9e,0x5f,0x84,0x6f,0x57,0x72,0x0e,0x70,0xe4,0x71,0x6a,0x70,0x82,0x6f,0x47,0x70,
  0x6e,0x71,0xf9,0x6f,0x22,0x60,0x81,0x80,0x72,0xb0,0x70,0xf4,0x6f,0x00,0x6f,0x29,
  0x6f,0xb9,0x71,0x9e,0x6f,0xe3,0x62,0x80,0x59,0x59,0x59,0x59,0x44,0x59,0x70,0xf4,
  0x6f,0x00,0x6f,0x29,0x80,0x59,0x59,0x59,0x59,0x59,0x59,0x59,0x6f,0x06,0x70,0xe3,
  0x6f,0x74,0x72,0xf0,0x87,0x80,0x71,0x13,0x71,0x47,0x6f,0xe2,0x73,0x3b,0x73,0x11,
  0x71,0x0d,0x73,0x1c,0x6f,0x77,0x5f,0x83,0x71,0xe0,0x6f,0xe1,0x71,0x13,0x5e,0x73,
  0x3b,0x70,0xfe,0x71,0x25,0x6f,0x89,0x6f,0xc5,0x60,0x87,0x84,0x6f,0x57,0x70,0x56,
  0x5f,0x73,0x08,0x6f,0x10,0x71,0x57,0x6f,0x57,0x70,0xf4,0x71,0x1d,0x72,0x0e,0x6f,
  0xe3,0x62,0x83,0x59,0x59,0x59,0x59,0x44,0x59,0x71,0x57,0x72,0x0e,0x84,0x59,0x59,
  0x59,0x59,0x59,0x59,0x59,0x6f,0x06,0x71,0x57,0x70,0xeb,0x72,0x0e,0x87,0x80,0x70,
  0xeb,0x70,0x11,0x71,0x90,0x72,0xc8,0x70,0x6e,0x72,0x0e,0x6f,0x2e,0x5f,0x83,0x70,
  0xeb,0x6f,0x47,0x72,0x64,0x6f,0x57,0x6f,0x00,0x6f,0x3b,0x71,0x62,0x70,0x56,0x72,
  0x0e,0x6f,0x0b,0x72,0xaf,0x84,0x6f,0x56,0x6f,0x14,0x70,0x1f,0x71,0x02,0x61,0x6f,
  0x57,0x72,0x24,0x70,0x6b,0x73,0x08,0x6f,0x06,0x71,0x57,0x6f,0x57,0x72,0x0e,0x6f,
  0x0b,0x72,0xaf,0x6f,0xe3,0x62,0x83,0x59,0x59,0x59,0x59,0x44,0x59,0x72,0x17,0x72,
  0x0e,0x6f,0x06,0x71,0x57,0x84,0x59,0x59,0x59,0x59,0x59,0x59,0x59,0x6f,0x76,0x70,
  0x6e,0x71,0x57,0x70,0xeb,0x72,0x0e,0x87,0x80,0x6f,0x57,0x70,0x2a,0x72,0xcd,0x72,
  0xd3,0x61,0x83,0x70,0xfc,0x6f,0x57,0x72,0x0e,0x6f,0x0b,0x72,0xaf,0x71,0x10,0x72,
  0xe9,0x61,0x6f,0x57,0x70,0xbe,0x6f,0x92,0x6f,0x22,0x73,0x81,0x71,0xb1,0x70,0x1f,
  0x71,0x4b,0x73,0x3e,0x61,0x83,0x71,0x9e,0x71,0x5b,0x73,0x15,0x72,0x0e,0x70,0x1f,
  0x71,0x4b,0x73,0x3e,0x84,0x73,0x71,0x70,0xbe,0x71,0x62,0x70,0xc8,0x71,0x62,0x73,
  0x0a,0x60,0x6f,0x57,0x72,0x0e,0x72,0x15,0x71,0xeb,0x6f,0xb0,0x72,0x58,0x6f,0x22,
  0x61,0x83,0x71,0xf9,0x70,0x2a,0x72,0x84,0x70,0x48,0x71,0x04,0x71,0x16,0x70,0x7e,
  0x72,0x15,0x84,0x71,0x4d,0x71,0xb1,0x73,0x49,0x70,0xbf,0x72,0x0e,0x71,0xd0,0x71,
  0xfc,0x61,0x73,0x08,0x71,0x57,0x73,0x35,0x6f,0x1b,0x72,0x4b,0x61,0x83,0x6f,0x57,
  0x73,0x60,0x72,0xb0,0x72,0x01,0x73,0x08,0x6f,0x10,0x70,0xf3,0x72,0xdb,0x6f,0x9e,
  0x6f,0x59,0x61,0x71,0xfe,0x70,0x5f,0x73,0x28,0x72,0xad,0x71,0xc8,0x6f,0x22,0x73,
  0x81,0x6f,0x9b,0x72,0x94,0x71,0xa3,0x61,0x83,0x72,0x17,0x71,0x57,0x6f,0x8d,0x72,
  0x49,0x61,0x6f,0x57,0x72,0x0e,0x6f,0x98,0x71,0x62,0x70,0xb2,0x6f,0x22,0x61,0x83,
  0x6f,0x57,0x72,0x84,0x70,0xe3,0x6f,0xce,0x6f,0x92,0x70,0x66,0x72,0x0e,0x6f,0x9b,
  0x73,0x2b,0x84,0x70,0x2a,0x70,0xf1,0x6f,0x11,0x72,0xf5,0x6f,0xa0,0x61,0x6f,0x57,
  0x72,0x0e,0x73,0x05,0x71,0xa2,0x70,0x3e,0x6f,0x9e,0x6f,0x22,0x87,0x23,0x87,0x22,
  0x60,0x83,0x6f,0x57,0x72,0x0e,0x70,0xd2,0x73,0x05,0x71,0xa2,0x6f,0x61,0x6f,0x14,
  0x87,0x21,0x87,0x20,0x60,0x84,0x70,0xe3,0x72,0xb4,0x71,0x9e,0x6f,0x1b,0x6f,0x97,
  0x70,0x9e,0x73,0x05,0x6f,0x22,0x6f,0x00,0x71,0xd9,0x60,0x70,0xeb,0x71,0x75,0x70,
  0x6e,0x71,0xf9,0x6f,0x57,0x72,0x0e,0x70,0xe4,0x71,0x6a,0x60,0x83,0x59,0x59,0x44,
  0x70,0xeb,0x70,0xe0,0x70,0x97,0x71,0x62,0x70,0x46,0x71,0xd8,0x70,0xb1,0x84,0x59,
  0x59,0x59,0x59,0x70,0xeb,0x70,0xe0,0x70,0x97,0x71,0x62,0x70,0x46,0x71,0x32,0x72,
  0x4b,0x87,0x83,0x70,0xeb,0x6f,0x14,0x6f,0x57,0x71,0x26,0x6f,0xb0,0x71,0xd8,0x70,
  0xb1,0x6f,0x04,0x73,0x50,0x5f,0x83,0x71,0xf9,0x70,0x2a,0x6f,0x57,0x6f,0x00,0x6f,
  0x72,0x6f,0xd7,0x6f,0x39,0x71,0x2b,0x70,0x97,0x84,0x87,0x21,0x87,0x20,0x6f,0x10,
  0x71,0xd8,0x70,0xb1,0x60,0x81,0x80,0x73,0x08,0x71,0x57,0x70,0xeb,0x72,0x64,0x6f,
  0x23,0x6f,0x57,0x72,0x0e,0x80,0x6f,0x00,0x71,0xd9,0x70,0x7e,0x70,0x7e,0x72,0x2b,
  0x72,0x30,0x60,0x70,0xeb,0x6f,0x14,0x6f,0x57,0x71,0x26,0x6f,0xb0,0x72,0x4b,0x72,
  0x0e,0x6f,0x04,0x73,0x50,0x5f,0x83,0x71,0xf9,0x70,0x2a,0x6f,0x57,0x6f,0x00,0x6f,
  0x72,0x6f,0xd7,0x6f,0x39,0x71,0x2b,0x70,0x97,0x84,0x87,0x21,0x87,0x20,0x71,0x32,
  0x72,0x4b,0x60,0x81,0x80,0x73,0x08,0x71,0x57,0x70,0xeb,0x72,0x64,0x6f,0x23,0x6f,
  0x57,0x72,0x0e,0x80,0x6f,0x00,0x71,0xd9,0x70,0x7e,0x70,0x7e,0x72,0x2b,0x72,0x30,
  0x60,0x6f,0x57,0x70,0x92,0x72,0x60,0x70,0xbd,0x70,0xb2,0x6f,0x22,0x5f,0x83,0x70,
  0xeb,0x70,0x98,0x6f,0x06,0x6f,0x04,0x6f,0x2f,0x6f,0x19,0x70,0xc6,0x6f,0x22,0x60,
  0x84,0x6f,0x06,0x73,0x03,0x70,0x2a,0x70,0xe4,0x71,0x6a,0x71,0xcf,0x70,0x93,0x73,
  0x21,0x73,0x01,0x5f,0x81,0x80,0x71,0x67,0x70,0xeb,0x72,0x0e,0x6f,0x00,0x6f,0x50,
  0x70,0x56,0x71,0x68,0x6f,0xc8,0x5f,0x80,0x71,0x57,0x6f,0x00,0x6f,0x50,0x70,0xbd,
  0x71,0xc9,0x6f,0x2c,0x72,0x0e,0x70,0x53,0x70,0x3f,0x5f,0x80,0x6f,0x57,0x6f,0xd7,
  0x6f,0x39,0x6f,0xc5,0x72,0xb2,0x72,0xb2,0x70,0x55,0x60,0x81,0x80,0x73,0x08,0x6f,
  0x29,0x6f,0xb9,0x71,0x9e,0x73,0x07,0x72,0x64,0x6f,0x57,0x6f,0x22,0x5f,0x80,0x72,
  0x2b,0x6f,0x57,0x6f,0x00,0x72,0xf4,0x73,0x69,0x6f,0x90,0x60,0x70,0x0c,0x41,0x41,
  0x41,0x41,0x41,0x41,0x70,0x7e,0x70,0xc1,0x72,0x86,0x6f,0x05,0x60,0x83,0x70,0x2b,
  0x6f,0x04,0x71,0x67,0x71,0xb8,0x5f,0x70,0xeb,0x6f,0x3a,0x70,0xba,0x6f,0xd9,0x72,
  0xfa,0x5f,0x84,0x70,0x56,0x6f,0xe3,0x62,0x81,0x80,0x70,0x9c,0x72,0xfb,0x6f,0x2e,
  0x5f,0x6f,0x57,0x6f,0x04,0x70,0x88,0x6f,0x1e,0x71,0x57,0x6f,0x14,0x6f,0x22,0x80,
  0x70,0x7a,0x70,0xfa,0x73,0x87,0x73,0x2c,0x6f,0x1b,0x6f,0x9b,0x6f,0xe3,0x62,0x80,
  0x6f,0x97,0x73,0x65,0x72,0x0e,0x70,0x88,0x6f,0x04,0x6f,0x92,0x70,0x42,0x73,0x24,
  0x71,0x57,0x73,0x81,0x71,0xed,0x60,0x81,0x80,0x70,0xbd,0x70,0x46,0x6f,0xc5,0x70,
  0x7a,0x70,0xfa,0x73,0x87,0x73,0x2c,0x6f,0x1b,0x6f,0x9b,0x72,0x0e,0x6f,0x2e,0x5f,
  0x80,0x73,0x24,0x71,0x57,0x70,0x2a,0x73,0x21,0x73,0x28,0x70,0x4d,0x72,0xf6,0x72,
  0x0e,0x60,0x80,0x70,0xeb,0x6f,0x06,0x70,0x96,0x71,0x6a,0x6f,0x57,0x6f,0x1e,0x6f,
  0xcf,0x70,0xea,0x6f,0x35,0x6f,0x3a,0x73,0x21,0x71,0x82,0x5f,0x81,0x80,0x6f,0x57,
  0x6f,0x1e,0x6f,0x06,0x72,0xb0,0x71,0xa8,0x73,0x0c,0x73,0x08,0x6f,0x29,0x80,0x6f,
  0xbd,0x73,0x53,0x72,0x0e,0x6f,0x0b,0x72,0xaf,0x6f,0x22,0x60,0x70,0x79,0x6f,0x22,
  0x5f,0x72,0x6d,0x70,0x5f,0x73,0x28,0x71,0x67,0x6f,0x00,0x73,0x6e,0x70,0xc1,0x60,
  0x70,0x14,0x5f,0x70,0xba,0x6f,0xd9,0x73,0x01,0x72,0xe9,0x6f,0xe5,0x41,0x41,0x41,
  0x41,0x41,0x41,0x81,0x83,0x72,0xcd,0x72,0xeb,0x71,0x75,0x5f,0x70,0xeb,0x71,0x67,
  0x6f,0x00,0x6f,0x10,0x84,0x6f,0xf7,0x6f,0x57,0x70,0x90,0x6f,0x06,0x70,0x46,0x70,
  0x9c,0x72,0x59,0x72,0x0e,0x81,0x80,0x70,0x62,0x70,0x53,0x60,0x70,0x55,0x72,0xac,
  0x70,0x97,0x6f,0x92,0x70,0x33,0x73,0x28,0x6f,0xe1,0x80,0x70,0x82,0x6f,0x79,0x6f,
  0x1e,0x71,0xaa,0x71,0x67,0x70,0x1f,0x71,0x75,0x60,0x80,0x73,0x21,0x6f,0x29,0x70,
  0x53,0x70,0x64,0x70,0x5f,0x72,0xac,0x70,0xfd,0x72,0xe9,0x6f,0x22,0x5f,0x81,0x80,
  0x6f,0x00,0x70,0x6b,0x71,0x57,0x70,0x20,0x6f,0x14,0x70,0x8f,0x70,0x95,0x72,0x0e,
  0x73,0x4a,0x72,0xd2,0x60,0x80,0x6f,0x35,0x72,0x80,0x70,0x6b,0x71,0x57,0x70,0xe0,
  0x6f,0x60,0x71,0x95,0x80,0x6f,0x90,0x72,0x01,0x6f,0x01,0x72,0xda,0x72,0x77,0x6f,
  0xe1,0x6f,0x2e,0x72,0x0e,0x81,0x80,0x6f,0x9b,0x73,0x2b,0x41,0x41,0x41,0x41,0x41,
  0x41,0x70,0x2a,0x71,0x5e,0x6f,0x11,0x72,0x48,0x6f,0x8d,0x72,0x1a,0x80,0x6f,0x2f,
  0x6f,0x19,0x73,0x22,0x70,0xd7,0x72,0x0e,0x72,0xb9,0x6f,0x8d,0x60,0x70,0xeb,0x6f,
  0x06,0x72,0xba,0x72,0xc5,0x6f,0x57,0x5f,0x6f,0xd7,0x71,0x57,0x41,0x41,0x41,0x41,
  0x41,0x41,0x83,0x70,0x57,0x71,0x7b,0x6f,0x57,0x6f,0x1e,0x72,0xb0,0x6f,0x04,0x70,
  0x88,0x5f,0x84,0x72,0x84,0x6f,0x06,0x72,0x84,0x70,0x97,0x70,0xeb,0x6f,0x00,0x72,
  0xeb,0x72,0xe9,0x62,0x81,0x80,0x70,0xeb,0x70,0xfc,0x71,0x26,0x71,0xd2,0x70,0xaa,
  0x6f,0x0c,0x6f,0x22,0x5f,0x80,0x71,0xf9,0x70,0x2a,0x41,0x41,0x41,0x41,0x41,0x41,
  0x72,0x17,0x72,0x0e,0x71,0x67,0x71,0xd9,0x70,0x73,0x70,0xcd,0x60,0x73,0x21,0x6f,
  0x29,0x70,0x4d,0x72,0xf6,0x72,0x0e,0x70,0x53,0x70,0x64,0x70,0x5f,0x83,0x6f,0x00,
  0x70,0x6b,0x73,0x07,0x70,0x2a,0x71,0x7e,0x6f,0x10,0x70,0x2b,0x71,0x47,0x71,0xb9,
  0x72,0x1a,0x5f,0x84,0x6f,0x47,0x71,0x67,0x6f,0x00,0x6f,0x10,0x6f,0xa6,0x72,0x77,
  0x6f,0xc5,0x71,0x3a,0x70,0x55,0x6f,0x3a,0x72,0x0e,0x41,0x41,0x41,0x81,0x80,0x70,
  0xeb,0x6f,0x47,0x72,0x46,0x6f,0x92,0x73,0x21,0x6f,0x00,0x70,0x4a,0x72,0x0e,0x41,
  0x41,0x41,0x41,0x41,0x41,0x81,0x80,0x70,0x08,0x5f,0x70,0x2a,0x73,0x08,0x73,0x28,
  0x72,0xcd,0x72,0xc9,0x6f,0x76,0x70,0x6e,0x70,0xbd,0x6f,0xbd,0x73,0x53,0x60,0x80,
  0x6f,0x06,0x72,0x4a,0x70,0xcc,0x71,0x82,0x41,0x41,0x41,0x41,0x41,0x41,0x80,0x73,
  0x63,0x70,0x99,0x70,0xe3,0x72,0xd5,0x6f,0x57,0x73,0x08,0x6f,0x19,0x70,0x56,0x70,
  0xc1,0x72,0x7e,0x60,0x81,0x80,0x72,0x80,0x70,0x97,0x70,0xeb,0x73,0x08,0x71,0x82,
  0x72,0x0e,0x72,0x76,0x70,0x4e,0x70,0x5f,0x6f,0x04,0x70,0x88,0x60,0x81,0x80,0x71,
  0x33,0x6f,0x05,0x73,0x08,0x6f,0x10,0x6f,0xe5,0x60,0x80,0x72,0xb0,0x71,0x57,0x6f,
  0x57,0x6f,0x06,0x70,0x7e,0x70,0xc1,0x80,0x72,0xe9,0x73,0x09,0x6f,0x22,0x73,0x81,
  0x71,0xb1,0x6f,0x49,0x73,0x0f,0x71,0xd9,0x5f,0x81,0x80,0x70,0x82,0x72,0x16,0x72,
  0x16,0x73,0x08,0x73,0x65,0x73,0x3f,0x70,0x5f,0x60,0x73,0x21,0x6f,0x10,0x70,0x8f,
  0x70,0x95,0x71,0x91,0x73,0x7a,0x6f,0x22,0x70,0x26,0x71,0xf6,0x5f,0x83,0x71,0xf9,
  0x70,0x2a,0x71,0x94,0x72,0xc7,0x70,0x27,0x70,0xf3,0x70,0xa8,0x84,0x73,0x15,0x70,
  0xba,0x73,0x88,0x71,0x5e,0x6f,0x0a,0x72,0x05,0x72,0x0e,0x73,0x15,0x73,0x1c,0x60,
  0x81,0x80,0x6f,0x14,0x6f,0x22,0x71,0x21,0x6f,0x05,0x71,0x75,0x72,0x0e,0x6f,0x7a,
  0x73,0x53,0x5f,0x81,0x80,0x6f,0x57,0x70,0xc2,0x73,0x6a,0x6f,0x97,0x70,0xba,0x73,
  0x08,0x70,0xa6,0x70,0x88,0x73,0x68,0x72,0x0e,0x80,0x73,0x7e,0x70,0x39,0x5f,0x70,
  0xfa,0x6f,0x92,0x6f,0x00,0x6f,0x3b,0x6f,0xe0,0x6f,0x14,0x80,0x71,0x66,0x6f,0x1b,
  0x71,0xfa,0x71,0xfb,0x72,0x0e,0x70,0x6d,0x71,0xed,0x60,0x81,0x80,0x72,0x8a,0x6f,
  0x26,0x71,0xf9,0x70,0x2a,0x5f,0x70,0xeb,0x72,0x84,0x6f,0x14,0x6f,0x57,0x6f,0x62,
  0x72,0x0e,0x5f,0x80,0x6f,0x1e,0x6f,0xd3,0x71,0x67,0x70,0x98,0x6f,0x57,0x71,0xbe,
  0x73,0x52,0x72,0x08,0x6f,0xa4,0x41,0x41,0x41,0x41,0x41,0x41,0x80,0x73,0x56,0x71,
  0x51,0x71,0x90,0x73,0x04,0x6f,0x57,0x71,0x75,0x70,0x2e,0x70,0x2e,0x60,0x71,0x66,
  0x6f,0x1b,0x71,0xfa,0x71,0xfb,0x71,0x57,0x6f,0x14,0x6f,0x97,0x70,0xba,0x83,0x70,
  0x29,0x70,0x2b,0x72,0x0e,0x6f,0xa6,0x72,0x77,0x6f,0x82,0x70,0x43,0x72,0x0e,0x84,
  0x70,0x6d,0x71,0xed,0x60,0x81,0x80,0x70,0x66,0x72,0x84,0x6f,0x5c,0x71,0x01,0x6f,
  0xa6,0x72,0x77,0x6f,0x06,0x6f,0xce,0x80,0x73,0x88,0x71,0x5e,0x6f,0x1b,0x6f,0x9b,
  0x72,0x0e,0x70,0xb6,0x70,0x01,0x60,0x81,0x80,0x6f,0x57,0x71,0x4e,0x71,0xe0,0x70,
  0x92,0x72,0x60,0x70,0xbe,0x6f,0x92,0x6f,0x22,0x70,0x66,0x5f,0x80,0x6f,0x57,0x6f,
  0x00,0x70,0x6b,0x70,0x82,0x71,0x57,0x70,0xeb,0x6f,0x00,0x72,0x13,0x80,0x72,0x46,
  0x70,0xbc,0x72,0x0e,0x6f,0xa6,0x72,0x77,0x60,0x81,0x80,0x72,0xce,0x6f,0xc5,0x71,
  0x0e,0x71,0x3a,0x70,0x53,0x70,0x64,0x6f,0x3a,0x6f,0xe5,0x61,0x85,0x5f,0x71,0x57,
  0x6f,0x57,0x6f,0xe3,0x62,0x83,0x70,0xeb,0x71,0x23,0x71,0xbb,0x70,0x8f,0x70,0x95,
  0x70,0x2a,0x70,0x33,0x70,0x37,0x73,0x4d,0x73,0x06,0x84,0x70,0xf3,0x70,0xa8,0x6f,
  0x22,0x73,0x0b,0x71,0x21,0x6f,0x0d,0x6f,0x10,0x6f,0x0a,0x72,0x05,0x72,0x0e,0x73,
  0x15,0x73,0x1c,0x60,0x81,0x80,0x70,0x57,0x71,0x7b,0x6f,0x57,0x72,0xb0,0x6f,0x97,
  0x70,0xba,0x73,0x88,0x71,0x5e,0x6f,0x0a,0x72,0x05,0x5f,0x80,0x73,0x21,0x73,0x28,
  0x70,0xa2,0x72,0xcb,0x70,0x82,0x71,0x57,0x6f,0x57,0x72,0x0e,0x72,0x12,0x72,0x0e,
  0x70,0x2b,0x60,0x70,0x08,0x41,0x41,0x41,0x41,0x41,0x70,0xeb,0x6f,0xd7,0x70,0xce,
  0x6f,0xc6,0x71,0xe6,0x6f,0xea,0x72,0x43,0x72,0x0e,0x6f,0x66,0x70,0x5f,0x83,0x41,
  0x41,0x41,0x41,0x41,0x41,0x70,0x92,0x72,0x60,0x70,0x56,0x6f,0x18,0x71,0xaa,0x6f,
  0xe6,0x6f,0x92,0x84,0x6f,0x35,0x72,0x0e,0x72,0x43,0x70,0x41,0x6f,0x22,0x41,0x41,
  0x41,0x41,0x41,0x41,0x81,0x80,0x6f,0x35,0x6f,0xc5,0x70,0x7a,0x70,0xfa,0x73,0x87,
  0x73,0x2c,0x6f,0x1b,0x6f,0x9b,0x6f,0xe1,0x5f,0x81,0x80,0x6f,0x79,0x6f,0x1e,0x71,
  0xaa,0x71,0x67,0x70,0x1f,0x71,0x75,0x41,0x41,0x41,0x41,0x41,0x41,0x80,0x72,0x17,
  0x70,0xe0,0x72,0x20,0x73,0x1c,0x5f,0x6f,0x35,0x71,0xf9,0x70,0x2a,0x70,0x2a,0x70,
  0x06,0x73,0x28,0x41,0x41,0x41,0x80,0x6f,0xc6,0x70,0x2a,0x6f,0x62,0x6f,0x29,0x6f,
  0x2f,0x6f,0x19,0x41,0x41,0x41,0x41,0x41,0x41,0x6f,0xf5,0x70,0x19,0x70,0x19,0x41,
  0x41,0x41,0x70,0x05,0x62,0x83,0x73,0x08,0x6f,0x10,0x72,0x43,0x70,0x5f,0x61,0x70,
  0xeb,0x6f,0x66,0x70,0x5f,0x72,0x0e,0x72,0x43,0x70,0x5f,0x61,0x84,0x6f,0x57,0x72,
  0xb2,0x73,0x03,0x6f,0x35,0x6f,0xe3,0x62,0x81,0x80,0x6f,0x35,0x70,0x2a,0x70,0x06,
  0x62,0x6f,0x35,0x73,0x07,0x70,0x56,0x6f,0xe3,0x62,0x81,0x80,0x70,0x02,0x41,0x41,
  0x41,0x41,0x41,0x41,0x6f,0x57,0x6f,0x06,0x72,0x01,0x72,0xcd,0x6f,0x22,0x60,0x80,
  0x6f,0x33,0x6f,0x57,0x72,0x0e,0x72,0x19,0x72,0x2c,0x73,0x28,0x5f,0x80,0x70,0xeb,
  0x70,0x92,0x72,0x60,0x71,0x53,0x72,0x0c,0x6f,0x22,0x41,0x41,0x41,0x41,0x41,0x41,
  0x73,0x08,0x71,0x32,0x72,0x43,0x70,0x5f,0x41,0x41,0x41,0x41,0x41,0x41,0x83,0x70,
  0x82,0x72,0x02,0x6f,0x57,0x72,0x06,0x72,0x1a,0x6f,0xe5,0x41,0x41,0x41,0x41,0x41,
  0x41,0x84,0x6f,0x06,0x73,0x03,0x70,0xeb,0x71,0x67,0x6f,0x10,0x72,0xce,0x71,0xa5,
  0x5f,0x81,0x80,0x6f,0x57,0x72,0x84,0x70,0x2a,0x71,0x71,0x73,0x28,0x70,0xa0,0x70,
  0x2c,0x72,0x0e,0x70,0x7e,0x73,0x84,0x80,0x6f,0x97,0x6f,0xea,0x6f,0x00,0x73,0x74,
  0x70,0x56,0x6f,0xe6,0x72,0x0e,0x71,0x61,0x70,0x5f,0x6f,0xe3,0x62,0x80,0x70,0xeb,
  0x72,0x0e,0x6f,0x66,0x70,0x5f,0x5f,0x6f,0x00,0x70,0x6b,0x70,0xbd,0x73,0x7e,0x6f,
  0x74,0x72,0x0e,0x41,0x41,0x41,0x81,0x80,0x72,0xb0,0x71,0x57,0x72,0x84,0x72,0xb2,
  0x6f,0x35,0x6f,0x00,0x73,0x65,0x80,0x73,0x21,0x72,0xcb,0x70,0x46,0x70,0x56,0x41,
  0x41,0x41,0x41,0x41,0x41,0x6f,0xf5,0x70,0x19,0x70,0x19,0x41,0x41,0x41,0x41,0x41,
  0x41,0x6f,0xf5,0x70,0x19,0x70,0x19,0x41,0x41,0x41,0x41,0x41,0x41,0x70,0x1a,0x5f,
  0x85,0x60,0x71,0x65,0x73,0x06,0x71,0x67,0x83,0x70,0xbd,0x70,0x46,0x6f,0x2e,0x71,
  0x3d,0x70,0x93,0x72,0xd6,0x72,0xb8,0x5f,0x84,0x72,0xcd,0x6f,0x57,0x72,0x61,0x71,
  0x7c,0x6f,0x22,0x6f,0x71,0x6f,0x15,0x41,0x41,0x41,0x81,0x80,0x6f,0x4f,0x70,0xeb,
  0x72,0x14,0x6f,0x5d,0x6f,0x57,0x72,0x65,0x6f,0x06,0x6f,0x47,0x6f,0x62,0x73,0x21,
  0x72,0x32,0x6f,0x25,0x60,0x70,0xeb,0x41,0x41,0x41,0x41,0x41,0x41,0x70,0xeb,0x72,
  0xba,0x72,0xfe,0x61,0x83,0x6f,0x39,0x6f,0x57,0x73,0x08,0x71,0x82,0x72,0x0e,0x73,
  0x18,0x70,0xa5,0x5f,0x84,0x72,0x61,0x71,0x7c,0x70,0x3b,0x70,0x80,0x73,0x02,0x6f,
  0x71,0x6f,0x15,0x71,0x54,0x70,0x57,0x6f,0xca,0x71,0x1e,0x60,0x81,0x80,0x72,0x16,
  0x72,0xeb,0x71,0x75,0x6f,0x57,0x70,0x9d,0x6f,0x06,0x6f,0x65,0x6f,0x00,0x6f,0x10,
  0x70,0x2d,0x6f,0x2e,0x60,0x80,0x72,0xf2,0x70,0xbe,0x73,0x08,0x6f,0x19,0x70,0xc8,
  0x72,0x0e,0x72,0xc9,0x5f,0x80,0x6f,0xd7,0x6f,0x39,0x72,0xc7,0x72,0x1a,0x71,0x2d,
  0x71,0x2d,0x6f,0xdc,0x72,0x32,0x6f,0x0b,0x72,0xaf,0x60,0x81,0x80,0x71,0x9e,0x70,
  0x57,0x5f,0x73,0x08,0x6f,0x10,0x71,0x71,0x70,0x5f,0x73,0x28,0x72,0x0e,0x71,0x81,
  0x5f,0x80,0x71,0x81,0x6f,0x04,0x6f,0xd7,0x72,0x84,0x72,0x9d,0x72,0x1a,0x80,0x6f,
  0xdc,0x72,0x32,0x71,0x67,0x72,0x01,0x72,0x0e,0x73,0x1c,0x6f,0x77,0x60,0x81,0x80,
  0x72,0x89,0x70,0x91,0x72,0xc7,0x72,0xc7,0x72,0x16,0x6f,0xe5,0x61,0x70,0x18,0x61,
  0x6f,0x57,0x72,0xb0,0x71,0x57,0x71,0x67,0x71,0x51,0x73,0x47,0x83,0x72,0x16,0x73,
  0x08,0x70,0x2f,0x71,0xeb,0x70,0x5f,0x5f,0x84,0x6f,0x57,0x71,0x50,0x70,0x82,0x6f,
  0x92,0x72,0x5f,0x71,0xd9,0x6f,0x22,0x61,0x72,0x3d,0x72,0x1a,0x73,0x81,0x71,0xb1,
  0x71,0x42,0x72,0x4d,0x72,0x0e,0x6f,0x2e,0x5f,0x83,0x71,0x67,0x6f,0x00,0x70,0x2f,
  0x70,0xc1,0x6f,0x1b,0x72,0x26,0x71,0xea,0x72,0x46,0x72,0x1a,0x6f,0x57,0x71,0x75,
  0x71,0x10,0x60,0x70,0xba,0x71,0xa7,0x70,0x3a,0x73,0x28,0x70,0xf4,0x6f,0x0b,0x72,
  0xaf,0x72,0x0e,0x6f,0x2e,0x5f,0x83,0x70,0x7d,0x6f,0xce,0x6f,0x92,0x70,0xeb,0x72,
  0x0e,0x72,0xc4,0x6f,0xf8,0x60,0x73,0x08,0x71,0x74,0x72,0xf4,0x73,0x15,0x70,0xba,
  0x83,0x59,0x59,0x59,0x59,0x59,0x59,0x4d,0x59,0x70,0x4e,0x73,0x7b,0x6f,0x1b,0x71,
  0x89,0x84,0x59,0x59,0x59,0x59,0x59,0x59,0x4e,0x59,0x72,0x10,0x72,0xe0,0x6f,0x1b,
  0x71,0x71,0x73,0x08,0x71,0x74,0x72,0xf4,0x73,0x15,0x70,0xba,0x83,0x59,0x59,0x59,
  0x59,0x59,0x59,0x50,0x59,0x71,0xb8,0x72,0x3a,0x73,0x08,0x71,0x74,0x72,0xf4,0x73,
  0x15,0x70,0xba,0x83,0x59,0x59,0x59,0x59,0x59,0x59,0x50,0x59,0x71,0x5e,0x6f,0x1b,
  0x72,0x2c,0x71,0x9b,0x73,0x08,0x71,0x74,0x72,0xf4,0x73,0x15,0x70,0xba,0x83,0x59,
  0x59,0x59,0x59,0x59,0x59,0x4f,0x59,0x71,0xd8,0x70,0xb1,0x70,0xa4,0x4f,0x59,0x59,
  0x70,0xd7,0x73,0x81,0x6f,0x1b,0x71,0xae,0x83,0x59,0x59,0x59,0x59,0x59,0x59,0x59,
  0x59,0x59,0x72,0x2f,0x71,0x93,0x73,0x09,0x6f,0x6f,0x84,0x59,0x59,0x59,0x59,0x59,
  0x59,0x59,0x59,0x59,0x71,0x67,0x6f,0xc5,0x71,0x4d,0x70,0x1f,0x73,0x08,0x73,0x28,
  0x71,0x57,0x72,0x10,0x72,0xe0,0x6f,0x1b,0x71,0x71,0x60,0x83,0x6f,0x06,0x71,0x90,
  0x73,0x04,0x71,0xaa,0x71,0x67,0x6f,0xb9,0x71,0x9e,0x72,0x0e,0x6f,0x2e,0x60,0x70,
  0xe4,0x71,0x6a,0x71,0xcf,0x70,0x93,0x70,0x2a,0x6f,0x97,0x73,0x65,0x6f,0x06,0x73,
  0x0a,0x70,0x42,0x60,0x73,0x08,0x71,0x74,0x72,0xf4,0x73,0x15,0x70,0xba,0x83,0x59,
  0x59,0x59,0x59,0x59,0x59,0x50,0x4d,0x59,0x71,0xa3,0x6f,0x1b,0x72,0x2d,0x70,0x35,
  0x72,0x89,0x6f,0x33,0x73,0x4c,0x71,0x84,0x70,0x65,0x71,0x22,0x6f,0x93,0x73,0x08,
  0x73,0x28,0x5f,0x83,0x71,0x9d,0x6f,0x10,0x6f,0x2e,0x72,0x0e,0x72,0xa7,0x6f,0x14,
  0x73,0x24,0x6f,0xcf,0x70,0xbe,0x84,0x73,0x63,0x70,0x99,0x70,0xd1,0x70,0xa9,0x60,
  0x81,0x80,0x70,0xeb,0x72,0x20,0x73,0x1c,0x5f,0x71,0x50,0x71,0x59,0x71,0x67,0x6f,
  0x00,0x70,0x4a,0x5f,0x80,0x70,0xeb,0x6f,0x1e,0x6f,0x47,0x6f,0xcf,0x70,0xea,0x73,
  0x21,0x71,0x82,0x5f,0x80,0x6f,0xd3,0x71,0x57,0x71,0x51,0x73,0x47,0x72,0x0e,0x73,
  0x44,0x73,0x6f,0x72,0x70,0x6f,0x22,0x60,0x70,0x0e,0x59,0x70,0x0e,0x61,0x70,0x7e,
  0x70,0x64,0x70,0x5f,0x5f,0x83,0x6f,0x57,0x6f,0x06,0x72,0x84,0x73,0x09,0x70,0x33,
  0x72,0x0e,0x5f,0x84,0x70,0xc8,0x70,0x1f,0x70,0x74,0x72,0x1c,0x72,0xb4,0x6f,0xe5,
  0x61,0x87,0x86,0x85,0x5f,0x71,0x57,0x70,0xeb,0x72,0x99,0x70,0x00,0x71,0x45,0x71,
  0x07,0x71,0x07,0x60,0x83,0x70,0xeb,0x71,0x67,0x6f,0x00,0x71,0xd9,0x70,0xc7,0x6f,
  0xee,0x72,0x64,0x6f,0x57,0x41,0x41,0x41,0x41,0x41,0x41,0x84,0x73,0x08,0x6f,0x10,
  0x72,0x2c,0x71,0x9b,0x73,0x28,0x71,0x67,0x6f,0x00,0x6f,0x3b,0x70,0x6d,0x71,0xed,
  0x5f,0x81,0x80,0x6f,0xd7,0x6f,0x39,0x70,0xf3,0x72,0xdb,0x72,0x3d,0x71,0x67,0x80,
  0x72,0x56,0x72,0x8f,0x73,0x33,0x72,0x03,0x72,0x0e,0x73,0x81,0x71,0xed,0x60,0x80,
  0x6f,0x57,0x6f,0x00,0x70,0x6b,0x72,0xb0,0x71,0x10,0x6f,0x92,0x61,0x87,0x86,0x85,
  0x5f,0x71,0x57,0x70,0xeb,0x72,0x99,0x70,0x00,0x71,0x45,0x71,0x07,0x71,0x07,0x60,
  0x83,0x73,0x08,0x70,0xa6,0x70,0x33,0x70,0x37,0x73,0x28,0x73,0x65,0x5f,0x71,0x67,
  0x6f,0x00,0x73,0x6e,0x84,0x6f,0xe0,0x6f,0x14,0x71,0x66,0x6f,0x1b,0x71,0xfa,0x71,
  0xfb,0x72,0x0e,0x70,0x6d,0x71,0xed,0x60,0x81,0x80,0x70,0x97,0x72,0x1a,0x73,0x08,
  0x73,0x6e,0x71,0xfb,0x70,0x5f,0x72,0x0e,0x6f,0x2e,0x5f,0x80,0x70,0x2a,0x73,0x88,
  0x71,0x5e,0x72,0x0e,0x6f,0x0a,0x72,0x05,0x73,0x28,0x70,0x82,0x6f,0x06,0x80,0x6f,
  0x47,0x6f,0xce,0x6f,0x92,0x6f,0x5a,0x70,0x73,0x72,0x78,0x6f,0xcf,0x70,0xb5,0x60,
  0x81,0x80,0x6f,0x57,0x6f,0x00,0x70,0x6b,0x72,0xb0,0x70,0xfa,0x6f,0x92,0x70,0x66,
  0x5f,0x80,0x71,0xe0,0x6f,0xe1,0x70,0xf2,0x72,0x84,0x72,0x31,0x70,0xa8,0x73,0x08,
  0x70,0xa6,0x70,0x33,0x70,0x37,0x61,0x80,0x6f,0xaf,0x6f,0x02,0x6f,0x06,0x72,0xb0,
  0x70,0xc5,0x6f,0x22,0x71,0x66,0x6f,0x1b,0x71,0xfa,0x71,0xfb,0x41,0x41,0x41,0x41,
  0x41,0x41,0x47,0x48,0x47,0x49,0x47,0x48,0x47,0x49,0x47,0x48,0x48,0x48,0x48,0x47,
  0x49,0x47,0x48,0x47,0x49,0x83,0x47,0x49,0x47,0x47,0x48,0x47,0x49,0x47,0x48,0x47,
  0x49,0x84,0x47,0x48,0x47,0x49,0x47,0x47,0x48,0x47,0x49,0x49,0x48,0x47,0x47,0x49,
  0x70,0x49,0x71,0xd5,0x6f,0xcf,0x73,0x4f,0x6f,0x13,0x6f,0x1b,0x71,0x51,0x5f,0x83,
  0x6f,0xa6,0x72,0x77,0x70,0x57,0x71,0x5a,0x71,0x60,0x73,0x4f,0x6f,0x0a,0x60,0x84,
  0x73,0x79,0x70,0x3f,0x6f,0x1b,0x72,0xa6,0x72,0x85,0x72,0x14,0x70,0xfb,0x5f,0x81,
  0x80,0x70,0xf1,0x71,0x11,0x6f,0x03,0x71,0x7a,0x72,0x5d,0x72,0x42,0x5f,0x80,0x70,
  0x0a,0x71,0x67,0x71,0x95,0x6f,0x2e,0x72,0x84,0x71,0x08,0x6f,0x89,0x72,0x2c,0x6f,
  0x98,0x60,0x87,0x86,0x85,0x5f,0x70,0xeb,0x71,0x57,0x72,0x99,0x70,0x00,0x71,0x45,
  0x71,0x07,0x71,0x07,0x83,0x6f,0x57,0x70,0xc2,0x73,0x6a,0x70,0xe0,0x6f,0x9c,0x71,
  0xb1,0x6f,0x92,0x84,0x72,0x19,0x72,0x1b,0x70,0x8e,0x72,0x21,0x72,0x0e,0x6f,0x04,
  0x73,0x65,0x5f,0x81,0x80,0x70,0x2a,0x73,0x21,0x73,0x28,0x5f,0x6f,0x57,0x70,0xf2,
  0x72,0x84,0x6f,0x92,0x73,0x02,0x80,0x71,0xbd,0x70,0x93,0x71,0x07,0x70,0x88,0x73,
  0x68,0x72,0x0e,0x72,0xe8,0x71,0x07,0x6f,0x1b,0x70,0x39,0x60,0x80,0x6f,0x9f,0x70,
  0xc2,0x70,0x7e,0x70,0xc1,0x6f,0x97,0x72,0xa7,0x60,0x87,0x86,0x85,0x5f,0x71,0x57,
  0x70,0xeb,0x72,0x99,0x70,0x00,0x71,0x45,0x71,0x07,0x71,0x07,0x60,0x83,0x6f,0x0d,
  0x6f,0x10,0x6f,0x0a,0x72,0x05,0x70,0x79,0x70,0xa2,0x72,0x0e,0x71,0xed,0x6f,0x53,
  0x71,0x57,0x6f,0x77,0x71,0x67,0x84,0x72,0x14,0x6f,0x4e,0x70,0xb5,0x71,0xf2,0x72,
  0x0e,0x60,0x81,0x80,0x70,0x57,0x71,0x7b,0x6f,0x76,0x6f,0x11,0x6f,0x00,0x6f,0x10,
  0x6f,0x0a,0x72,0x05,0x6f,0x11,0x72,0x0e,0x71,0xed,0x6f,0x53,0x80,0x71,0x34,0x6f,
  0xcf,0x6f,0x22,0x5f,0x6f,0xd2,0x6f,0x00,0x6f,0x10,0x6f,0x0a,0x72,0x05,0x72,0x0e,
  0x71,0xed,0x6f,0x53,0x80,0x6f,0x1e,0x6f,0x47,0x73,0x56,0x6f,0x1b,0x71,0x34,0x6f,
  0xcf,0x60,0x87,0x86,0x85,0x41,0x41,0x41,0x71,0x57,0x70,0xeb,0x5f,0x70,0x3b,0x70,
  0x80,0x73,0x02,0x41,0x41,0x41,0x41,0x41,0x41,0x83,0x70,0x7e,0x70,0xc1,0x6f,0x06,
  0x72,0xb0,0x72,0xac,0x72,0x10,0x72,0xe0,0x72,0x0e,0x73,0x81,0x71,0xb1,0x84,0x73,
  0x0c,0x70,0xda,0x6f,0x22,0x61,0x87,0x86,0x85,0x5f,0x71,0x57,0x70,0xeb,0x72,0x99,
  0x70,0x00,0x71,0x45,0x71,0x07,0x71,0x07,0x60,0x83,0x6f,0x57,0x70,0xc2,0x73,0x6a,
  0x71,0xd9,0x71,0xe4,0x70,0x1e,0x6f,0x10,0x71,0xd0,0x71,0xd6,0x5f,0x84,0x70,0xf2,
  0x72,0x84,0x70,0xf3,0x70,0xa8,0x6f,0x97,0x73,0x09,0x72,0x0e,0x72,0xf4,0x60,0x47,
  0x49,0x47,0x48,0x47,0x49,0x47,0x48,0x47,0x48,0x47,0x83,0x47,0x48,0x47,0x49,0x47,
  0x49,0x47,0x48,0x47,0x49,0x84,0x47,0x48,0x47,0x49,0x47,0x49,0x47,0x48,0x47,0x49,
  0x47,0x70,0xe0,0x70,0xf3,0x70,0xa8,0x6f,0x97,0x73,0x09,0x72,0x0e,0x72,0xf4,0x6f,
  0xe3,0x41,0x41,0x41,0x41,0x41,0x41,0x83,0x70,0x2a,0x73,0x08,0x73,0x28,0x72,0xbf,
  0x6f,0x10,0x70,0xe4,0x6f,0xe5,0x41,0x41,0x41,0x41,0x41,0x41,0x84,0x6f,0x57,0x6f,
  0x47,0x70,0x57,0x70,0xe4,0x72,0x0e,0x60,0x87,0x86,0x6f,0x9e,0x6f,0x59,0x72,0xac,
  0x70,0xf3,0x6f,0xed,0x6f,0x52,0x72,0x0e,0x71,0x51,0x6f,0x5f,0x5f,0x83,0x6f,0x00,
  0x70,0x6b,0x72,0xb0,0x72,0x01,0x73,0x35,0x6f,0x1b,0x72,0x4b,0x84,0x72,0xb6,0x6f,
  0x7f,0x70,0x66,0x60,0x81,0x80,0x85,0x5f,0x70,0xeb,0x72,0x14,0x6f,0x5d,0x6f,0x57,
  0x80,0x6f,0x00,0x70,0x6b,0x72,0x84,0x70,0xea,0x6f,0x9d,0x72,0x0e,0x60,0x87,0x86,
  0x85,0x5f,0x6f,0x57,0x72,0x84,0x6f,0xe6,0x72,0xb2,0x70,0xeb,0x72,0x0e,0x70,0x41,
  0x73,0x67,0x6f,0xe3,0x62,0x83,0x71,0x57,0x70,0xeb,0x5f,0x70,0x3b,0x70,0x80,0x73,
  0x02,0x60,0x84,0x70,0xeb,0x72,0xac,0x70,0x1d,0x72,0x2f,0x70,0x2a,0x71,0x98,0x6f,
  0x2a,0x6f,0x1b,0x70,0x88,0x81,0x80,0x70,0x88,0x73,0x68,0x72,0x0e,0x6f,0x1c,0x73,
  0x8a,0x70,0x8a,0x6f,0x1b,0x6f,0x11,0x60,0x81,0x80,0x70,0xeb,0x72,0x20,0x73,0x1c,
  0x6f,0x57,0x70,0x92,0x72,0x60,0x70,0xbd,0x6f,0xa2,0x6f,0x9b,0x6f,0x22,0x5f,0x80,
  0x6f,0x4f,0x73,0x07,0x71,0x57,0x72,0xce,0x6f,0x57,0x6f,0x9e,0x70,0xc8,0x6f,0x00,
  0x71,0xd9,0x71,0x96,0x6f,0x42,0x60,0x87,0x86,0x85,0x5f,0x71,0x57,0x70,0xeb,0x72,
  0x99,0x70,0x00,0x71,0x45,0x71,0x07,0x71,0x07,0x60,0x83,0x6f,0x57,0x72,0xb0,0x70,
  0x83,0x73,0x2b,0x70,0xfc,0x6f,0xdc,0x6f,0x10,0x73,0x0c,0x70,0x72,0x73,0x28,0x84,
  0x70,0xef,0x71,0x67,0x72,0x0e,0x70,0x6d,0x71,0xed,0x73,0x24,0x70,0xfa,0x6f,0x89,
  0x71,0x75,0x60,0x87,0x86,0x6f,0xe6,0x70,0x56,0x6f,0x22,0x5f,0x85,0x60,0x83,0x6f,
  0xbe,0x6f,0x58,0x71,0x57,0x70,0x49,0x70,0x95,0x6f,0x1b,0x6f,0x98,0x5f,0x84,0x6f,
  0x1e,0x71,0x4d,0x71,0xb1,0x6f,0x4a,0x6f,0x92,0x70,0x8f,0x70,0x95,0x72,0x0e,0x72,
  0x7d,0x72,0xf8,0x60,0x81,0x80,0x6f,0x57,0x70,0xc2,0x73,0x6a,0x70,0xe0,0x6f,0x9c,
  0x71,0xb1,0x72,0xbb,0x6f,0x35,0x72,0x0e,0x73,0x81,0x71,0xb1,0x80,0x70,0xf3,0x6f,
  0x92,0x6f,0x35,0x72,0x89,0x70,0x91,0x60,0x87,0x86,0x85,0x5f,0x70,0x7e,0x70,0xc1,
  0x6f,0x06,0x72,0xb0,0x72,0x01,0x6f,0x6b,0x70,0xef,0x71,0x67,0x72,0x0e,0x83,0x73,
  0x81,0x6f,0x9b,0x5f,0x6f,0xd3,0x71,0x67,0x70,0x97,0x72,0x1a,0x70,0xd5,0x70,0x44,
  0x73,0x81,0x6f,0x9b,0x72,0x0e,0x84,0x72,0x94,0x71,0xa3,0x71,0x51,0x70,0xf2,0x72,
  0x84,0x71,0xc0,0x6f,0x6f,0x73,0x0c,0x70,0x72,0x5f,0x81,0x80,0x6f,0xaf,0x6f,0x02,
  0x6f,0x06,0x72,0xb0,0x73,0x83,0x72,0x97,0x72,0xa7,0x6f,0x25,0x60,0x87,0x86,0x85,
  0x5f,0x6f,0x57,0x71,0x67,0x70,0xd5,0x70,0x44,0x73,0x81,0x6f,0x9b,0x72,0x0e,0x83,
  0x72,0x94,0x71,0xa3,0x6f,0xe3,0x62,0x71,0xaa,0x71,0x67,0x72,0x0e,0x72,0xc9,0x5f,
  0x84,0x70,0x82,0x6f,0x06,0x72,0xb0,0x70,0xba,0x73,0x28,0x73,0x65,0x72,0xe9,0x6f,
  0x22,0x60,0x87,0x86,0x85,0x5f,0x70,0x2a,0x73,0x08,0x6f,0x10,0x73,0x0c,0x70,0x72,
  0x73,0x28,0x5f,0x83,0x6f,0xd3,0x71,0x67,0x73,0x81,0x71,0xb1,0x71,0xd0,0x71,0xdf,
  0x84,0x70,0xf2,0x72,0x84,0x6f,0x5c,0x71,0x01,0x6f,0x57,0x60,0x87,0x86,0x85,0x5f,
  0x6f,0x6b,0x73,0x64,0x6f,0x98,0x71,0x57,0x70,0xf3,0x6f,0x06,0x6f,0x5e,0x83,0x73,
  0x7c,0x73,0x7d,0x6f,0x98,0x70,0x3f,0x72,0x0e,0x60,0x6f,0x06,0x73,0x03,0x5f,0x84,
  0x70,0x66,0x6f,0x3a,0x6f,0x5e,0x6f,0x05,0x6f,0xe1,0x5f,0x70,0x79,0x71,0x7e,0x72,
  0x32,0x73,0x1c,0x6f,0x77,0x81,0x80,0x72,0x0e,0x73,0x49,0x70,0xbf,0x6f,0x9b,0x6f,
  0x47,0x6f,0xcf,0x70,0xbe,0x70,0xbd,0x6f,0x51,0x60,0x87,0x86,0x85,0x5f,0x71,0x57,
  0x70,0xeb,0x72,0x99,0x70,0x00,0x71,0x45,0x71,0x07,0x71,0x07,0x60,0x83,0x70,0xeb,
  0x71,0x67,0x6f,0x00,0x6f,0x29,0x70,0xc7,0x6f,0xee,0x72,0xb0,0x72,0x64,0x6f,0x57,
  0x41,0x41,0x41,0x41,0x41,0x41,0x84,0x70,0x2a,0x73,0x0c,0x70,0x72,0x73,0x28,0x72,
  0x0e,0x6f,0x3d,0x6f,0x54,0x71,0x51,0x6f,0x5f,0x5f,0x81,0x80,0x6f,0xd3,0x72,0xb0,
  0x6f,0x57,0x72,0x16,0x72,0x1a,0x73,0x81,0x73,0x3f,0x5f,0x80,0x70,0x82,0x6f,0x47,
  0x70,0x1f,0x6f,0x92,0x73,0x0c,0x70,0x72,0x72,0x0e,0x6f,0x6f,0x6f,0xd0,0x60,0x80,
  0x6f,0xaf,0x6f,0x02,0x6f,0x06,0x72,0xb0,0x70,0xc5,0x72,0xbd,0x6f,0x22,0x61,0x73,
  0x08,0x71,0x57,0x70,0xeb,0x72,0x0e,0x72,0x35,0x70,0x76,0x70,0x34,0x70,0x2b,0x60,
  0x83,0x6f,0x06,0x72,0xb0,0x6f,0xee,0x72,0xc6,0x6f,0x91,0x6f,0x2e,0x5f,0x6f,0xd7,
  0x6f,0x39,0x6f,0xe3,0x62,0x6f,0x57,0x71,0x19,0x6f,0x92,0x6f,0x00,0x6f,0xd3,0x72,
  0xa4,0x72,0xa3,0x61,0x81,0x83,0x6f,0x57,0x72,0xb0,0x70,0xcc,0x6f,0x19,0x6f,0x62,
  0x62,0x84,0x59,0x59,0x59,0x59,0x44,0x59,0x71,0x36,0x73,0x09,0x71,0xfe,0x70,0x5f,
  0x73,0x28,0x80,0x59,0x59,0x59,0x59,0x59,0x59,0x59,0x71,0x36,0x70,0x66,0x72,0xe9,
  0x6f,0xe5,0x87,0x80,0x6f,0x57,0x71,0x19,0x6f,0x92,0x6f,0x00,0x6f,0xd3,0x72,0x51,
  0x71,0xd3,0x61,0x81,0x83,0x6f,0x57,0x72,0xb0,0x70,0xcc,0x6f,0x19,0x6f,0x62,0x62,
  0x84,0x59,0x59,0x59,0x59,0x44,0x59,0x71,0x36,0x6f,0x92,0x71,0xfe,0x70,0x5f,0x73,
  0x28,0x80,0x59,0x59,0x59,0x59,0x59,0x59,0x59,0x71,0x36,0x70,0x66,0x72,0xe9,0x6f,
  0xe5,0x87,0x80,0x71,0xaa,0x71,0x67,0x72,0x3c,0x71,0xfe,0x70,0x5f,0x72,0xad,0x6f,
  0x22,0x60,0x83,0x71,0xaa,0x6f,0x9c,0x71,0xb1,0x41,0x41,0x41,0x41,0x41,0x41,0x84,
  0x6f,0xd3,0x70,0x56,0x71,0x36,0x70,0x66,0x72,0xe9,0x6f,0x22,0x60,0x6f,0x57,0x72,
  0x0e,0x70,0xea,0x72,0x68,0x71,0x57,0x87,0x23,0x87,0x22,0x6f,0x8b,0x83,0x87,0x21,
  0x87,0x20,0x72,0x34,0x60,0x70,0x57,0x71,0x7b,0x6f,0x57,0x72,0x84,0x70,0x2a,0x35,
  0x39,0x72,0x34,0x6f,0x78,0x83,0x6f,0x92,0x73,0x02,0x72,0x5f,0x71,0xd9,0x5f,0x84,
  0x70,0xeb,0x6f,0x47,0x73,0x0f,0x6f,0x00,0x71,0x82,0x70,0x56,0x6f,0x0b,0x72,0xaf,
  0x72,0x64,0x6f,0x57,0x60,0x81,0x80,0x6f,0x82,0x70,0x43,0x70,0x56,0x41,0x41,0x41,
  0x41,0x41,0x41,0x73,0x6c,0x70,0x43,0x41,0x41,0x41,0x41,0x41,0x41,0x70,0xa8,0x70,
  0x5c,0x61,0x6f,0x57,0x73,0x15,0x73,0x03,0x6f,0x22,0x61,0x83,0x72,0x2b,0x72,0xdf,
  0x6f,0x57,0x61,0x84,0x73,0x0f,0x6f,0x57,0x6f,0x00,0x70,0x2f,0x70,0xc1,0x6f,0x1b,
  0x72,0x26,0x71,0xea,0x61,0x6f,0x57,0x70,0x4d,0x72,0xdb,0x6f,0x22,0x61,0x83,0x72,
  0x17,0x6f,0x06,0x72,0xe9,0x73,0x05,0x61,0x84,0x72,0xb0,0x6f,0x79,0x72,0xc7,0x6f,
  0x00,0x71,0x8f,0x6f,0xe3,0x62,0x70,0xeb,0x71,0xaa,0x71,0x67,0x6f,0x0b,0x72,0xaf,
  0x6f,0xd7,0x6f,0x39,0x72,0x64,0x6f,0x57,0x6f,0x22,0x5f,0x83,0x72,0x17,0x71,0x03,
  0x71,0x92,0x61,0x6f,0x57,0x72,0xb0,0x6f,0x33,0x71,0x94,0x72,0x24,0x72,0x0e,0x6f,
  0x6f,0x6f,0xd0,0x83,0x73,0x09,0x6f,0x6f,0x73,0x0c,0x70,0x72,0x5f,0x84,0x6f,0x06,
  0x71,0xe0,0x70,0xeb,0x71,0xaa,0x6f,0x9c,0x71,0xb1,0x72,0xb9,0x71,0x51,0x41,0x41,
  0x41,0x41,0x41,0x41,0x70,0x18,0x5f,0x6f,0x6a,0x72,0x00,0x61,0x6f,0x57,0x6f,0x92,
  0x71,0xf9,0x70,0x2a,0x83,0x73,0x07,0x71,0xaa,0x71,0x67,0x6f,0x00,0x6f,0x10,0x6f,
  0x02,0x72,0x84,0x72,0x0e,0x71,0xfe,0x70,0x5f,0x6f,0xe3,0x62,0x84,0x6f,0x2f,0x6f,
  0x19,0x6f,0x0b,0x72,0xaf,0x73,0x24,0x72,0x84,0x72,0xad,0x61,0x81,0x80,0x6f,0x5b,
  0x70,0x6c,0x6f,0xb5,0x70,0x0d,0x5f,0x6f,0xd3,0x72,0xb0,0x35,0x34,0x34,0x6f,0xb9,
  0x71,0x9e,0x61,0x81,0x80,0x70,0xcc,0x6f,0x19,0x71,0x82,0x62,0x71,0x67,0x6f,0x74,
  0x72,0xf0,0x6f,0xe3,0x62,0x80,0x59,0x59,0x59,0x59,0x44,0x59,0x6f,0x20,0x6f,0x00,
  0x6f,0x10,0x80,0x59,0x59,0x59,0x59,0x59,0x59,0x59,0x6f,0x06,0x73,0x60,0x72,0xb0,
  0x87,0x80,0x70,0x56,0x72,0x19,0x6f,0x6b,0x61,0x72,0xd5,0x72,0xd5,0x70,0xdd,0x73,
  0x6b,0x61,0x83,0x70,0xc8,0x70,0xfc,0x70,0x66,0x6f,0x17,0x73,0x03,0x70,0x4e,0x73,
  0x68,0x5f,0x84,0x72,0xbb,0x70,0x49,0x70,0x74,0x70,0x56,0x70,0x56,0x72,0x16,0x72,
  0x16,0x6f,0xe5,0x61,0x70,0x05,0x5f,0x71,0x57,0x73,0x08,0x71,0x82,0x41,0x41,0x41,
  0x41,0x41,0x41,0x72,0x17,0x6f,0x06,0x72,0xe9,0x73,0x05,0x60,0x83,0x72,0xe5,0x70,
  0x48,0x6f,0xb9,0x71,0x9e,0x6f,0x79,0x71,0x75,0x6f,0xe5,0x60,0x71,0xfe,0x70,0x5f,
  0x70,0x92,0x72,0x60,0x6f,0xb5,0x70,0x6a,0x6f,0x22,0x60,0x83,0x6f,0x57,0x71,0x59,
  0x71,0xd9,0x6f,0x79,0x71,0x75,0x72,0x16,0x72,0x16,0x6f,0xe5,0x5f,0x70,0x56,0x6f,
  0xe3,0x62,0x84,0x41,0x41,0x41,0x41,0x41,0x41,0x6f,0xff,0x61,0x73,0x08,0x6f,0xd3,
  0x72,0xa4,0x72,0xa3,0x6f,0xae,0x6f,0x8b,0x72,0x38,0x71,0x67,0x5f,0x83,0x70,0xeb,
  0x6f,0x89,0x35,0x34,0x34,0x6f,0xb9,0x71,0x9e,0x6f,0x20,0x6f,0x05,0x6f,0x22,0x61,
  0x6f,0xff,0x61,0x6f,0xdb,0x73,0x82,0x71,0x67,0x72,0x0f,0x6f,0x64,0x70,0xa7,0x60,
  0x83,0x70,0xeb,0x72,0x01,0x73,0x08,0x6f,0x29,0x6f,0x0b,0x72,0xaf,0x72,0xf3,0x6f,
  0x57,0x71,0x1b,0x61,0x70,0x03,0x5f,0x85,0x61,0x83,0x6f,0x57,0x6f,0x4e,0x6f,0x1d,
  0x73,0x1a,0x6f,0x92,0x70,0x49,0x73,0x86,0x71,0xdc,0x6f,0x22,0x5f,0x84,0x6f,0x06,
  0x73,0x03,0x70,0xeb,0x6f,0xd3,0x72,0x84,0x72,0x64,0x6f,0x57,0x73,0x08,0x6f,0x10,
  0x60,0x70,0x0c,0x5f,0x71,0x57,0x6f,0x57,0x61,0x83,0x71,0x90,0x73,0x04,0x71,0x90,
  0x73,0x04,0x61,0x84,0x73,0x60,0x72,0xb0,0x6f,0x2f,0x6f,0x19,0x5f,0x72,0xce,0x6f,
  0xee,0x72,0xc6,0x70,0xeb,0x6f,0x3a,0x61,0x81,0x80,0x59,0x59,0x59,0x59,0x44,0x59,
  0x70,0x98,0x70,0xeb,0x73,0x3d,0x6f,0x98,0x80,0x59,0x59,0x59,0x59,0x59,0x59,0x59,
  0x70,0xeb,0x6f,0xd3,0x71,0x57,0x72,0xf4,0x73,0x03,0x87,0x80,0x72,0x49,0x6f,0x57,
  0x6f,0x45,0x70,0xdd,0x6f,0x3c,0x6f,0xe5,0x61,0x83,0x59,0x59,0x59,0x59,0x44,0x59,
  0x72,0x64,0x6f,0x57,0x35,0x34,0x6f,0xb9,0x71,0x9e,0x84,0x59,0x59,0x59,0x59,0x59,
  0x59,0x59,0x72,0x46,0x6f,0x00,0x6f,0x05,0x87,0x80,0x72,0x24,0x70,0x6b,0x72,0xb0,
  0x73,0x3d,0x73,0x19,0x6f,0xe3,0x62,0x83,0x59,0x59,0x59,0x59,0x44,0x59,0x72,0x24,
  0x70,0x6b,0x84,0x59,0x59,0x59,0x59,0x59,0x59,0x59,0x70,0xeb,0x71,0x34,0x6f,0xcf,
  0x6f,0x15,0x70,0xe1,0x6f,0x22,0x87,0x80,0x6f,0x06,0x72,0x84,0x6f,0x79,0x73,0x3d,
  0x73,0x19,0x6f,0x22,0x60,0x83,0x72,0x17,0x71,0x03,0x71,0x92,0x61,0x73,0x56,0x71,
  0x51,0x73,0x24,0x6f,0xd7,0x6f,0x39,0x71,0x75,0x60,0x83,0x70,0x56,0x6f,0x22,0x5f,
  0x72,0x67,0x72,0x69,0x70,0x9a,0x71,0xb9,0x6f,0xe5,0x61,0x84,0x59,0x70,0x18,0x6f,
  0xfd,0x61,0x70,0x18,0x6f,0xfd,0x61,0x71,0xaa,0x73,0x44,0x73,0x6f,0x61,0x6f,0x06,
  0x73,0x03,0x6f,0x57,0x72,0xb0,0x70,0xfc,0x6f,0x98,0x83,0x71,0x36,0x70,0x2a,0x73,
  0x08,0x73,0x28,0x6f,0x00,0x71,0x9a,0x71,0x51,0x73,0x47,0x60,0x6f,0x57,0x72,0x0e,
  0x6f,0x98,0x73,0x3d,0x73,0x19,0x70,0x56,0x6f,0x22,0x60,0x83,0x71,0xf9,0x70,0x2a,
  0x6f,0x57,0x6f,0xd7,0x6f,0x39,0x70,0xfc,0x70,0x66,0x6f,0x17,0x6f,0xe2,0x70,0x4a,
  0x72,0x3c,0x6f,0x22,0x61,0x70,0xeb,0x72,0x0e,0x6f,0xdf,0x6f,0x4c,0x6f,0x06,0x72,
  0xb2,0x6f,0x22,0x5f,0x83,0x70,0x57,0x71,0x7b,0x6f,0x35,0x70,0x2a,0x73,0x08,0x73,
  0x28,0x5f,0x84,0x70,0xeb,0x6f,0x3a,0x70,0x82,0x72,0x84,0x70,0x98,0x6f,0x57,0x73,
  0x3d,0x6f,0x98,0x6f,0x22,0x60,0x81,0x80,0x71,0xf9,0x70,0x2a,0x72,0x0e,0x72,0xc9,
  0x5f,0x80,0x70,0xeb,0x6f,0x2f,0x6f,0x19,0x6f,0x1e,0x70,0x98,0x6f,0x06,0x6f,0x22,
  0x6f,0x57,0x60,0x6f,0xff,0x5f,0x72,0x17,0x71,0x67,0x6f,0x57,0x72,0x0e,0x61,0x83,
  0x6f,0x57,0x70,0xfa,0x6f,0x92,0x70,0xeb,0x72,0x0e,0x6f,0x46,0x6f,0x4c,0x6f,0x22,
  0x61,0x84,0x70,0xeb,0x70,0x4b,0x73,0x7e,0x6f,0x74,0x6f,0x22,0x61,0x81,0x80,0x6f,
  0x05,0x71,0x8f,0x6f,0x79,0x71,0x75,0x6f,0xe5,0x61,0x80,0x70,0xeb,0x6f,0x3a,0x6f,
  0x47,0x70,0x98,0x6f,0x57,0x70,0xfc,0x6f,0x98,0x73,0x3d,0x73,0x19,0x70,0xbe,0x80,
  0x6f,0x96,0x73,0x31,0x70,0x57,0x71,0xb2,0x72,0x0e,0x61,0x6f,0xf2,0x6f,0xf2,0x41,
  0x41,0x41,0x41,0x41,0x41,0x6f,0x57,0x72,0x0e,0x71,0x82,0x70,0x5f,0x71,0xaa,0x71,
  0x67,0x6f,0xcf,0x61,0x83,0x6f,0x57,0x6f,0x06,0x71,0x57,0x71,0x5b,0x73,0x15,0x6f,
  0x2e,0x6f,0xe5,0x62,0x84,0x70,0xeb,0x6f,0x39,0x6f,0x97,0x6f,0x52,0x70,0x2a,0x6f,
  0xb8,0x6f,0xb8,0x6f,0x90,0x72,0x33,0x71,0x71,0x5f,0x81,0x80,0x6f,0x06,0x72,0x20,
  0x73,0x1c,0x70,0xeb,0x72,0x0e,0x6f,0x46,0x6f,0x4c,0x80,0x6f,0x00,0x6f,0x10,0x6f,
  0x2e,0x70,0x2a,0x73,0x21,0x73,0x01,0x70,0xcc,0x6f,0x19,0x71,0x82,0x6f,0x22,0x60,
  0x80,0x72,0x84,0x70,0x98,0x6f,0x10,0x70,0xc6,0x6f,0xe3,0x62,0x81,0x80,0x72,0xce,
  0x70,0x97,0x70,0xeb,0x6f,0xc5,0x70,0xfa,0x6f,0x35,0x61,0x80,0x71,0x0b,0x70,0xf5,
  0x6f,0x22,0x41,0x41,0x41,0x41,0x41,0x41,0x70,0xeb,0x6f,0x3a,0x73,0x07,0x71,0xaa,
  0x70,0x6a,0x70,0x8b,0x61,0x83,0x71,0x59,0x6f,0x00,0x71,0xd9,0x6f,0x79,0x71,0x75,
  0x72,0x16,0x6f,0xe5,0x61,0x72,0xd5,0x72,0xd5,0x6f,0x57,0x61,0x70,0x45,0x72,0xa7,
  0x6f,0x2e,0x6f,0x06,0x72,0xb0,0x6f,0x21,0x71,0x75,0x5f,0x83,0x73,0x08,0x71,0x82,
  0x6f,0xd3,0x6f,0x47,0x70,0x5a,0x72,0x25,0x6f,0x92,0x70,0xeb,0x6f,0x3a,0x72,0x0e,
  0x70,0x8b,0x6f,0x56,0x61,0x72,0x89,0x6f,0x33,0x71,0x75,0x6f,0x92,0x73,0x08,0x6f,
  0x10,0x6f,0x0a,0x72,0x05,0x6f,0x1b,0x6f,0xe1,0x5f,0x83,0x70,0xeb,0x70,0x82,0x6f,
  0xcf,0x70,0xea,0x6f,0x22,0x73,0x08,0x6f,0x9a,0x71,0x8d,0x71,0x82,0x60,0x84,0x70,
  0x2a,0x70,0xeb,0x6f,0xc4,0x71,0x75,0x72,0x0e,0x6f,0x0a,0x72,0x05,0x73,0x28,0x5f,
  0x81,0x80,0x70,0xeb,0x71,0x65,0x70,0x11,0x71,0x90,0x72,0x0e,0x70,0x82,0x71,0x57,
  0x6f,0xea,0x72,0x43,0x70,0x5f,0x41,0x41,0x41,0x41,0x41,0x41,0x80,0x71,0x9d,0x70,
  0xb4,0x70,0xeb,0x6f,0xea,0x72,0xeb,0x72,0x43,0x70,0x5f,0x5f,0x70,0x82,0x71,0x67,
  0x72,0xbf,0x70,0x46,0x80,0x70,0x7e,0x6f,0xa0,0x71,0xed,0x70,0x24,0x70,0x2a,0x70,
  0xeb,0x72,0xf8,0x73,0x01,0x41,0x41,0x41,0x41,0x41,0x41,0x81,0x80,0x70,0xeb,0x72,
  0x17,0x72,0x0e,0x70,0x56,0x70,0xe0,0x70,0x1f,0x6f,0x92,0x73,0x21,0x73,0x28,0x72,
  0x16,0x72,0x16,0x41,0x41,0x41,0x41,0x41,0x41,0x80,0x70,0x2a,0x70,0xeb,0x71,0x75,
  0x73,0x08,0x73,0x28,0x6f,0x1b,0x6f,0x97,0x5f,0x80,0x70,0xeb,0x70,0xfc,0x70,0xeb,
  0x72,0x0e,0x73,0x55,0x72,0x43,0x6f,0xf7,0x72,0x90,0x72,0x4f,0x81,0x80,0x70,0x32,
  0x70,0x2a,0x6f,0x22,0x73,0x08,0x73,0x4d,0x73,0x06,0x41,0x41,0x41,0x41,0x41,0x41,
  0x81,0x80,0x6f,0x57,0x41,0x41,0x41,0x41,0x41,0x41,0x6f,0xd7,0x6f,0x39,0x70,0x98,
  0x70,0xeb,0x70,0xfa,0x6f,0x89,0x71,0x75,0x6f,0xe3,0x62,0x80,0x59,0x59,0x59,0x59,
  0x44,0x59,0x6f,0xd7,0x6f,0x39,0x80,0x59,0x59,0x59,0x59,0x59,0x59,0x59,0x6f,0x06,
  0x72,0xa7,0x87,0x80,0x73,0x21,0x41,0x41,0x41,0x41,0x41,0x41,0x83,0x70,0xeb,0x6f,
  0xd7,0x6f,0x39,0x70,0xfc,0x73,0x31,0x73,0x34,0x6f,0x60,0x72,0x64,0x6f,0x57,0x60,
  0x84,0x71,0x0b,0x70,0xf5,0x6f,0x57,0x6f,0x22,0x61,0x41,0x41,0x41,0x41,0x41,0x41,
  0x73,0x08,0x71,0x82,0x70,0x0c,0x60,0x83,0x71,0xaa,0x6f,0x73,0x72,0x53,0x72,0x0e,
  0x60,0x84,0x6f,0x79,0x72,0xb2,0x6f,0x22,0x41,0x41,0x41,0x41,0x41,0x41,0x6f,0x57,
  0x41,0x41,0x41,0x41,0x41,0x41,0x83,0x70,0xfa,0x6f,0x92,0x70,0xeb,0x72,0x0e,0x73,
  0x55,0x72,0x43,0x6f,0x22,0x6f,0xe3,0x62,0x84,0x6f,0x06,0x72,0x01,0x72,0x1a,0x70,
  0xd0,0x41,0x41,0x41,0x41,0x41,0x41,0x70,0xe5,0x70,0xe5,0x70,0xfa,0x70,0x82,0x70,
  0x56,0x41,0x41,0x41,0x41,0x41,0x41,0x72,0xd5,0x72,0xd5,0x6f,0x57,0x5f,0x85,0x60,
  0x83,0x6f,0x4f,0x71,0x57,0x41,0x41,0x41,0x41,0x41,0x41,0x70,0xeb,0x70,0x92,0x72,
  0x60,0x41,0x41,0x41,0x41,0x41,0x41,0x84,0x71,0x4d,0x71,0xb1,0x6f,0x79,0x6f,0xea,
  0x72,0x43,0x70,0x5f,0x6f,0x22,0x41,0x41,0x41,0x41,0x41,0x41,0x81,0x80,0x72,0x02,
  0x6f,0x57,0x71,0x64,0x70,0xeb,0x6f,0x5c,0x72,0x4a,0x6f,0xe5,0x60,0x80,0x70,0x57,
  0x71,0x7b,0x6f,0x57,0x71,0x67,0x71,0x70,0x6f,0x47,0x6f,0x92,0x70,0xeb,0x6f,0x52,
  0x72,0x0e,0x71,0x71,0x70,0x5f,0x80,0x41,0x41,0x41,0x41,0x41,0x41,0x73,0x21,0x73,
  0x28,0x71,0x67,0x6f,0x00,0x6f,0x50,0x72,0x16,0x72,0xeb,0x71,0x75,0x81,0x80,0x71,
  0xab,0x71,0x85,0x72,0x0e,0x72,0x76,0x6f,0x2e,0x41,0x41,0x41,0x41,0x41,0x41,0x85,
  0x81,0x80,0x41,0x41,0x41,0x70,0xeb,0x72,0x0e,0x70,0xe1,0x72,0xc5,0x72,0xee,0x71,
  0x75,0x72,0xee,0x71,0x8d,0x72,0x52,0x6f,0x22,0x41,0x41,0x41,0x41,0x41,0x41,0x80,
  0x70,0xeb,0x70,0xe0,0x6f,0x79,0x6f,0xe6,0x6f,0x00,0x71,0x8f,0x41,0x41,0x41,0x41,
  0x41,0x41,0x80,0x73,0x21,0x71,0x32,0x72,0x43,0x70,0x5f,0x72,0x0e,0x70,0x41,0x73,
  0x67,0x41,0x41,0x41,0x41,0x41,0x41,0x87,0x87,0x87,0x33,0x70,0x16,0x70,0x19,0x41,
  0x41,0x41,0x41,0x41,0x41,0x70,0x16,0x70,0x19,0x41,0x41,0x41,0x41,0x41,0x41,0x81,
  0x83,0x6f,0x57,0x70,0x7d,0x6f,0x47,0x70,0xfa,0x6f,0x92,0x5f,0x84,0x72,0x99,0x70,
  0x00,0x71,0x45,0x71,0x07,0x71,0x07,0x73,0x40,0x72,0x76,0x41,0x41,0x41,0x87,0x87,
  0x87,0x33,0x70,0x16,0x70,0x19,0x41,0x41,0x41,0x41,0x41,0x41,0x70,0x16,0x70,0x19,
  0x41,0x41,0x41,0x41,0x41,0x41,0x81,0x83,0x6f,0x57,0x70,0x7d,0x6f,0x47,0x72,0x01,
  0x70,0x5b,0x70,0x46,0x71,0x07,0x6f,0x1b,0x6f,0x1f,0x5f,0x84,0x70,0xf3,0x70,0xa8,
  0x71,0xa9,0x71,0xca,0x72,0x0e,0x70,0x49,0x73,0x37,0x60,0x87,0x87,0x87,0x33,0x70,
  0x16,0x70,0x19,0x41,0x41,0x41,0x41,0x41,0x41,0x70,0x16,0x70,0x19,0x41,0x41,0x41,
  0x41,0x41,0x41,0x81,0x83,0x6f,0x57,0x70,0x7d,0x6f,0x47,0x70,0x2a,0x71,0xa9,0x71,
  0xca,0x5f,0x84,0x70,0xfa,0x6f,0x92,0x6f,0x01,0x72,0xda,0x72,0x77,0x72,0x0e,0x6f,
  0xe1,0x6f,0x2e,0x60,0x87,0x87,0x87,0x33,0x70,0x16,0x70,0x19,0x41,0x41,0x41,0x41,
  0x41,0x41,0x70,0x16,0x70,0x19,0x41,0x41,0x41,0x41,0x41,0x41,0x81,0x83,0x6f,0x57,
  0x70,0x7d,0x6f,0x47,0x70,0x2a,0x72,0x94,0x71,0xa3,0x70,0xa4,0x5f,0x84,0x73,0x1a,
  0x72,0xb2,0x70,0x11,0x71,0x90,0x72,0x9e,0x72,0x98,0x72,0x0e,0x6f,0x2e,0x60,0x87,
  0x87,0x87,0x33,0x70,0x16,0x70,0x19,0x41,0x41,0x41,0x41,0x41,0x41,0x70,0x16,0x70,
  0x19,0x41,0x41,0x41,0x41,0x41,0x41,0x81,0x83,0x73,0x69,0x72,0x1a,0x71,0xac,0x71,
  0xba,0x6f,0x04,0x71,0xc4,0x72,0xe9,0x5f,0x84,0x6f,0x47,0x70,0xfa,0x6f,0x92,0x71,
  0xc8,0x71,0x57,0x6f,0xb4,0x71,0x07,0x72,0x0e,0x71,0xc5,0x60,0x87,0x87,0x87,0x33,
  0x70,0x16,0x70,0x19,0x41,0x41,0x41,0x41,0x41,0x41,0x70,0x16,0x70,0x19,0x41,0x41,
  0x41,0x41,0x41,0x41,0x81,0x83,0x6f,0x57,0x70,0x7d,0x6f,0x47,0x70,0x2a,0x70,0x88,
  0x6f,0x04,0x72,0x0e,0x70,0x39,0x73,0x28,0x5f,0x84,0x70,0xfa,0x6f,0x92,0x71,0x66,
  0x6f,0x1b,0x71,0xfa,0x71,0xfb,0x60,0x87,0x87,0x87,0x33,0x70,0x16,0x70,0x19,0x41,
  0x41,0x41,0x41,0x41,0x41,0x70,0x16,0x70,0x19,0x41,0x41,0x41,0x41,0x41,0x41,0x81,
  0x83,0x6f,0xbe,0x6f,0x58,0x71,0x57,0x70,0x49,0x70,0x95,0x6f,0x1b,0x6f,0x98,0x5f,
  0x84,0x6f,0x1e,0x6f,0x4a,0x70,0x73,0x6f,0x06,0x6f,0x92,0x70,0x8f,0x70,0x95,0x72,
  0x0e,0x72,0xf8,0x6f,0x53,0x60,0x87,0x87,0x87,0x33,0x70,0x16,0x70,0x19,0x41,0x41,
  0x41,0x41,0x41,0x41,0x70,0x16,0x70,0x19,0x41,0x41,0x41,0x41,0x41,0x41,0x81,0x83,
  0x72,0x17,0x71,0x94,0x72,0x0e,0x6f,0xa6,0x72,0x77,0x5f,0x84,0x6f,0x47,0x72,0xf5,
  0x73,0x09,0x73,0x31,0x6f,0xab,0x73,0x36,0x71,0x49,0x73,0x01,0x72,0x0e,0x6f,0x27,
  0x73,0x28,0x60,0x87,0x87,0x6f,0x06,0x70,0x56,0x70,0xe1,0x70,0xcf,0x5f,0x83,0x70,
  0xeb,0x6f,0x32,0x70,0x4a,0x72,0x51,0x72,0x2c,0x6f,0x06,0x70,0x4b,0x70,0x56,0x5f,
  0x84,0x6f,0x57,0x71,0x34,0x70,0x4a,0x6f,0x79,0x71,0x75,0x6f,0xe5,0x41,0x41,0x41,
  0x87,0x87,0x70,0x14,0x41,0x41,0x41,0x72,0x16,0x72,0xeb,0x71,0x75,0x6f,0x57,0x72,
  0x0e,0x6f,0xf6,0x73,0x05,0x83,0x71,0x67,0x6f,0x29,0x6f,0x07,0x6f,0x44,0x6f,0x06,
  0x6f,0xdf,0x41,0x41,0x41,0x84,0x72,0xb0,0x6f,0x06,0x72,0xb0,0x72,0x49,0x6f,0x04,
  0x6f,0x00,0x6f,0xba,0x62,0x81,0x80,0x72,0x49,0x6f,0x57,0x6f,0x5b,0x70,0x6c,0x71,
  0xd9,0x41,0x41,0x41,0x80,0x59,0x59,0x59,0x59,0x44,0x59,0x72,0xbb,0x6f,0x35,0x72,
  0x49,0x6f,0x00,0x72,0x49,0x80,0x59,0x59,0x59,0x59,0x59,0x59,0x59,0x71,0xaa,0x6f,
  0x74,0x72,0xf0,0x87,0x80,0x87,0x87,0x70,0x82,0x71,0x33,0x6f,0x57,0x87,0x20,0x87,
  0x21,0x6f,0xb9,0x71,0x9e,0x6f,0xe5,0x60,0x83,0x72,0x2b,0x6f,0x57,0x72,0xf8,0x6f,
  0x53,0x6f,0x64,0x70,0xa7,0x60,0x84,0x70,0x0c,0x70,0x00,0x70,0x00,0x70,0x00,0x61,
  0x87,0x87,0x70,0x14,0x41,0x41,0x41,0x72,0x17,0x6f,0x06,0x70,0x8d,0x60,0x83,0x71,
  0x6b,0x70,0xbc,0x6f,0x57,0x6f,0x79,0x71,0x8f,0x6f,0x6b,0x6f,0x13,0x60,0x87,0x87,
  0x87,0x33,0x70,0x16,0x70,0x19,0x41,0x41,0x41,0x41,0x41,0x41,0x70,0x16,0x70,0x19,
  0x41,0x41,0x41,0x41,0x41,0x41,0x81,0x83,0x70,0x2a,0x72,0x2c,0x72,0x35,0x71,0xa9,
  0x71,0xca,0x73,0x28,0x5f,0x84,0x72,0x1f,0x72,0x3f,0x72,0x1a,0x6f,0x00,0x6f,0x10,
  0x72,0x21,0x72,0x27,0x60,0x87,0x87,0x87,0x33,0x70,0x16,0x70,0x19,0x41,0x41,0x41,
  0x41,0x41,0x41,0x70,0x16,0x70,0x19,0x41,0x41,0x41,0x41,0x41,0x41,0x81,0x83,0x73,
  0x88,0x71,0x5e,0x6f,0x0a,0x72,0x05,0x72,0x0e,0x6f,0x43,0x73,0x46,0x70,0x7e,0x70,
  0xa4,0x73,0x28,0x5f,0x84,0x72,0x9d,0x72,0x1a,0x70,0x6d,0x71,0xed,0x60,0x87,0x87,
  0x87,0x33,0x70,0x16,0x70,0x19,0x41,0x41,0x41,0x41,0x41,0x41,0x70,0x16,0x70,0x19,
  0x41,0x41,0x41,0x41,0x41,0x41,0x81,0x83,0x73,0x31,0x6f,0xab,0x72,0x0e,0x6f,0x46,
  0x6f,0x4c,0x5f,0x84,0x70,0x2a,0x72,0x10,0x72,0xe0,0x6f,0x1b,0x71,0x71,0x60,0x87,
  0x87,0x87,0x33,0x70,0x16,0x70,0x19,0x41,0x41,0x41,0x41,0x41,0x41,0x70,0x16,0x70,
  0x19,0x41,0x41,0x41,0x41,0x41,0x41,0x81,0x83,0x6f,0x6b,0x71,0x53,0x6f,0x0a,0x72,
  0x05,0x72,0x0e,0x70,0x3c,0x70,0x2b,0x73,0x28,0x5f,0x84,0x71,0x36,0x72,0x1a,0x6f,
  0x00,0x6f,0x3b,0x70,0x6d,0x72,0xd8,0x60,0x87,0x87,0x87,0x33,0x70,0x16,0x70,0x19,
  0x41,0x41,0x41,0x41,0x41,0x41,0x70,0x16,0x70,0x19,0x41,0x41,0x41,0x41,0x41,0x41,
  0x81,0x83,0x6f,0x57,0x6f,0x47,0x70,0x2a,0x71,0xd8,0x70,0xb1,0x70,0xa4,0x5f,0x84,
  0x6f,0x20,0x6f,0x92,0x6f,0x00,0x72,0x32,0x71,0x46,0x70,0x31,0x71,0xd8,0x70,0xb1,
  0x60,0x87,0x87,0x87,0x33,0x70,0x16,0x70,0x19,0x41,0x41,0x41,0x41,0x41,0x41,0x70,
  0x16,0x70,0x19,0x41,0x41,0x41,0x41,0x41,0x41,0x81,0x83,0x73,0x88,0x71,0x5e,0x6f,
  0x0a,0x72,0x05,0x72,0x0e,0x73,0x2c,0x70,0x60,0x70,0x39,0x5f,0x84,0x72,0x9d,0x72,
  0x1a,0x6f,0x00,0x6f,0x10,0x72,0x35,0x70,0x76,0x60,0x87,0x87,0x87,0x33,0x70,0x16,
  0x70,0x19,0x41,0x41,0x41,0x41,0x41,0x41,0x70,0x16,0x70,0x19,0x41,0x41,0x41,0x41,
  0x41,0x41,0x81,0x83,0x71,0x98,0x6f,0x2a,0x6f,0x1b,0x70,0x88,0x72,0x0e,0x6f,0x9e,
  0x6f,0x59,0x6f,0x1b,0x70,0x39,0x5f,0x84,0x72,0xac,0x72,0x62,0x72,0x05,0x6f,0x5c,
  0x71,0x01,0x72,0x1a,0x60,0x87,0x87,0x87,0x33,0x70,0x16,0x70,0x19,0x41,0x41,0x41,
  0x41,0x41,0x41,0x70,0x16,0x70,0x19,0x41,0x41,0x41,0x41,0x41,0x41,0x81,0x83,0x6f,
  0x57,0x73,0x60,0x72,0xb0,0x73,0x35,0x6f,0x1b,0x72,0x4b,0x5f,0x84,0x70,0xf2,0x72,
  0x84,0x70,0xb8,0x70,0xa3,0x71,0xbe,0x71,0xd1,0x6f,0x9e,0x6f,0x59,0x60,0x70,0xe0,
  0x6f,0xe6,0x6f,0x10,0x71,0x67,0x72,0xf0,0x72,0x0e,0x70,0xd8,0x71,0x02,0x6f,0xe3,
  0x62,0x83,0x6f,0xd3,0x72,0xb0,0x36,0x34,0x6f,0xb9,0x71,0x9e,0x70,0x05,0x60,0x84,
  0x70,0xcc,0x6f,0x19,0x71,0x82,0x62,0x81,0x80,0x59,0x59,0x59,0x59,0x44,0x59,0x72,
  0x64,0x6f,0x57,0x6f,0xb9,0x71,0x9e,0x80,0x59,0x59,0x59,0x59,0x59,0x59,0x59,0x71,
  0xaa,0x6f,0x74,0x72,0xf0,0x87,0x80,0x70,0x18,0x70,0x18,0x5f,0x72,0xd5,0x70,0x0d,
  0x60,0x6f,0x57,0x72,0x20,0x73,0x1c,0x6f,0xe3,0x62,0x83,0x73,0x69,0x72,0x1a,0x71,
  0xac,0x71,0xba,0x70,0xba,0x6f,0x04,0x72,0xe9,0x5f,0x84,0x6f,0x47,0x71,0x67,0x6f,
  0x00,0x6f,0x10,0x70,0x7e,0x71,0xa7,0x70,0x3a,0x41,0x41,0x41,0x41,0x41,0x41,0x81,
  0x80,0x70,0xba,0x73,0x28,0x73,0x65,0x70,0xf4,0x71,0xd9,0x6f,0x0b,0x72,0xaf,0x5f,
  0x80,0x72,0xcd,0x6f,0x06,0x70,0x6b,0x6f,0x47,0x71,0x67,0x70,0xd9,0x70,0x11,0x70,
  0x05,0x41,0x41,0x41,0x41,0x41,0x41,0x80,0x72,0xd1,0x72,0x20,0x73,0x1c,0x6f,0x47,
  0x6f,0xcb,0x72,0x00,0x6f,0x2f,0x6f,0x19,0x6f,0xef,0x62,0x81,0x80,0x70,0x18,0x70,
  0x18,0x60,0x70,0xd2,0x6f,0x1b,0x5f,0x70,0x1f,0x72,0xb2,0x60,0x70,0x07,0x5f,0x71,
  0xaa,0x73,0x2f,0x73,0x07,0x70,0xe0,0x6f,0xe6,0x71,0xbe,0x70,0xd6,0x62,0x83,0x6f,
  0x91,0x71,0xbc,0x72,0xde,0x70,0xeb,0x71,0x51,0x73,0x47,0x5f,0x84,0x72,0xe9,0x70,
  0xa8,0x72,0xe9,0x70,0xa8,0x61,0x70,0x18,0x70,0x18,0x5f,0x72,0xd5,0x70,0x0d,0x60,
  0x83,0x70,0xeb,0x6f,0x39,0x6f,0x97,0x72,0x0e,0x71,0x51,0x6f,0x5f,0x5f,0x84,0x6f,
  0xd7,0x71,0x57,0x6f,0x10,0x72,0x10,0x72,0xe0,0x41,0x41,0x41,0x41,0x41,0x41,0x81,
  0x80,0x71,0x67,0x6f,0x00,0x71,0x8f,0x5f,0x6f,0xdf,0x6f,0x46,0x6f,0x3a,0x70,0xcd,
  0x80,0x72,0xac,0x70,0xfd,0x5f,0x73,0x24,0x72,0xf2,0x71,0x1d,0x6f,0x22,0x60,0x81,
  0x80,0x6f,0x76,0x6f,0x11,0x6f,0x00,0x6f,0x10,0x70,0xbd,0x71,0x2e,0x73,0x40,0x70,
  0xa8,0x73,0x37,0x60,0x80,0x6f,0x06,0x73,0x03,0x71,0xf9,0x70,0x2a,0x6f,0x35,0x6f,
  0x4b,0x72,0xad,0x70,0xea,0x6f,0x22,0x80,0x6f,0x00,0x6f,0x10,0x70,0xd1,0x70,0xd1,
  0x72,0x0e,0x70,0x49,0x6f,0xcc,0x81,0x80,0x71,0x75,0x71,0x24,0x73,0x72,0x72,0xf8,
  0x6f,0x3e,0x60,0x80,0x70,0x18,0x70,0x18,0x70,0x18,0x41,0x41,0x41,0x41,0x41,0x41,
  0x70,0x18,0x70,0x18,0x5f,0x72,0xd5,0x70,0x0d,0x60,0x6f,0x57,0x72,0x20,0x73,0x1c,
  0x6f,0xe3,0x62,0x83,0x70,0xeb,0x70,0x2a,0x73,0x2c,0x70,0x60,0x70,0x39,0x73,0x28,
  0x72,0x16,0x6f,0x92,0x84,0x73,0x03,0x6f,0x00,0x6f,0x10,0x72,0x65,0x6f,0x0a,0x72,
  0x73,0x70,0x53,0x5f,0x81,0x80,0x6f,0xd7,0x70,0xdc,0x73,0x41,0x72,0xac,0x6f,0x2e,
  0x70,0x7b,0x6f,0x52,0x6f,0x22,0x60,0x81,0x80,0x6f,0xe6,0x72,0xcd,0x71,0x5b,0x73,
  0x15,0x72,0x0e,0x71,0xd8,0x70,0xb1,0x80,0x71,0xd8,0x6f,0x06,0x70,0xa8,0x73,0x21,
  0x70,0xf0,0x73,0x41,0x41,0x41,0x41,0x41,0x41,0x41,0x70,0x18,0x70,0x18,0x5f,0x72,
  0xd5,0x70,0x0d,0x60,0x83,0x6f,0x76,0x70,0x6e,0x71,0xae,0x71,0xb6,0x72,0x0e,0x71,
  0x5f,0x73,0x70,0x73,0x5c,0x5f,0x84,0x6f,0x06,0x71,0x57,0x72,0x89,0x71,0xe0,0x71,
  0xf9,0x72,0xd7,0x41,0x41,0x41,0x41,0x41,0x41,0x81,0x80,0x71,0x57,0x71,0x7e,0x6f,
  0x10,0x73,0x81,0x71,0xed,0x70,0x2a,0x6f,0x56,0x70,0xd1,0x60,0x80,0x70,0x57,0x71,
  0x7b,0x73,0x70,0x72,0xf1,0x70,0x48,0x70,0xb2,0x41,0x41,0x41,0x41,0x41,0x41,0x80,
  0x73,0x5c,0x72,0xcd,0x6f,0x06,0x70,0x6b,0x70,0x82,0x6f,0x47,0x6f,0x63,0x6f,0x22,
  0x41,0x41,0x41,0x41,0x41,0x41,0x70,0x0e,0x41,0x41,0x41,0x41,0x41,0x41,0x70,0x0e,
  0x5f,0x85,0x70,0x04,0x70,0x04,0x61,0x83,0x6f,0x57,0x71,0x67,0x71,0xfe,0x70,0x5f,
  0x6f,0xd7,0x6f,0x39,0x72,0xad,0x71,0x52,0x72,0xa0,0x6f,0xe3,0x62,0x84,0x73,0x08,
  0x71,0x82,0x70,0x0c,0x41,0x41,0x41,0x41,0x41,0x41,0x6f,0x57,0x71,0xaa,0x71,0x67,
  0x70,0x0c,0x41,0x41,0x41,0x41,0x41,0x41,0x81,0x80,0x6f,0xfc,0x6f,0xfc,0x41,0x41,
  0x41,0x41,0x41,0x41,0x70,0xeb,0x72,0x00,0x72,0x09,0x6f,0x22,0x5f,0x71,0xaa,0x71,
  0xb1,0x6f,0x89,0x73,0x41,0x83,0x41,0x41,0x41,0x41,0x41,0x41,0x6f,0xfc,0x6f,0xfc,
  0x41,0x41,0x41,0x41,0x41,0x41,0x84,0x70,0x49,0x70,0x74,0x73,0x24,0x72,0xcd,0x5f,
  0x73,0x08,0x71,0x57,0x70,0x20,0x6f,0x14,0x81,0x80,0x73,0x21,0x6f,0x29,0x73,0x81,
  0x71,0xed,0x41,0x41,0x41,0x41,0x41,0x41,0x70,0x88,0x6f,0x04,0x6f,0xf7,0x71,0x89,
  0x71,0x79,0x80,0x73,0x28,0x70,0xaf,0x71,0xcc,0x72,0x1a,0x70,0x50,0x70,0xd1,0x72,
  0x0e,0x73,0x81,0x71,0xa2,0x41,0x41,0x41,0x41,0x41,0x41,0x80,0x6f,0xfc,0x6f,0xfc,
  0x41,0x41,0x41,0x41,0x41,0x41,0x81,0x80,0x73,0x08,0x6f,0x10,0x71,0x1a,0x72,0xa0,
  0x72,0x6e,0x72,0x64,0x6f,0x57,0x6f,0xe5,0x41,0x41,0x41,0x41,0x41,0x41,0x80,0x72,
  0x46,0x70,0xeb,0x72,0x09,0x70,0x56,0x6f,0x22,0x6f,0x79,0x71,0xf7,0x5f,0x80,0x6f,
  0x57,0x6f,0x6a,0x71,0x10,0x6f,0xc5,0x72,0x01,0x6f,0xe5,0x41,0x41,0x41,0x41,0x41,
  0x41,0x6f,0xfc,0x41,0x41,0x41,0x41,0x41,0x41,0x83,0x70,0xeb,0x72,0x17,0x70,0xe0,
  0x73,0x75,0x6f,0x04,0x70,0x82,0x70,0x56,0x41,0x41,0x41,0x41,0x41,0x41,0x84,0x6f,
  0xfc,0x59,0x6f,0xfc,0x41,0x41,0x41,0x41,0x41,0x41,0x41,0x41,0x41,0x41,0x41,0x41,
  0x41,0x41,0x41,0x41,0x41,0x41,0x41,0x41,0x41,0x41,0x41,0x41,0x6f,0x57,0x70,0x9a,
  0x70,0x15,0x71,0x10,0x72,0xe9,0x70,0xeb,0x72,0x0e,0x71,0xeb,0x70,0x5f,0x62,0x83,
  0x6f,0x04,0x73,0x65,0x6f,0x7b,0x70,0xbe,0x71,0xc1,0x71,0xc1,0x71,0x8b,0x71,0x8b,
  0x5f,0x84,0x72,0x31,0x70,0xeb,0x73,0x0a,0x71,0xd9,0x61,0x72,0x17,0x71,0x57,0x72,
  0x0e,0x61,0x6f,0x57,0x72,0x20,0x73,0x1c,0x70,0xeb,0x6f,0x39,0x6f,0x97,0x71,0x57,
  0x6f,0x10,0x72,0x10,0x72,0xe0,0x6f,0xe5,0x62,0x83,0x70,0xeb,0x6f,0xd7,0x6f,0x39,
  0x70,0xf3,0x70,0xa8,0x73,0x08,0x6f,0x10,0x72,0x4c,0x70,0x5f,0x5f,0x84,0x6f,0x4f,
  0x6f,0x57,0x70,0xbe,0x71,0x64,0x70,0xeb,0x6f,0x5c,0x70,0x76,0x60,0x81,0x80,0x6f,
  0x57,0x72,0x84,0x6f,0x5c,0x72,0xc3,0x6f,0xe3,0x62,0x80,0x59,0x59,0x59,0x59,0x44,
  0x59,0x70,0xeb,0x6f,0x5c,0x72,0xc3,0x80,0x59,0x59,0x59,0x59,0x59,0x59,0x59,0x72,
  0xb2,0x6f,0x2e,0x70,0x82,0x72,0xbe,0x87,0x80,0x70,0x56,0x6f,0xe5,0x5f,0x6f,0x57,
  0x72,0xb0,0x71,0x57,0x6f,0x06,0x72,0x47,0x70,0xa2,0x5f,0x83,0x70,0x82,0x71,0x09,
  0x72,0x1a,0x73,0x08,0x6f,0x10,0x72,0x4c,0x70,0x5f,0x73,0x03,0x6f,0x00,0x72,0xfd,
  0x70,0x5f,0x6f,0xe5,0x61,0x72,0xbd,0x6f,0x52,0x5f,0x70,0x79,0x72,0xd1,0x73,0x24,
  0x6f,0x06,0x72,0xbf,0x72,0xcd,0x70,0x05,0x41,0x41,0x41,0x41,0x41,0x41,0x70,0x56,
  0x72,0x0e,0x5f,0x70,0xfc,0x72,0x4c,0x70,0x5f,0x71,0x2a,0x73,0x03,0x71,0x75,0x41,
  0x41,0x41,0x83,0x6f,0x06,0x72,0x4a,0x70,0xcc,0x6f,0x19,0x71,0x82,0x5f,0x84,0x6f,
  0x57,0x6f,0x00,0x70,0x6b,0x72,0xb0,0x6f,0x5c,0x70,0x76,0x60,0x48,0x49,0x48,0x49,
  0x48,0x49,0x48,0x49,0x48,0x49,0x48,0x48,0x48,0x49,0x83,0x48,0x47,0x49,0x49,0x47,
  0x48,0x47,0x49,0x48,0x47,0x49,0x48,0x47,0x49,0x48,0x47,0x84,0x48,0x49,0x48,0x49,
  0x48,0x49,0x48,0x47,0x48,0x47,0x6f,0x17,0x72,0xeb,0x70,0x49,0x70,0x95,0x6f,0x1b,
  0x6f,0x98,0x5f,0x83,0x6f,0x57,0x70,0x82,0x72,0x84,0x70,0xbe,0x6f,0x92,0x6f,0x39,
  0x70,0x4b,0x73,0x81,0x71,0xb1,0x60,0x6f,0x17,0x72,0xeb,0x70,0x49,0x70,0x95,0x6f,
  0x1b,0x6f,0x98,0x5f,0x83,0x6f,0x57,0x70,0x82,0x72,0x84,0x70,0xbe,0x6f,0x92,0x71,
  0xe5,0x71,0xd7,0x73,0x81,0x71,0xb1,0x60,0x6f,0x57,0x73,0x08,0x70,0x74,0x6f,0x46,
  0x61,0x83,0x72,0x41,0x71,0x3c,0x70,0xf3,0x70,0xf9,0x70,0xeb,0x72,0x1c,0x72,0xb4,
  0x61,0x84,0x41,0x41,0x41,0x41,0x41,0x41,0x70,0xeb,0x71,0x57,0x72,0xcd,0x73,0x63,
  0x70,0x99,0x70,0xe3,0x72,0xd5,0x6f,0x57,0x60,0x81,0x80,0x41,0x41,0x41,0x41,0x41,
  0x41,0x72,0x46,0x6f,0x00,0x6f,0x05,0x61,0x80,0x71,0xf9,0x70,0x2a,0x70,0xeb,0x72,
  0xb0,0x71,0x02,0x6f,0x31,0x6f,0x22,0x5f,0x80,0x6f,0x57,0x6f,0x82,0x70,0x43,0x6f,
  0xce,0x71,0x98,0x6f,0xe5,0x61,0x81,0x80,0x41,0x41,0x41,0x41,0x41,0x41,0x6f,0x57,
  0x6f,0x82,0x70,0x43,0x70,0x56,0x6f,0x22,0x6f,0xe3,0x62,0x41,0x41,0x41,0x41,0x41,
  0x41,0x6f,0xf9,0x6f,0xf9,0x6f,0xf9,0x61,0x83,0x71,0x21,0x71,0x0a,0x6f,0xe5,0x61,
  0x6f,0xd7,0x70,0xce,0x70,0x0c,0x5f,0x84,0x6f,0x57,0x72,0x0e,0x73,0x81,0x6f,0x9b,
  0x71,0xbe,0x72,0x7a,0x6f,0xcf,0x70,0xea,0x6f,0x00,0x6f,0xb2,0x6f,0xfb,0x60,0x81,
  0x80,0x41,0x41,0x41,0x70,0xcc,0x6f,0x19,0x71,0x82,0x41,0x41,0x41,0x73,0x07,0x71,
  0x18,0x71,0x67,0x70,0xe1,0x70,0xcf,0x6f,0xe5,0x62,0x81,0x80,0x6f,0x06,0x73,0x03,
  0x5f,0x73,0x08,0x71,0xd9,0x73,0x07,0x6f,0x06,0x70,0x48,0x5f,0x80,0x70,0xeb,0x6f,
  0x1e,0x6f,0xd3,0x72,0x84,0x70,0x98,0x6f,0x92,0x73,0x08,0x6f,0x22,0x60,0x81,0x80,
  0x41,0x41,0x41,0x41,0x41,0x41,0x70,0x56,0x70,0x56,0x71,0xf7,0x6f,0xe5,0x60,0x6f,
  0x79,0x72,0xb2,0x61,0x87,0x17,0x87,0x33,0x87,0x86,0x87,0x85,0x70,0xbd,0x6f,0x18,
  0x70,0xbd,0x6f,0x18,0x6f,0x39,0x6f,0x97,0x5f,0x83,0x70,0x2a,0x72,0x74,0x70,0x88,
  0x6f,0x07,0x71,0x89,0x71,0x79,0x71,0xf8,0x72,0x63,0x6f,0x1b,0x6f,0x11,0x5f,0x84,
  0x71,0x67,0x6f,0x00,0x6f,0x10,0x72,0x73,0x6f,0x16,0x72,0x0e,0x71,0xf6,0x70,0x26,
  0x5f,0x71,0xbd,0x71,0x07,0x73,0x83,0x60,0x87,0x0e,0x80,0x6f,0x49,0x72,0xcd,0x70,
  0x2a,0x71,0x7e,0x6f,0x10,0x72,0x2c,0x72,0x35,0x6f,0x1b,0x70,0x2b,0x5f,0x80,0x73,
  0x57,0x72,0x9d,0x72,0x1a,0x72,0x84,0x72,0xbb,0x6f,0x2e,0x71,0x4d,0x70,0xef,0x6f,
  0x06,0x72,0x84,0x5f,0x80,0x71,0x4d,0x70,0xef,0x6f,0x06,0x72,0x20,0x72,0x0e,0x73,
  0x87,0x73,0x2c,0x6f,0x1b,0x6f,0x9b,0x60,0x87,0x0e,0x87,0x85,0x87,0x85,0x80,0x71,
  0x4d,0x71,0x3e,0x6f,0x2e,0x6f,0x14,0x6f,0x22,0x70,0xbe,0x6f,0x92,0x70,0x66,0x5f,
  0x80,0x70,0xb9,0x71,0x95,0x6f,0x24,0x71,0x42,0x5f,0x72,0x5c,0x72,0x5c,0x73,0x45,
  0x6f,0x6f,0x80,0x72,0x2c,0x72,0x35,0x72,0x0e,0x73,0x87,0x73,0x2c,0x70,0x49,0x73,
  0x4e,0x41,0x41,0x41,0x41,0x41,0x41,0x87,0x0c,0x80,0x71,0xe0,0x72,0x78,0x5f,0x71,
  0xaa,0x71,0x67,0x6f,0x00,0x6f,0x10,0x6f,0x2e,0x70,0x1f,0x71,0x75,0x60,0x80,0x72,
  0x5f,0x6f,0x26,0x71,0x67,0x6f,0x00,0x70,0x4a,0x5f,0x73,0x22,0x70,0xd7,0x72,0x0e,
  0x6f,0x9b,0x73,0x2b,0x80,0x70,0xa8,0x70,0x5c,0x6f,0x33,0x73,0x87,0x73,0x2c,0x70,
  0x49,0x73,0x4e,0x71,0xc3,0x6f,0x89,0x41,0x41,0x41,0x41,0x41,0x41,0x87,0x0c,0x80,
  0x6f,0x26,0x71,0x57,0x5f,0x70,0x26,0x71,0xf6,0x6f,0xf6,0x6f,0x38,0x6f,0x01,0x6f,
  0x50,0x72,0xda,0x72,0x77,0x5f,0x80,0x70,0x7d,0x73,0x15,0x70,0xba,0x73,0x87,0x73,
  0x2c,0x70,0x49,0x73,0x4e,0x72,0x0e,0x6f,0x6f,0x6f,0xd0,0x80,0x70,0x7b,0x6f,0xbc,
  0x6f,0x22,0x72,0xeb,0x71,0x75,0x60,0x87,0x0e,0x87,0x85,0x87,0x85,0x80,0x73,0x21,
  0x73,0x1c,0x70,0x7b,0x6f,0xbc,0x71,0x6e,0x70,0xa2,0x71,0xa4,0x73,0x0a,0x80,0x6f,
  0x06,0x6f,0x47,0x6f,0x79,0x72,0xac,0x72,0xb6,0x70,0xa8,0x41,0x41,0x41,0x41,0x41,
  0x41,0x80,0x87,0x0e,0x87,0x85,0x87,0x85,0x41,0x41,0x41,0x41,0x41,0x41,0x71,0xe0,
  0x72,0x78,0x5f,0x73,0x56,0x72,0x1a,0x71,0x51,0x73,0x47,0x71,0xba,0x73,0x17,0x5f,
  0x80,0x73,0x08,0x71,0x9a,0x70,0xba,0x6f,0x25,0x73,0x13,0x71,0xc2,0x72,0xac,0x6f,
  0x2e,0x73,0x1d,0x70,0xc5,0x5f,0x80,0x6f,0xd3,0x72,0x06,0x6f,0x05,0x6f,0x00,0x6f,
  0x10,0x6f,0xd1,0x72,0x76,0x72,0x0e,0x6f,0x49,0x72,0xcd,0x60,0x87,0x86,0x87,0x17,
  0x87,0x33,0x82,0x71,0xe0,0x72,0x78,0x71,0x67,0x6f,0x00,0x70,0x4a,0x41,0x41,0x41,
  0x41,0x41,0x41,0x83,0x6f,0x00,0x6f,0x10,0x6f,0xd4,0x73,0x4c,0x71,0x84,0x70,0x65,
  0x72,0x0e,0x73,0x22,0x70,0xd7,0x70,0x8f,0x70,0x95,0x84,0x71,0x75,0x6f,0x92,0x6f,
  0x22,0x71,0xbd,0x71,0x07,0x73,0x83,0x5f,0x87,0x05,0x80,0x70,0xe0,0x72,0xb6,0x70,
  0xa8,0x6f,0x01,0x72,0xda,0x72,0x77,0x72,0x0e,0x70,0x7b,0x6f,0xbc,0x41,0x41,0x41,
  0x41,0x41,0x41,0x80,0x6f,0x35,0x6f,0x6a,0x71,0x57,0x71,0x5e,0x72,0x49,0x6f,0x22,
  0x71,0xbd,0x71,0x07,0x73,0x83,0x80,0x71,0xf6,0x70,0x26,0x70,0x0f,0x72,0x8d,0x72,
  0x0e,0x70,0x26,0x71,0xf6,0x41,0x41,0x41,0x41,0x41,0x41,0x87,0x05,0x87,0x86,0x87,
  0x17,0x87,0x33,0x82,0x71,0x21,0x72,0x1a,0x6f,0xc6,0x72,0x01,0x73,0x22,0x70,0xd7,
  0x72,0x0e,0x73,0x81,0x71,0xb1,0x5f,0x83,0x70,0x7d,0x6f,0x01,0x72,0xda,0x72,0x77,
  0x72,0x0e,0x6f,0xe1,0x6f,0x2e,0x5f,0x84,0x6f,0x00,0x6f,0x10,0x6f,0xc6,0x6f,0x00,
  0x6f,0x10,0x70,0x2b,0x87,0x05,0x80,0x73,0x13,0x41,0x41,0x41,0x41,0x41,0x41,0x6f,
  0x10,0x41,0x41,0x41,0x41,0x41,0x41,0x71,0xbe,0x41,0x41,0x41,0x41,0x41,0x41,0x73,
  0x52,0x60,0x87,0x05,0x87,0x86,0x87,0x17,0x87,0x33,0x82,0x6f,0xdf,0x71,0x82,0x72,
  0x0e,0x6f,0xf6,0x73,0x05,0x5f,0x83,0x6f,0x1e,0x6f,0xbe,0x70,0x7d,0x73,0x4f,0x6f,
  0x13,0x6f,0x92,0x84,0x70,0x3b,0x70,0x80,0x73,0x02,0x6f,0x71,0x6f,0x15,0x72,0x0e,
  0x72,0xf8,0x6f,0x04,0x41,0x41,0x41,0x41,0x41,0x41,0x87,0x05,0x73,0x2d,0x6f,0xaa,
  0x72,0xac,0x73,0x37,0x70,0x2a,0x72,0x4c,0x70,0x5f,0x73,0x28,0x73,0x65,0x5f,0x83,
  0x6f,0x57,0x71,0xa4,0x73,0x0a,0x6f,0x1e,0x6f,0x06,0x6f,0xd7,0x72,0x84,0x70,0xf3,
  0x70,0xa8,0x70,0x66,0x60,0x35,0x34,0x34,0x6f,0xb9,0x71,0x9e,0x37,0x34,0x6f,0x10,
  0x71,0xd8,0x70,0xb1,0x61,0x83,0x37,0x34,0x6f,0x10,0x71,0xd8,0x70,0xb1,0x6f,0xd3,
  0x72,0xb0,0x35,0x34,0x34,0x6f,0xb9,0x71,0x9e,0x61,0x84,0x71,0x75,0x6f,0x20,0x6f,
  0x00,0x71,0xd9,0x6f,0xe5,0x61,0x35,0x34,0x34,0x6f,0xb9,0x71,0x9e,0x37,0x34,0x6f,
  0x10,0x71,0xd8,0x70,0xb1,0x61,0x83,0x73,0x07,0x71,0x67,0x6f,0x00,0x72,0x32,0x71,
  0x46,0x70,0x31,0x71,0xd8,0x70,0xb1,0x5f,0x84,0x6f,0xdf,0x71,0x82,0x6f,0x00,0x6f,
  0x10,0x6f,0xd3,0x72,0xb0,0x35,0x34,0x34,0x6f,0xb9,0x71,0x9e,0x61,0x72,0xd5,0x72,
  0xd5,0x70,0xdd,0x73,0x6b,0x60,0x72,0xd5,0x72,0xd5,0x70,0xdd,0x73,0x6b,0x60,0x83,
  0x6f,0x57,0x6f,0xd7,0x6f,0x39,0x70,0xfc,0x71,0xd8,0x70,0xb1,0x71,0x36,0x70,0x2a,
  0x6f,0x3d,0x6f,0x54,0x70,0x2b,0x71,0x47,0x60,0x84,0x67,0x71,0x13,0x5b,0x73,0x3b,
  0x5f,0x72,0xce,0x6f,0x06,0x72,0xb0,0x70,0xc5,0x72,0xbd,0x60,0x68,0x6f,0xe7,0x6f,
  0xe7,0x61,0x70,0xe0,0x72,0xb0,0x70,0xeb,0x70,0x98,0x6f,0x57,0x70,0xf3,0x70,0xa8,
  0x83,0x73,0x08,0x6f,0x10,0x6f,0x6f,0x6f,0xd0,0x6f,0xe3,0x62,0x84,0x73,0x21,0x70,
  0x82,0x72,0x64,0x70,0xeb,0x35,0x34,0x34,0x6f,0xb9,0x71,0x9e,0x6f,0xe5,0x61,0x81,
  0x80,0x70,0xcc,0x6f,0x19,0x71,0x82,0x62,0x80,0x59,0x59,0x59,0x59,0x44,0x59,0x72,
  0xbb,0x70,0x66,0x70,0xf3,0x70,0xa8,0x80,0x59,0x59,0x59,0x59,0x59,0x59,0x59,0x72,
  0x89,0x70,0x91,0x70,0xe0,0x6f,0x9c,0x71,0xb1,0x87,0x80,0x6f,0xe7,0x6f,0xe7,0x61,
  0x70,0x07,0x41,0x41,0x41,0x41,0x41,0x41,0x83,0x73,0x21,0x6f,0x57,0x72,0x89,0x70,
  0x91,0x70,0xe0,0x6f,0x9c,0x71,0xb1,0x6f,0xe5,0x61,0x84,0x6f,0xe7,0x6f,0xe7,0x6f,
  0xe7,0x61,0x6f,0xe7,0x6f,0xe7,0x61,0x6f,0x57,0x72,0x17,0x71,0x57,0x6f,0x10,0x70,
  0x56,0x6f,0x2e,0x61,0x83,0x71,0x33,0x6f,0x57,0x35,0x34,0x34,0x6f,0xb9,0x71,0x9e,
  0x70,0x0d,0x61,0x84,0x73,0x08,0x70,0x82,0x70,0x98,0x6f,0x57,0x70,0xf3,0x70,0xa8,
  0x61,0x6f,0xe7,0x6f,0xe7,0x61,0x70,0xeb,0x71,0x57,0x71,0xf5,0x70,0x5f,0x70,0x50,
  0x70,0x50,0x5f,0x6f,0xe7,0x6f,0xe7,0x61,0x83,0x70,0xeb,0x71,0x65,0x70,0x11,0x71,
  0x90,0x72,0x0e,0x70,0x82,0x71,0x57,0x6f,0xb9,0x71,0x9e,0x70,0x0d,0x61,0x84,0x6f,
  0xd3,0x72,0xb0,0x72,0x64,0x70,0xeb,0x35,0x34,0x6f,0xb9,0x71,0x9e,0x5f,0x81,0x80,
  0x70,0xeb,0x70,0x82,0x72,0xf3,0x6f,0x57,0x72,0xe9,0x5f,0x70,0xcc,0x6f,0x19,0x71,
  0x82,0x62,0x80,0x59,0x59,0x59,0x59,0x44,0x59,0x72,0x64,0x35,0x34,0x6f,0xb9,0x71,
  0x9e,0x80,0x59,0x59,0x59,0x59,0x59,0x59,0x59,0x6f,0x2f,0x6f,0x19,0x6f,0x1e,0x6f,
  0x06,0x72,0x64,0x87,0x80,0x6f,0xe7,0x6f,0xe7,0x61,0x6f,0x57,0x72,0x17,0x71,0x57,
  0x6f,0x10,0x70,0x56,0x6f,0x2e,0x61,0x83,0x73,0x21,0x70,0xeb,0x70,0x82,0x72,0xf3,
  0x72,0x1a,0x6f,0x57,0x70,0x0d,0x61,0x84,0x6f,0xe7,0x6f,0xe7,0x6f,0xe7,0x61,0x6f,
  0xe7,0x61,0x62,0x6f,0x06,0x72,0x64,0x6f,0xe3,0x41,0x41,0x41,0x41,0x41,0x41,0x73,
  0x21,0x70,0x82,0x72,0x49,0x6f,0x22,0x61,0x83,0x72,0xf3,0x6f,0x57,0x71,0xaa,0x6f,
  0x2f,0x6f,0x19,0x70,0x56,0x72,0xcd,0x72,0x0e,0x61,0x70,0x07,0x5f,0x84,0x72,0xe9,
  0x70,0x0d,0x72,0xe9,0x70,0x0d,0x61,0x6f,0xe7,0x6f,0xe7,0x6f,0xe7,0x61,0x6f,0xe7,
  0x61,0x6f,0x57,0x72,0xb0,0x6f,0xc5,0x70,0x06,0x73,0x28,0x6f,0xeb,0x62,0x83,0x70,
  0xeb,0x6f,0x06,0x70,0xe0,0x6f,0xc5,0x73,0x21,0x73,0x01,0x61,0x6f,0xf5,0x61,0x71,
  0x57,0x6f,0x57,0x71,0x3a,0x6f,0x22,0x70,0xeb,0x5f,0x83,0x72,0x17,0x72,0x0e,0x72,
  0xd5,0x72,0xd5,0x6f,0x57,0x61,0x72,0xce,0x70,0x97,0x70,0xeb,0x84,0x72,0x31,0x70,
  0xa8,0x73,0x08,0x73,0x28,0x6f,0xe5,0x60,0x70,0x0c,0x61,0x70,0x4b,0x6f,0x94,0x72,
  0x19,0x6f,0x22,0x61,0x6f,0xec,0x5f,0x72,0x46,0x6f,0x00,0x6f,0x05,0x41,0x41,0x41,
  0x41,0x41,0x41,0x83,0x70,0xeb,0x6f,0x3a,0x6f,0x06,0x72,0xb0,0x72,0xe9,0x73,0x08,
  0x71,0x74,0x72,0xf4,0x70,0x56,0x6f,0xe3,0x62,0x70,0xeb,0x71,0x57,0x73,0x4c,0x70,
  0x34,0x72,0x5b,0x60,0x70,0xeb,0x70,0xe3,0x72,0xb4,0x6f,0x92,0x5f,0x83,0x72,0xac,
  0x70,0x7b,0x6f,0xbc,0x72,0x0e,0x70,0x29,0x70,0x2b,0x73,0x21,0x73,0x01,0x5f,0x84,
  0x70,0x56,0x6f,0x65,0x72,0xb0,0x6f,0x89,0x70,0x49,0x6f,0x25,0x6f,0x22,0x60,0x81,
  0x80,0x73,0x08,0x6f,0x1e,0x72,0xbf,0x70,0xe1,0x6f,0xf3,0x72,0x1a,0x5f,0x81,0x80,
  0x6f,0xd1,0x6f,0x37,0x71,0xbd,0x6f,0x90,0x6f,0x28,0x6f,0x2e,0x73,0x6c,0x72,0xb8,
  0x72,0x0e,0x80,0x73,0x21,0x70,0x2c,0x71,0xd5,0x73,0x59,0x41,0x41,0x41,0x41,0x41,
  0x41,0x80,0x70,0x82,0x72,0xb0,0x71,0x75,0x6f,0x22,0x60,0x81,0x80,0x73,0x6c,0x72,
  0xb8,0x73,0x28,0x72,0xcd,0x5f,0x80,0x6f,0x47,0x71,0x67,0x6f,0x00,0x6f,0x50,0x6f,
  0xa6,0x72,0x77,0x5f,0x80,0x70,0xf1,0x71,0x11,0x70,0x5b,0x70,0x46,0x71,0x07,0x6f,
  0x1b,0x6f,0x1f,0x5f,0x81,0x80,0x6f,0x97,0x70,0xba,0x72,0x2c,0x72,0x35,0x71,0xa9,
  0x71,0xca,0x60,0x80,0x6f,0xd3,0x72,0xb0,0x71,0x10,0x6f,0x92,0x73,0x21,0x71,0x6e,
  0x6f,0x1f,0x5f,0x81,0x80,0x6f,0x57,0x70,0x82,0x72,0x84,0x72,0x16,0x70,0xe8,0x80,
  0x71,0xbd,0x6f,0x90,0x6f,0x28,0x6f,0x2e,0x72,0x0e,0x71,0x41,0x70,0x60,0x60,0x80,
  0x70,0xeb,0x72,0xbd,0x70,0xbe,0x73,0x21,0x71,0x6e,0x6f,0x1f,0x5f,0x81,0x80,0x70,
  0x82,0x70,0x2a,0x71,0x71,0x70,0x5f,0x72,0x0e,0x70,0x27,0x6f,0x1f,0x73,0x73,0x73,
  0x28,0x60,0x80,0x70,0x57,0x71,0x7b,0x6f,0x57,0x72,0x17,0x72,0x0e,0x70,0xe0,0x70,
  0xea,0x6f,0x14,0x80,0x73,0x21,0x6f,0x50,0x6f,0xa6,0x72,0x77,0x5f,0x81,0x80,0x70,
  0x82,0x6f,0xc5,0x70,0xfc,0x70,0x66,0x70,0xfa,0x6f,0x89,0x71,0x75,0x6f,0xe5,0x60,
  0x73,0x5b,0x73,0x89,0x6f,0x03,0x71,0x7a,0x72,0x5d,0x72,0x42,0x5f,0x83,0x6f,0x57,
  0x70,0x92,0x72,0x60,0x72,0xc3,0x71,0x53,0x6f,0x22,0x72,0x89,0x70,0x91,0x84,0x71,
  0x0c,0x71,0x67,0x71,0x5d,0x70,0xe6,0x65,0x6f,0xa6,0x71,0xa2,0x6f,0xf7,0x6f,0x9b,
  0x73,0x2b,0x60,0x81,0x80,0x70,0x57,0x71,0x7b,0x6f,0x57,0x72,0x17,0x72,0x0e,0x71,
  0x67,0x6f,0xa6,0x71,0xa2,0x5f,0x80,0x70,0x82,0x6f,0xc5,0x71,0x89,0x71,0x79,0x73,
  0x28,0x71,0x08,0x6f,0x89,0x80,0x71,0xa8,0x72,0x1c,0x72,0x0e,0x70,0x49,0x70,0x95,
  0x6f,0x1b,0x6f,0x98,0x6f,0xe5,0x60,0x6f,0x57,0x70,0xbe,0x6f,0x92,0x6f,0x22,0x70,
  0x5b,0x70,0x46,0x71,0x07,0x6f,0x1b,0x6f,0x1f,0x61,0x83,0x71,0x67,0x6f,0x22,0x70,
  0x66,0x5f,0x6f,0x57,0x70,0x82,0x72,0x84,0x71,0xfd,0x72,0xb6,0x84,0x71,0xbd,0x6f,
  0x90,0x6f,0x28,0x6f,0x2e,0x72,0x0e,0x71,0x41,0x70,0x60,0x6f,0x22,0x60,0x6f,0x57,
  0x72,0x24,0x70,0x6e,0x71,0x57,0x6f,0xa6,0x72,0x77,0x5f,0x83,0x70,0xeb,0x72,0x14,
  0x6f,0x5d,0x6f,0x57,0x6f,0x00,0x70,0x6b,0x72,0x84,0x72,0xbb,0x6f,0xf7,0x70,0x9b,
  0x84,0x70,0x1f,0x6f,0x92,0x73,0x08,0x71,0xea,0x70,0x28,0x70,0x2b,0x60,0x71,0xa9,
  0x71,0xca,0x6f,0x1b,0x71,0x4a,0x6f,0x58,0x6f,0x57,0x6f,0xcf,0x70,0xbe,0x71,0x62,
  0x70,0xb2,0x6f,0x22,0x60,0x83,0x6f,0x57,0x72,0x0e,0x6f,0x53,0x6f,0x78,0x6f,0x00,
  0x70,0x6b,0x71,0xba,0x72,0x1a,0x6f,0xa6,0x72,0x77,0x72,0x0e,0x72,0xa6,0x41,0x41,
  0x41,0x41,0x41,0x41,0x71,0x57,0x6f,0x57,0x70,0xf3,0x70,0xf9,0x6f,0x22,0x70,0xeb,
  0x72,0x0e,0x6f,0xb1,0x72,0x1c,0x6f,0xe3,0x62,0x83,0x71,0x10,0x72,0x1a,0x73,0x08,
  0x6f,0x10,0x70,0xc8,0x72,0xe9,0x61,0x70,0xeb,0x71,0xaa,0x71,0x67,0x6f,0x91,0x72,
  0x0e,0x6f,0x0b,0x72,0xaf,0x6f,0xd7,0x6f,0x39,0x72,0x64,0x6f,0x57,0x6f,0x22,0x5f,
  0x83,0x73,0x08,0x6f,0x10,0x73,0x0f,0x72,0x64,0x6f,0x57,0x6f,0xe5,0x61,0x70,0x03,
  0x5f,0x85,0x61,0x71,0x65,0x73,0x06,0x71,0x89,0x71,0x79,0x73,0x28,0x83,0x6f,0x00,
  0x72,0x13,0x72,0x45,0x72,0x71,0x72,0x1a,0x70,0x50,0x70,0xd1,0x72,0x0e,0x73,0x5f,
  0x71,0xa2,0x60,0x84,0x70,0xeb,0x6f,0x3a,0x72,0xb0,0x70,0x7e,0x70,0xc1,0x70,0xf2,
  0x72,0xa7,0x61,0x6f,0xd7,0x72,0x84,0x71,0x57,0x70,0xeb,0x6f,0x3a,0x72,0x0e,0x73,
  0x39,0x72,0xb4,0x6f,0xe5,0x5f,0x83,0x70,0xeb,0x6f,0x3a,0x73,0x3c,0x73,0x08,0x71,
  0x8a,0x71,0x81,0x72,0x0e,0x71,0x51,0x6f,0x5f,0x5f,0x84,0x70,0xd2,0x72,0xb4,0x70,
  0xbe,0x71,0x67,0x71,0xd9,0x70,0xd1,0x70,0xd1,0x72,0x0e,0x41,0x41,0x41,0x41,0x41,
  0x41,0x81,0x80,0x72,0x49,0x6f,0x22,0x5f,0x72,0x67,0x72,0x69,0x70,0x9a,0x71,0xb9,
  0x61,0x71,0x89,0x71,0x79,0x73,0x28,0x72,0x0e,0x73,0x5f,0x6f,0x06,0x72,0xb2,0x6f,
  0x22,0x61,0x83,0x72,0xd5,0x72,0xd5,0x6f,0x57,0x61,0x70,0xeb,0x6f,0x3a,0x6f,0xc6,
  0x6f,0xd7,0x6f,0x39,0x73,0x09,0x6f,0xc5,0x6f,0x22,0x61,0x84,0x70,0x0e,0x5f,0x6f,
  0x68,0x70,0xad,0x61,0x70,0x05,0x5f,0x85,0x60,0x83,0x70,0xeb,0x6f,0xf7,0x70,0xad,
  0x70,0xad,0x6f,0xe8,0x71,0x7c,0x6f,0x22,0x5f,0x84,0x70,0xef,0x6f,0x39,0x70,0xfc,
  0x73,0x41,0x70,0x38,0x6f,0x52,0x6f,0x22,0x60,0x6f,0x57,0x70,0x85,0x71,0xe0,0x6f,
  0x33,0x70,0x3d,0x73,0x28,0x72,0x3d,0x73,0x03,0x71,0x75,0x6f,0x22,0x62,0x83,0x72,
  0x49,0x6f,0x22,0x41,0x41,0x41,0x41,0x41,0x41,0x6f,0x1e,0x72,0xbf,0x72,0xcb,0x6f,
  0xc5,0x6f,0xf7,0x70,0x56,0x6f,0x22,0x41,0x41,0x41,0x41,0x41,0x41,0x70,0x0e,0x5f,
  0x85,0x5f,0x83,0x6f,0x57,0x71,0x57,0x6f,0x33,0x70,0xeb,0x70,0x04,0x73,0x21,0x73,
  0x01,0x84,0x73,0x03,0x71,0x75,0x72,0x0e,0x6f,0xe3,0x62,0x81,0x80,0x6f,0x35,0x73,
  0x07,0x70,0x2a,0x72,0x00,0x71,0xa2,0x6f,0xe3,0x62,0x87,0x32,0x87,0x87,0x87,0x86,
  0x85,0x5f,0x70,0x20,0x6f,0x14,0x6f,0x57,0x72,0x0e,0x70,0x98,0x6f,0xa1,0x5f,0x83,
  0x70,0xeb,0x70,0xf2,0x72,0x84,0x6f,0x33,0x70,0xd7,0x73,0x81,0x72,0x0e,0x70,0x1d,
  0x72,0x2f,0x6f,0x11,0x84,0x73,0x29,0x72,0x96,0x72,0x89,0x72,0x02,0x5f,0x72,0xd5,
  0x72,0xd5,0x6f,0x57,0x61,0x81,0x80,0x73,0x08,0x6f,0x10,0x6f,0x0a,0x72,0x05,0x71,
  0x63,0x72,0x60,0x71,0x57,0x6f,0x03,0x72,0xb5,0x72,0x2c,0x6f,0x9b,0x80,0x70,0xef,
  0x70,0x2a,0x72,0x0e,0x73,0x87,0x73,0x2c,0x70,0x49,0x73,0x4e,0x60,0x81,0x80,0x6f,
  0x4f,0x72,0x02,0x6f,0x26,0x6f,0x9e,0x6f,0x59,0x73,0x08,0x6f,0x10,0x80,0x70,0xb2,
  0x72,0x10,0x72,0x0e,0x73,0x2a,0x70,0xc1,0x5f,0x80,0x70,0x66,0x6f,0xcf,0x70,0xea,
  0x6f,0x22,0x71,0xf9,0x70,0x2a,0x73,0x08,0x6f,0x10,0x71,0x82,0x70,0x5f,0x41,0x41,
  0x41,0x41,0x41,0x41,0x81,0x80,0x6f,0x00,0x71,0x4f,0x6f,0x35,0x70,0x2a,0x73,0x08,
  0x73,0x28,0x72,0x0e,0x80,0x6f,0xa5,0x6f,0x9b,0x72,0x39,0x70,0x25,0x6f,0x05,0x71,
  0x75,0x5f,0x81,0x80,0x6f,0x47,0x6f,0xe4,0x70,0x9d,0x70,0xeb,0x6f,0x3a,0x72,0x0e,
  0x6f,0x6b,0x71,0x53,0x6f,0x0a,0x72,0x05,0x60,0x80,0x6f,0x35,0x73,0x07,0x70,0xe0,
  0x6f,0x90,0x72,0x01,0x70,0xeb,0x6f,0x3a,0x72,0x0e,0x6f,0x9b,0x73,0x2b,0x5f,0x80,
  0x70,0x7d,0x70,0x33,0x70,0x37,0x73,0x4d,0x73,0x06,0x73,0x0b,0x71,0x21,0x6f,0x0d,
  0x6f,0x10,0x81,0x80,0x6f,0x0a,0x72,0x05,0x72,0x0e,0x73,0x15,0x73,0x1c,0x73,0x09,
  0x6f,0x00,0x71,0x96,0x70,0xf7,0x70,0x49,0x60,0x81,0x80,0x70,0x9e,0x70,0x56,0x73,
  0x21,0x6f,0x10,0x73,0x15,0x73,0x1c,0x71,0xf9,0x70,0x2a,0x80,0x73,0x07,0x71,0xaa,
  0x70,0x6a,0x6f,0x70,0x70,0xf3,0x70,0xa8,0x41,0x41,0x41,0x41,0x41,0x41,0x80,0x6f,
  0x4f,0x71,0x57,0x85,0x5f,0x73,0x07,0x71,0x75,0x70,0xbe,0x6f,0xc7,0x5f,0x81,0x80,
  0x70,0x57,0x71,0x7b,0x70,0xeb,0x6f,0x3a,0x6f,0x01,0x6f,0x10,0x70,0x53,0x70,0x64,
  0x72,0x84,0x6f,0x70,0x73,0x23,0x80,0x73,0x5b,0x6f,0x11,0x70,0x2a,0x6f,0x00,0x72,
  0xeb,0x72,0x0e,0x72,0xc9,0x5f,0x70,0xeb,0x6f,0x3a,0x70,0x82,0x6f,0xd7,0x6f,0x39,
  0x80,0x72,0xb6,0x70,0xa8,0x6f,0x9e,0x6f,0x59,0x72,0x9d,0x72,0xf8,0x6f,0x1b,0x70,
  0x42,0x72,0x0e,0x70,0x7b,0x6f,0xbc,0x6f,0x22,0x60,0x81,0x80,0x70,0xeb,0x71,0xf9,
  0x70,0x2a,0x6f,0xee,0x72,0xc6,0x6f,0x57,0x6f,0x76,0x6f,0x35,0x70,0x53,0x70,0x64,
  0x80,0x72,0xac,0x70,0x1d,0x72,0x2f,0x72,0x0e,0x70,0x2b,0x71,0xd9,0x60,0x70,0xeb,
  0x72,0x14,0x6f,0x5d,0x87,0x40,0x81,0x80,0x6f,0x57,0x6f,0x00,0x70,0x6b,0x72,0x84,
  0x70,0x48,0x70,0xf3,0x72,0xdb,0x6f,0x9e,0x6f,0x59,0x60,0x80,0x6f,0x92,0x73,0x21,
  0x71,0x51,0x5f,0x80,0x70,0xeb,0x6f,0x1e,0x72,0x84,0x70,0xd5,0x70,0x44,0x6f,0xc4,
  0x71,0x75,0x72,0x0e,0x71,0x82,0x70,0x5f,0x6f,0x22,0x60,0x87,0x32,0x87,0x87,0x87,
  0x86,0x85,0x5f,0x70,0x20,0x6f,0x14,0x6f,0x57,0x72,0x0e,0x70,0x98,0x6f,0xa1,0x5f,
  0x83,0x70,0xeb,0x70,0xf2,0x72,0x84,0x6f,0x33,0x70,0xd7,0x73,0x81,0x72,0x0e,0x70,
  0x1d,0x72,0x2f,0x6f,0x11,0x84,0x73,0x29,0x72,0x96,0x72,0x89,0x72,0x02,0x5f,0x72,
  0xd5,0x72,0xd5,0x6f,0x57,0x60,0x81,0x80,0x41,0x41,0x41,0x41,0x41,0x41,0x71,0x4d,
  0x72,0xc0,0x71,0x57,0x72,0xd1,0x5f,0x6f,0xd3,0x72,0xb0,0x72,0xb7,0x72,0x28,0x6f,
  0x92,0x80,0x6f,0x03,0x72,0xb5,0x72,0x2c,0x6f,0x9b,0x5f,0x6f,0x35,0x72,0x0e,0x70,
  0xe4,0x71,0x6a,0x70,0x82,0x6f,0x47,0x80,0x70,0x6e,0x71,0xf9,0x5f,0x72,0x13,0x6f,
  0x92,0x72,0x00,0x6f,0xf6,0x72,0x5f,0x72,0x62,0x6f,0x14,0x71,0x93,0x41,0x41,0x41,
  0x41,0x41,0x41,0x81,0x80,0x70,0x20,0x71,0x95,0x5f,0x73,0x08,0x72,0x7f,0x6f,0x9b,
  0x73,0x2b,0x6f,0x00,0x72,0x13,0x72,0xac,0x73,0x57,0x72,0x9d,0x80,0x70,0x2a,0x73,
  0x87,0x73,0x2c,0x70,0x49,0x73,0x4e,0x5f,0x6f,0xd3,0x71,0x67,0x71,0x78,0x70,0x7f,
  0x71,0x3e,0x71,0x67,0x80,0x72,0xe1,0x71,0x84,0x72,0x0e,0x6f,0x2e,0x70,0xf2,0x72,
  0x20,0x73,0x1c,0x70,0x66,0x72,0x0e,0x6f,0x50,0x72,0x72,0x60,0x81,0x80,0x71,0xe0,
  0x72,0x78,0x5f,0x6f,0x06,0x72,0x20,0x6f,0x54,0x71,0x51,0x72,0xeb,0x5f,0x80,0x70,
  0x66,0x72,0x0e,0x6f,0x77,0x6f,0x53,0x6f,0x50,0x72,0x72,0x70,0x4d,0x6f,0x49,0x6f,
  0x22,0x41,0x41,0x41,0x41,0x41,0x41,0x81,0x80,0x73,0x29,0x71,0x46,0x6f,0xcb,0x71,
  0xf9,0x73,0x87,0x73,0x2c,0x70,0x49,0x73,0x4e,0x72,0x0e,0x6f,0x2e,0x5f,0x80,0x71,
  0x57,0x6f,0x00,0x6f,0x10,0x6f,0xe0,0x6f,0xd4,0x6f,0x9e,0x6f,0x59,0x70,0x46,0x70,
  0x4c,0x72,0x0e,0x80,0x73,0x22,0x70,0xd7,0x72,0x10,0x72,0xe0,0x60,0x81,0x80,0x70,
  0xef,0x70,0x9e,0x5f,0x6f,0x35,0x70,0xb4,0x71,0x51,0x70,0x9d,0x6f,0x06,0x72,0x20,
  0x73,0x1c,0x80,0x70,0x1f,0x6f,0x92,0x6f,0x6b,0x71,0x53,0x6f,0x0a,0x72,0x05,0x72,
  0x0e,0x71,0x47,0x71,0xb1,0x41,0x41,0x41,0x41,0x41,0x41,0x81,0x80,0x41,0x41,0x41,
  0x41,0x41,0x41,0x72,0xbd,0x6f,0x52,0x5f,0x85,0x5f,0x80,0x6f,0x57,0x71,0x67,0x72,
  0x1a,0x72,0x17,0x71,0x94,0x72,0x0e,0x6f,0xa6,0x72,0x77,0x70,0xf2,0x80,0x72,0x84,
  0x6f,0x58,0x72,0x01,0x72,0x0e,0x73,0x81,0x71,0xb1,0x6f,0x1b,0x6f,0x9b,0x61,0x81,
  0x80,0x73,0x07,0x71,0x67,0x5f,0x73,0x52,0x6f,0x22,0x71,0x98,0x6f,0x2a,0x6f,0x1b,
  0x70,0x88,0x80,0x72,0x0e,0x6f,0x49,0x73,0x0f,0x71,0xd9,0x6f,0x39,0x70,0x45,0x5f,
  0x6f,0x76,0x6f,0x35,0x70,0x2b,0x71,0x47,0x6f,0x1e,0x80,0x70,0x61,0x70,0x2a,0x73,
  0x15,0x70,0xba,0x6f,0x0d,0x6f,0x10,0x6f,0x0a,0x72,0x05,0x72,0x0e,0x6f,0x6f,0x6f,
  0xd0,0x60,0x81,0x80,0x70,0x56,0x70,0x56,0x6f,0x90,0x72,0x01,0x73,0x08,0x6f,0x29,
  0x73,0x15,0x73,0x1c,0x5f,0x70,0x2a,0x6f,0x0d,0x6f,0x10,0x80,0x6f,0x0a,0x72,0x05,
  0x6f,0x1b,0x73,0x47,0x72,0x3d,0x71,0x87,0x5f,0x70,0xfa,0x6f,0x89,0x73,0x57,0x72,
  0x9d,0x80,0x70,0x2a,0x73,0x88,0x71,0x5e,0x6f,0x0a,0x72,0x05,0x6f,0x11,0x72,0x0e,
  0x70,0xd7,0x73,0x81,0x6f,0xe5,0x60,0x81,0x80,0x72,0xbd,0x6f,0x52,0x5f,0x6f,0xd3,
  0x71,0x67,0x6f,0x57,0x5f,0x70,0xf2,0x72,0x84,0x70,0xf3,0x72,0xdb,0x80,0x73,0x21,
  0x6f,0x10,0x70,0xb2,0x72,0x10,0x6f,0x9e,0x6f,0x59,0x70,0x46,0x70,0x4c,0x5f,0x80,
  0x6f,0x06,0x5f,0x71,0x57,0x73,0x21,0x6f,0x10,0x73,0x88,0x71,0x5e,0x73,0x81,0x71,
  0xf6,0x6f,0x9e,0x6f,0x59,0x61,0x87,0x32,0x87,0x87,0x87,0x86,0x85,0x5f,0x70,0x20,
  0x6f,0x14,0x6f,0x57,0x72,0x0e,0x70,0x98,0x6f,0xa1,0x5f,0x83,0x70,0xeb,0x70,0xf2,
  0x72,0x84,0x6f,0x33,0x70,0xd7,0x73,0x81,0x72,0x0e,0x70,0x1d,0x72,0x2f,0x6f,0x11,
  0x84,0x73,0x29,0x72,0x96,0x72,0x89,0x72,0x02,0x5f,0x72,0xd5,0x72,0xd5,0x6f,0x57,
  0x60,0x81,0x80,0x6f,0x57,0x6f,0xe6,0x72,0xcd,0x73,0x03,0x70,0x49,0x71,0xd5,0x73,
  0x59,0x72,0x0e,0x73,0x6c,0x72,0xb8,0x6f,0xe3,0x62,0x80,0x70,0xeb,0x70,0xef,0x6f,
  0xe6,0x6f,0x92,0x72,0x0e,0x5f,0x71,0x57,0x73,0x08,0x71,0x82,0x72,0x0e,0x60,0x81,
  0x80,0x70,0x57,0x71,0x7b,0x71,0x67,0x6f,0x00,0x6f,0x10,0x70,0xc1,0x70,0xca,0x73,
  0x22,0x70,0xc9,0x72,0x0e,0x6f,0x2e,0x80,0x70,0xbe,0x6f,0x92,0x6f,0x22,0x6f,0x03,
  0x72,0xb5,0x72,0x2c,0x6f,0x9b,0x5f,0x80,0x73,0x21,0x6f,0x19,0x5f,0x6f,0xf6,0x73,
  0x05,0x6f,0x11,0x70,0xc2,0x71,0xe0,0x6f,0x47,0x6f,0x89,0x71,0xf9,0x81,0x80,0x6f,
  0x00,0x6f,0x50,0x6f,0xa6,0x72,0x77,0x6f,0x07,0x6f,0x1b,0x70,0x79,0x70,0xff,0x5f,
  0x80,0x6f,0xa6,0x72,0x77,0x70,0x7d,0x6f,0x07,0x70,0xac,0x6f,0xcb,0x70,0x49,0x71,
  0xd5,0x73,0x59,0x72,0x0e,0x70,0xd7,0x73,0x81,0x81,0x80,0x70,0x87,0x70,0xa8,0x6f,
  0x00,0x70,0x2c,0x70,0x63,0x71,0xb3,0x6f,0x00,0x71,0x25,0x72,0x0e,0x6f,0x7f,0x71,
  0x42,0x5f,0x80,0x70,0x57,0x71,0x7b,0x6f,0xa6,0x72,0x77,0x70,0xed,0x72,0xdb,0x5f,
  0x70,0x82,0x6f,0x79,0x6f,0x1e,0x71,0xaa,0x71,0x67,0x80,0x6f,0x3d,0x6f,0x54,0x6f,
  0x9b,0x73,0x2b,0x72,0x84,0x73,0x4b,0x71,0x93,0x6f,0x35,0x72,0x0e,0x73,0x2a,0x70,
  0xc1,0x60,0x81,0x80,0x6f,0xd3,0x71,0x67,0x70,0x68,0x71,0x01,0x71,0xbd,0x71,0x07,
  0x73,0x83,0x71,0xf6,0x70,0x26,0x72,0x0e,0x80,0x73,0x79,0x70,0x3f,0x6f,0x00,0x71,
  0x4c,0x5f,0x70,0xf2,0x71,0x67,0x72,0xe1,0x71,0x84,0x70,0xea,0x6f,0x14,0x80,0x73,
  0x21,0x6f,0x50,0x72,0xac,0x73,0x11,0x6f,0x11,0x72,0x0e,0x6f,0xa6,0x72,0x77,0x41,
  0x41,0x41,0x41,0x41,0x41,0x81,0x80,0x6f,0x57,0x72,0x0e,0x72,0xf8,0x6f,0x04,0x5f,
  0x6f,0x1e,0x71,0xba,0x72,0x1a,0x71,0xbd,0x71,0x07,0x73,0x83,0x80,0x73,0x79,0x70,
  0x3f,0x72,0x0e,0x72,0xa6,0x5f,0x70,0x79,0x6f,0xe5,0x62,0x80,0x71,0x4e,0x71,0xe0,
  0x70,0x57,0x71,0x95,0x5f,0x6f,0x57,0x70,0x82,0x70,0xc2,0x73,0x6a,0x70,0x7d,0x81,
  0x80,0x70,0x3b,0x70,0x80,0x73,0x02,0x6f,0x71,0x6f,0x15,0x71,0x3a,0x6f,0x89,0x71,
  0x75,0x60,0x80,0x6f,0xd3,0x72,0xbf,0x70,0xea,0x6f,0x9d,0x5f,0x6f,0x06,0x72,0xbf,
  0x70,0x4d,0x72,0xdb,0x61,0x87,0x32,0x87,0x87,0x87,0x86,0x85,0x5f,0x70,0x20,0x6f,
  0x14,0x6f,0x57,0x72,0x0e,0x70,0x98,0x6f,0xa1,0x5f,0x83,0x70,0xeb,0x70,0xf2,0x72,
  0x84,0x6f,0x33,0x70,0xd7,0x73,0x81,0x72,0x0e,0x70,0x1d,0x72,0x2f,0x6f,0x11,0x84,
  0x73,0x29,0x72,0x96,0x72,0x89,0x72,0x02,0x5f,0x72,0xd5,0x72,0xd5,0x6f,0x57,0x60,
  0x81,0x80,0x70,0xb4,0x70,0x9c,0x5f,0x6f,0x01,0x72,0xda,0x72,0x77,0x70,0x7b,0x6f,
  0xbc,0x73,0x15,0x70,0xba,0x73,0x88,0x71,0x5e,0x80,0x6f,0x0a,0x72,0x05,0x72,0x0e,
  0x73,0x15,0x73,0x1c,0x71,0x51,0x5f,0x71,0xbd,0x71,0x07,0x73,0x83,0x80,0x73,0x79,
  0x70,0x3f,0x70,0x21,0x6f,0x14,0x6f,0x22,0x6f,0x5c,0x71,0x01,0x6f,0x35,0x6f,0x3a,
  0x5f,0x81,0x80,0x6f,0x07,0x70,0xd7,0x73,0x81,0x70,0x87,0x70,0xa8,0x6f,0x22,0x6f,
  0x00,0x70,0x2c,0x70,0xde,0x71,0xdb,0x81,0x80,0x72,0x0e,0x70,0xed,0x6f,0x24,0x60,
  0x70,0xeb,0x6f,0xe6,0x72,0xcd,0x5f,0x70,0x2a,0x73,0x21,0x70,0x2c,0x80,0x70,0xed,
  0x70,0xb7,0x6f,0x11,0x5f,0x73,0x79,0x70,0x3f,0x70,0x21,0x6f,0x86,0x6f,0x1d,0x6f,
  0x70,0x6f,0x7c,0x80,0x72,0xb1,0x71,0xaa,0x41,0x41,0x41,0x72,0x78,0x6f,0x57,0x5f,
  0x70,0xbd,0x6f,0xd7,0x72,0x84,0x71,0x57,0x70,0x57,0x6f,0x32,0x81,0x80,0x70,0x0a,
  0x6f,0x00,0x71,0xba,0x72,0x1a,0x6f,0x35,0x6f,0x3a,0x72,0xa6,0x72,0x85,0x72,0x0e,
  0x6f,0xe1,0x6f,0x2e,0x60,0x80,0x70,0x57,0x71,0x7b,0x6f,0x57,0x72,0x17,0x72,0x0e,
  0x71,0x57,0x73,0x21,0x70,0x0a,0x6f,0x00,0x72,0x0e,0x81,0x80,0x6f,0xe1,0x6f,0x2e,
  0x5f,0x73,0x21,0x6f,0x19,0x5f,0x6f,0x57,0x70,0x82,0x71,0x78,0x71,0x67,0x6f,0xd7,
  0x72,0x84,0x80,0x70,0xea,0x6f,0x14,0x6f,0x49,0x72,0xcd,0x6f,0x11,0x72,0x0e,0x72,
  0x92,0x73,0x5a,0x5f,0x80,0x6f,0x1e,0x6f,0xd3,0x71,0x67,0x6f,0x57,0x5f,0x70,0xf2,
  0x71,0x67,0x81,0x80,0x71,0xbe,0x71,0xd1,0x6f,0x9e,0x6f,0x59,0x72,0x0e,0x70,0x6e,
  0x6f,0x9b,0x61,0x87,0x32,0x87,0x87,0x87,0x86,0x85,0x5f,0x70,0x20,0x6f,0x14,0x6f,
  0x57,0x72,0x0e,0x70,0x98,0x6f,0xa1,0x5f,0x83,0x70,0xeb,0x70,0xf2,0x72,0x84,0x6f,
  0x33,0x70,0xd7,0x73,0x81,0x72,0x0e,0x70,0x1d,0x72,0x2f,0x6f,0x11,0x84,0x73,0x29,
  0x72,0x96,0x72,0x89,0x72,0x02,0x5f,0x72,0xd5,0x72,0xd5,0x6f,0x57,0x60,0x81,0x80,
  0x70,0xeb,0x6f,0xe6,0x72,0xcd,0x5f,0x6f,0xd1,0x6f,0x37,0x72,0x0e,0x71,0xbd,0x6f,
  0x90,0x6f,0x28,0x6f,0x2e,0x5f,0x80,0x6f,0xf7,0x6f,0x01,0x72,0xda,0x72,0x77,0x6f,
  0x00,0x71,0x82,0x5f,0x80,0x73,0x24,0x71,0x0c,0x71,0x67,0x72,0x2c,0x70,0x50,0x72,
  0x0e,0x6f,0x9b,0x73,0x2b,0x60,0x81,0x80,0x6f,0x06,0x73,0x03,0x73,0x56,0x72,0x1a,
  0x71,0x51,0x73,0x47,0x71,0xba,0x73,0x17,0x5f,0x80,0x71,0xf9,0x70,0x2a,0x73,0x07,
  0x6f,0x5c,0x71,0x67,0x72,0x5a,0x71,0x94,0x72,0xa6,0x72,0x66,0x72,0x0e,0x6f,0x2e,
  0x5f,0x80,0x70,0x92,0x72,0x60,0x72,0xee,0x71,0x75,0x72,0xee,0x70,0x7f,0x6f,0x22,
  0x60,0x81,0x80,0x70,0xeb,0x6f,0x3a,0x73,0x08,0x6f,0x29,0x72,0xda,0x72,0x77,0x72,
  0x0e,0x6f,0xe1,0x6f,0x2e,0x5f,0x81,0x80,0x6f,0x1e,0x71,0x50,0x70,0x82,0x70,0x4d,
  0x6f,0xc5,0x6f,0x22,0x80,0x70,0xb4,0x70,0x9c,0x72,0x0e,0x70,0xb2,0x70,0x49,0x73,
  0x81,0x6f,0x9b,0x60,0x80,0x6f,0x4f,0x70,0x57,0x71,0x7b,0x71,0x67,0x6f,0x00,0x6f,
  0x50,0x81,0x80,0x6f,0x65,0x72,0xda,0x72,0x77,0x73,0x21,0x71,0x82,0x71,0x67,0x71,
  0x5d,0x70,0xe6,0x72,0x0e,0x73,0x79,0x70,0x3f,0x5f,0x81,0x80,0x72,0x84,0x70,0xfc,
  0x6f,0xa6,0x71,0xa2,0x6f,0xf7,0x70,0xeb,0x6f,0x3a,0x72,0x62,0x6f,0xdd,0x72,0xeb,
  0x71,0x75,0x5f,0x80,0x70,0xeb,0x6f,0x3a,0x72,0x0e,0x6f,0x9b,0x73,0x2b,0x70,0x82,
  0x72,0x84,0x70,0x49,0x70,0x49,0x71,0x26,0x6f,0xb0,0x60,0x80,0x6f,0x79,0x73,0x03,
  0x6f,0x06,0x6f,0x18,0x5f,0x81,0x80,0x73,0x0b,0x71,0x21,0x6f,0x0d,0x6f,0x10,0x6f,
  0x0a,0x72,0x05,0x72,0x0e,0x73,0x15,0x73,0x1c,0x5f,0x81,0x80,0x70,0x82,0x6f,0x47,
  0x70,0x6a,0x6f,0x70,0x70,0xf3,0x70,0xa8,0x60,0x80,0x70,0x57,0x71,0x7b,0x6f,0x57,
  0x72,0x84,0x70,0xf3,0x6f,0x5e,0x6f,0x9e,0x6f,0x59,0x5f,0x80,0x73,0x08,0x6f,0x10,
  0x73,0x88,0x71,0x5e,0x72,0x0e,0x6f,0x0a,0x72,0x05,0x81,0x80,0x70,0x82,0x6f,0x47,
  0x71,0xbe,0x70,0x4d,0x60,0x81,0x80,0x72,0x78,0x6f,0x03,0x72,0xb5,0x72,0x2c,0x6f,
  0x9b,0x5f,0x80,0x6f,0x1e,0x6f,0x47,0x72,0x46,0x70,0xbc,0x71,0x46,0x72,0x0e,0x6f,
  0x15,0x6f,0x2e,0x60,0x81,0x80,0x70,0xeb,0x72,0x14,0x6f,0x5d,0x6f,0x57,0x72,0x84,
  0x6f,0x62,0x6f,0x92,0x41,0x41,0x41,0x41,0x41,0x41,0x80,0x85,0x5f,0x72,0x2b,0x6f,
  0x57,0x70,0x56,0x73,0x05,0x61,0x87,0x32,0x87,0x87,0x87,0x86,0x85,0x5f,0x70,0x20,
  0x6f,0x14,0x6f,0x57,0x72,0x0e,0x70,0x98,0x6f,0xa1,0x5f,0x83,0x70,0xeb,0x70,0xf2,
  0x72,0x84,0x6f,0x33,0x70,0xd7,0x73,0x81,0x72,0x0e,0x70,0x1d,0x72,0x2f,0x6f,0x11,
  0x84,0x73,0x29,0x72,0x96,0x72,0x89,0x72,0x02,0x5f,0x72,0xd5,0x72,0xd5,0x6f,0x57,
  0x60,0x81,0x80,0x70,0x20,0x6f,0x14,0x6f,0x9e,0x6f,0x59,0x72,0x89,0x70,0x91,0x71,
  0x4d,0x71,0xb1,0x80,0x72,0xb6,0x70,0xa8,0x6f,0x01,0x72,0xda,0x72,0x77,0x72,0x0e,
  0x70,0x7b,0x6f,0xbc,0x5f,0x80,0x70,0xef,0x6f,0x39,0x6f,0x35,0x70,0xfc,0x70,0xeb,
  0x6f,0x3a,0x81,0x80,0x6f,0x70,0x73,0x24,0x70,0xfd,0x6f,0x22,0x72,0xeb,0x71,0x75,
  0x60,0x81,0x80,0x6f,0x35,0x6f,0x90,0x72,0x01,0x73,0x21,0x6f,0x10,0x6f,0xd4,0x80,
  0x73,0x4c,0x71,0x84,0x70,0x65,0x72,0x0e,0x70,0x8f,0x70,0x95,0x5f,0x80,0x70,0xfc,
  0x70,0xeb,0x6f,0x3a,0x73,0x0f,0x73,0x09,0x6f,0x22,0x81,0x80,0x73,0x88,0x71,0x5e,
  0x6f,0x0a,0x72,0x05,0x60,0x80,0x72,0x46,0x6f,0x92,0x6f,0x35,0x6f,0x60,0x6f,0xa1,
  0x70,0xeb,0x6f,0x3a,0x72,0x0e,0x6f,0x9b,0x73,0x2b,0x80,0x70,0xf3,0x70,0xa8,0x70,
  0x7b,0x6f,0xbc,0x6f,0x1b,0x6f,0xe1,0x5f,0x81,0x80,0x70,0x82,0x70,0xfc,0x70,0xeb,
  0x6f,0x3a,0x70,0x7b,0x70,0x2a,0x73,0x08,0x6f,0x29,0x71,0xa3,0x71,0x5c,0x73,0x28,
  0x5f,0x81,0x80,0x6f,0x2b,0x72,0x64,0x6f,0x35,0x71,0x65,0x6f,0x5d,0x6f,0x3d,0x72,
  0x0e,0x70,0xd1,0x71,0xed,0x80,0x71,0x75,0x6f,0x0e,0x6f,0x9e,0x72,0x16,0x70,0x68,
  0x60,0x81,0x80,0x71,0xaa,0x70,0xe0,0x6f,0x92,0x41,0x41,0x41,0x41,0x41,0x41,0x80,
  0x6f,0x57,0x70,0x85,0x71,0xe0,0x72,0x84,0x71,0x75,0x6f,0x92,0x73,0x08,0x73,0x28,
  0x60,0x80,0x71,0xf9,0x70,0x2a,0x5f,0x70,0x3b,0x70,0x80,0x73,0x02,0x6f,0x71,0x6f,
  0x15,0x81,0x80,0x72,0xac,0x70,0x23,0x70,0x2a,0x6f,0x1c,0x73,0x8a,0x70,0x8a,0x73,
  0x28,0x5f,0x80,0x6f,0x57,0x72,0xb0,0x72,0xea,0x70,0xc8,0x6f,0xc5,0x71,0x3a,0x70,
  0x55,0x61,0x87,0x32,0x87,0x87,0x87,0x86,0x85,0x5f,0x72,0x17,0x72,0x0e,0x70,0xbd,
  0x70,0xe3,0x72,0xd5,0x6f,0x57,0x5f,0x83,0x6f,0x00,0x72,0xf4,0x6f,0xc1,0x70,0x83,
  0x72,0x8e,0x72,0xff,0x71,0x75,0x71,0x3a,0x70,0xeb,0x60,0x84,0x71,0x7b,0x71,0xe0,
  0x6f,0x06,0x6f,0x89,0x70,0xeb,0x70,0xef,0x71,0x43,0x5f,0x81,0x80,0x6f,0x57,0x70,
  0x82,0x71,0x57,0x6f,0x49,0x72,0xcd,0x6f,0x11,0x72,0x0e,0x6f,0xa6,0x72,0x77,0x60,
  0x80,0x70,0xeb,0x6f,0x3a,0x72,0x44,0x6f,0x00,0x71,0x8f,0x72,0xb2,0x73,0x65,0x71,
  0x51,0x5f,0x80,0x70,0xeb,0x70,0x82,0x70,0x92,0x72,0x60,0x70,0xe3,0x72,0xb4,0x6f,
  0x92,0x6f,0x22,0x60,0x81,0x80,0x6f,0x9e,0x6f,0x59,0x71,0xf9,0x70,0x2a,0x71,0x94,
  0x70,0xbc,0x70,0x2a,0x80,0x6f,0x35,0x72,0x0e,0x70,0x39,0x73,0x28,0x5f,0x80,0x72,
  0x46,0x70,0xbc,0x71,0x51,0x71,0x70,0x5f,0x81,0x80,0x70,0xe0,0x72,0x3d,0x73,0x03,
  0x73,0x21,0x71,0x74,0x81,0x80,0x73,0x0b,0x71,0x21,0x6f,0x0d,0x6f,0x10,0x6f,0x0a,
  0x72,0x05,0x72,0x0e,0x73,0x15,0x73,0x1c,0x60,0x80,0x6f,0x00,0x71,0x4f,0x6f,0x35,
  0x73,0x09,0x6f,0x6f,0x6f,0x6b,0x71,0x53,0x6f,0x0a,0x72,0x05,0x5f,0x80,0x70,0xd4,
  0x70,0xcd,0x70,0x82,0x6f,0x79,0x6f,0x1e,0x71,0xaa,0x6f,0x2e,0x81,0x80,0x72,0x84,
  0x73,0x4b,0x71,0x93,0x6f,0x35,0x6f,0x22,0x41,0x41,0x41,0x41,0x41,0x41,0x80,0x6f,
  0x4f,0x6f,0xd3,0x72,0xb0,0x6f,0x35,0x73,0x07,0x72,0x06,0x70,0x2a,0x80,0x73,0x08,
  0x6f,0x10,0x6f,0x0a,0x72,0x05,0x73,0x28,0x5f,0x81,0x80,0x70,0x82,0x73,0x07,0x71,
  0x67,0x71,0x70,0x6f,0x47,0x70,0xf3,0x72,0xdb,0x6f,0x35,0x60,0x81,0x80,0x70,0xeb,
  0x6f,0x3a,0x70,0xbe,0x73,0x75,0x6f,0x04,0x72,0xea,0x70,0xba,0x80,0x6f,0x9e,0x6f,
  0x59,0x6f,0x1b,0x70,0x39,0x60,0x80,0x6f,0xd3,0x72,0xb0,0x70,0xeb,0x6f,0x3a,0x6f,
  0xdd,0x6f,0x9b,0x5f,0x81,0x80,0x6f,0x00,0x70,0x6b,0x72,0x84,0x70,0xf3,0x72,0x22,
  0x6f,0x35,0x72,0x0e,0x70,0x7b,0x6f,0xbc,0x60,0x81,0x80,0x71,0x4d,0x72,0xc0,0x6f,
  0x35,0x72,0xf9,0x6f,0x92,0x70,0x06,0x73,0x28,0x5f,0x80,0x70,0xeb,0x6f,0x3a,0x73,
  0x24,0x72,0x84,0x70,0xfa,0x6f,0x92,0x6f,0x35,0x60,0x87,0x40,0x81,0x80,0x6f,0x00,
  0x70,0x6b,0x72,0xb0,0x72,0xbb,0x6f,0xf7,0x70,0x9b,0x80,0x73,0x29,0x71,0x46,0x70,
  0x1f,0x6f,0x92,0x73,0x08,0x73,0x28,0x60,0x80,0x73,0x08,0x6f,0x00,0x71,0x8f,0x5f,
  0x70,0xeb,0x6f,0x3a,0x72,0x65,0x6f,0x06,0x72,0x84,0x70,0x4d,0x72,0xdb,0x61,0x87,
  0x32,0x87,0x87,0x87,0x86,0x72,0xab,0x70,0xc1,0x72,0x2b,0x72,0x30,0x70,0xeb,0x6f,
  0x3a,0x72,0x0e,0x6f,0xa6,0x72,0x77,0x5f,0x83,0x6f,0xd7,0x6f,0x39,0x73,0x69,0x6f,
  0x90,0x6f,0xcd,0x70,0x1f,0x6f,0x03,0x72,0xb5,0x72,0x2c,0x6f,0x9b,0x60,0x87,0x32,
  0x87,0x87,0x87,0x86,0x6f,0x57,0x71,0x53,0x72,0x0c,0x6f,0x22,0x6f,0xe3,0x62,0x83,
  0x59,0x59,0x59,0x59,0x44,0x59,0x71,0x53,0x72,0x0c,0x6f,0x22,0x84,0x59,0x59,0x59,
  0x59,0x59,0x59,0x59,0x6f,0x06,0x70,0x4b,0x71,0x53,0x72,0x0c,0x87,0x80,0x85,0x5f,
  0x70,0xeb,0x6f,0x3a,0x6f,0x01,0x6f,0x2e,0x83,0x71,0xf9,0x70,0x2a,0x72,0xb0,0x6f,
  0xdd,0x6f,0x9b,0x70,0xf3,0x72,0x22,0x84,0x6f,0x9e,0x6f,0x59,0x6f,0x1b,0x70,0x39,
  0x72,0x0e,0x72,0x62,0x72,0x05,0x61,0x87,0x32,0x87,0x87,0x87,0x86,0x85,0x5f,0x6f,
  0x57,0x72,0x84,0x72,0xe9,0x6f,0x92,0x73,0x08,0x73,0x28,0x5f,0x83,0x72,0x17,0x71,
  0x57,0x6f,0x22,0x6f,0x06,0x72,0xeb,0x60,0x84,0x71,0x7b,0x71,0xe0,0x6f,0x06,0x6f,
  0x89,0x70,0xeb,0x70,0xef,0x71,0x43,0x5f,0x81,0x80,0x6f,0x57,0x72,0x24,0x70,0x6e,
  0x71,0x57,0x6f,0x49,0x72,0xcd,0x6f,0x11,0x72,0x0e,0x6f,0xa6,0x72,0x77,0x5f,0x80,
  0x6f,0x33,0x72,0x44,0x6f,0x00,0x71,0x8f,0x72,0xb2,0x73,0x65,0x80,0x70,0xeb,0x70,
  0x82,0x71,0x67,0x73,0x08,0x72,0x32,0x70,0xe3,0x72,0xb4,0x60,0x81,0x80,0x6f,0x9e,
  0x6f,0x59,0x70,0x2a,0x71,0x98,0x6f,0x2a,0x6f,0x1b,0x70,0x88,0x72,0x0e,0x80,0x70,
  0x39,0x6f,0xf1,0x70,0x24,0x72,0xc1,0x72,0x72,0x6f,0x22,0x72,0x62,0x72,0x05,0x5f,
  0x80,0x71,0x94,0x70,0x2a,0x72,0x46,0x70,0xbc,0x71,0x51,0x71,0x70,0x72,0x3d,0x73,
  0x03,0x81,0x80,0x6f,0x0d,0x6f,0x10,0x6f,0x0a,0x72,0x05,0x73,0x47,0x72,0x0e,0x73,
  0x15,0x73,0x1c,0x60,0x80,0x70,0x57,0x71,0x7b,0x6f,0x9e,0x6f,0x59,0x6f,0x92,0x73,
  0x02,0x6f,0x6b,0x71,0x53,0x6f,0x0a,0x72,0x05,0x5f,0x80,0x6f,0xd7,0x72,0x84,0x70,
  0x82,0x6f,0x79,0x6f,0x1e,0x70,0xfd,0x6f,0x06,0x6f,0x52,0x6f,0x35,0x6f,0x22,0x60,
  0x81,0x80,0x6f,0x4f,0x70,0x57,0x71,0x7b,0x6f,0x35,0x72,0x06,0x70,0x2a,0x73,0x08,
  0x6f,0x10,0x80,0x70,0x7b,0x73,0x43,0x72,0x0e,0x6f,0x0a,0x72,0x05,0x73,0x28,0x5f,
  0x80,0x71,0x4d,0x72,0xc0,0x6f,0x35,0x73,0x10,0x6f,0x92,0x70,0x06,0x73,0x28,0x5f,
  0x81,0x80,0x6f,0x57,0x73,0x24,0x72,0x84,0x73,0x0d,0x6f,0x92,0x6f,0x35,0x60,0x80,
  0x71,0xe0,0x72,0x78,0x73,0x07,0x71,0x67,0x70,0x53,0x70,0x64,0x80,0x73,0x60,0x72,
  0xb0,0x6f,0x57,0x6f,0xc5,0x71,0x0e,0x71,0x3a,0x60,0x81,0x80,0x71,0x3a,0x6f,0x89,
  0x70,0xef,0x71,0x67,0x6f,0x2e,0x6f,0xe1,0x5f,0x80,0x70,0x82,0x6f,0x97,0x70,0xba,
  0x6f,0x9e,0x6f,0x59,0x6f,0x1b,0x70,0x39,0x60,0x80,0x6f,0x88,0x6f,0x60,0x6f,0x01,
  0x72,0xda,0x72,0x77,0x72,0x0e,0x72,0xa6,0x72,0x85,0x5f,0x81,0x80,0x70,0xeb,0x6f,
  0x3a,0x6f,0x00,0x70,0x6b,0x72,0x84,0x72,0x3e,0x72,0x22,0x80,0x6f,0x9e,0x6f,0x59,
  0x72,0x0e,0x72,0x62,0x72,0x05,0x60,0x80,0x85,0x41,0x41,0x41,0x41,0x41,0x41,0x70,
  0xeb,0x6f,0x3a,0x72,0xb0,0x72,0xbb,0x6f,0xf7,0x70,0x9b,0x70,0x1f,0x6f,0x92,0x73,
  0x08,0x73,0x28,0x60,0x70,0x0c,0x70,0x00,0x41,0x41,0x41,0x41,0x41,0x41,0x85,0x61,
  0x83,0x70,0xeb,0x72,0x5f,0x6f,0x26,0x72,0x46,0x6f,0x92,0x6f,0x57,0x6f,0x22,0x61,
  0x84,0x70,0x00,0x41,0x41,0x41,0x41,0x41,0x41,0x70,0x00,0x41,0x41,0x41,0x41,0x41,
  0x41,0x70,0x00,0x41,0x41,0x41,0x41,0x41,0x41,0x81,0x80,0x70,0xeb,0x72,0xb0,0x72,
  0xbb,0x6f,0x57,0x6f,0x2d,0x72,0x19,0x72,0x16,0x72,0x1a,0x70,0x3b,0x70,0x80,0x73,
  0x02,0x80,0x71,0x57,0x70,0x57,0x6f,0x54,0x70,0x2a,0x6f,0x57,0x73,0x65,0x6f,0x97,
  0x71,0xbe,0x70,0x4d,0x72,0x0e,0x61,0x80,0x6f,0x91,0x72,0x18,0x72,0x19,0x61,0x73,
  0x08,0x71,0x57,0x6f,0x57,0x71,0x65,0x6f,0xe1,0x81,0x80,0x6f,0x00,0x71,0x8f,0x72,
  0xb2,0x6f,0x92,0x70,0x3b,0x70,0x80,0x73,0x02,0x6f,0x71,0x6f,0x15,0x6f,0x22,0x61,
  0x6f,0xf4,0x6f,0xf4,0x6f,0xf4,0x41,0x41,0x41,0x41,0x41,0x41,0x61,0x73,0x08,0x6f,
  0x05,0x5f,0x83,0x6f,0x01,0x72,0xda,0x72,0x77,0x72,0x0e,0x70,0x7b,0x6f,0xbc,0x84,
  0x72,0x5f,0x6f,0x26,0x70,0xb8,0x70,0xa3,0x72,0xb6,0x70,0xa8,0x6f,0x22,0x61,0x81,
  0x80,0x70,0xbd,0x70,0xc8,0x5f,0x73,0x08,0x71,0xea,0x70,0x49,0x70,0x2b,0x70,0x7d,
  0x72,0xac,0x80,0x73,0x22,0x70,0xd7,0x6f,0x1b,0x6f,0x9b,0x70,0x6a,0x6f,0x70,0x6f,
  0xe4,0x70,0x1c,0x41,0x41,0x41,0x41,0x41,0x41,0x80,0x6f,0x06,0x73,0x03,0x71,0x57,
  0x71,0x51,0x73,0x47,0x73,0x44,0x73,0x6f,0x72,0x70,0x6f,0x22,0x60,0x81,0x80,0x6f,
  0x92,0x73,0x21,0x71,0x51,0x5f,0x70,0x82,0x73,0x0b,0x70,0xef,0x72,0xd4,0x72,0x0e,
  0x80,0x6f,0x49,0x72,0xcd,0x6f,0x11,0x72,0x0e,0x6f,0xa6,0x72,0x77,0x5f,0x80,0x6f,
  0x1e,0x6f,0x7f,0x6f,0x06,0x6f,0xd7,0x72,0x84,0x70,0xed,0x72,0x83,0x70,0xeb,0x6f,
  0x3a,0x81,0x80,0x73,0x08,0x6f,0x29,0x71,0x0c,0x71,0x67,0x73,0x87,0x73,0x2c,0x6f,
  0x1b,0x6f,0x9b,0x72,0x0e,0x70,0x61,0x70,0x2a,0x61,0x80,0x70,0x0c,0x70,0x00,0x70,
  0x00,0x70,0x00,0x41,0x41,0x41,0x41,0x41,0x41,0x61,0x81,0x80,0x73,0x21,0x6f,0x19,
  0x5f,0x70,0xeb,0x70,0x82,0x6f,0x6a,0x6f,0xee,0x73,0x00,0x6f,0x22,0x61,0x70,0x05,
  0x62,0x70,0x00,0x70,0x00,0x41,0x41,0x41,0x41,0x41,0x41,0x83,0x70,0xeb,0x72,0x16,
  0x6f,0x57,0x71,0x57,0x72,0x89,0x70,0x7a,0x71,0x98,0x72,0xf4,0x5f,0x84,0x70,0xe0,
  0x72,0xb0,0x72,0x50,0x72,0xf8,0x72,0x26,0x73,0x7b,0x65,0x71,0xa4,0x6f,0x06,0x72,
  0xed,0x72,0x00,0x6f,0x22,0x62,0x81,0x80,0x71,0x4e,0x71,0xe0,0x73,0x08,0x71,0x82,
  0x5f,0x80,0x70,0xeb,0x70,0x82,0x70,0xea,0x6f,0x70,0x6f,0x57,0x6f,0xe5,0x61,0x6f,
  0xec,0x41,0x41,0x41,0x41,0x41,0x41,0x70,0x09,0x61,0x71,0x67,0x71,0xd9,0x70,0xe1,
  0x70,0xcf,0x41,0x41,0x41,0x41,0x41,0x41,0x61,0x83,0x6f,0x57,0x71,0x7b,0x71,0xe0,
  0x70,0x82,0x71,0x57,0x6f,0x49,0x72,0xcd,0x6f,0x11,0x72,0x0e,0x6f,0xa6,0x72,0x77,
  0x41,0x41,0x41,0x84,0x6f,0x4f,0x6f,0x57,0x6f,0xd7,0x6f,0x91,0x70,0x4b,0x70,0xbe,
  0x70,0xe1,0x41,0x41,0x41,0x41,0x41,0x41,0x81,0x80,0x70,0xeb,0x6f,0x06,0x6f,0x47,
  0x70,0x82,0x73,0x08,0x71,0x82,0x72,0xac,0x6f,0x57,0x71,0xbe,0x71,0xd1,0x61,0x80,
  0x71,0x75,0x6f,0xe5,0x61,0x70,0xeb,0x72,0xb0,0x6f,0x2d,0x70,0xf1,0x70,0xfc,0x6f,
  0x57,0x71,0x09,0x6f,0x6f,0x73,0x88,0x71,0x5e,0x80,0x6f,0x0a,0x72,0x05,0x5f,0x71,
  0xa4,0x73,0x0a,0x71,0x4d,0x71,0xb1,0x73,0x10,0x72,0x87,0x61,0x6f,0xf0,0x70,0x00,
  0x70,0x00,0x70,0x00,0x61,0x6f,0x57,0x72,0x84,0x72,0xe9,0x6f,0x92,0x73,0x08,0x73,
  0x28,0x5f,0x83,0x72,0x17,0x71,0x57,0x6f,0x22,0x6f,0x06,0x72,0xeb,0x70,0x0c,0x5f,
  0x85,0x60,0x84,0x6f,0x79,0x71,0x8f,0x72,0xb2,0x6f,0x92,0x6f,0x57,0x70,0xeb,0x73,
  0x63,0x70,0x99,0x73,0x7e,0x6f,0x74,0x60,0x81,0x80,0x6f,0x06,0x73,0x03,0x70,0xbd,
  0x73,0x1d,0x70,0xe7,0x5f,0x80,0x73,0x08,0x70,0x7d,0x71,0x57,0x70,0xeb,0x6f,0x3a,
  0x71,0x65,0x6f,0xe1,0x6f,0x00,0x71,0x8f,0x72,0xb2,0x73,0x65,0x6f,0x22,0x60,0x80,
  0x6f,0xc5,0x71,0x98,0x6f,0xe5,0x5f,0x6f,0x57,0x73,0x08,0x70,0x7e,0x73,0x7f,0x61,
  0x70,0x18,0x6f,0xeb,0x61,0x83,0x72,0x38,0x70,0x70,0x70,0x0c,0x61,0x84,0x70,0xe0,
  0x71,0x75,0x71,0xd9,0x6f,0x2f,0x6f,0x19,0x6f,0xe3,0x62,0x81,0x80,0x59,0x59,0x59,
  0x59,0x44,0x59,0x70,0xeb,0x70,0xe0,0x72,0xb0,0x72,0x86,0x72,0xf7,0x80,0x59,0x59,
  0x59,0x59,0x59,0x59,0x59,0x73,0x56,0x6f,0x5b,0x73,0x16,0x73,0x16,0x87,0x80,0x6f,
  0xff,0x70,0x00,0x70,0x00,0x61,0x70,0xb4,0x71,0xe0,0x6f,0x06,0x72,0x84,0x72,0x0c,
  0x73,0x0f,0x6f,0x57,0x70,0x0d,0x61,0x83,0x39,0x34,0x34,0x6f,0xb9,0x71,0x9e,0x70,
  0xcc,0x6f,0x19,0x71,0x82,0x62,0x6f,0x8d,0x72,0x49,0x6f,0xe5,0x62,0x84,0x70,0xcc,
  0x6f,0x19,0x72,0xcd,0x62,0x81,0x80,0x59,0x59,0x59,0x59,0x44,0x59,0x72,0x64,0x70,
  0x66,0x39,0x34,0x34,0x6f,0xb9,0x71,0x9e,0x80,0x59,0x59,0x59,0x59,0x59,0x59,0x59,
  0x6f,0x57,0x71,0x57,0x70,0x54,0x70,0x0b,0x87,0x80,0x6f,0xff,0x70,0x00,0x70,0x00,
  0x70,0x00,0x61,0x71,0xe9,0x70,0xc8,0x61,0x83,0x72,0x86,0x72,0xf7,0x70,0xb3,0x6f,
  0x57,0x70,0x0d,0x61,0x73,0x0f,0x6f,0x57,0x6f,0x10,0x70,0x7e,0x72,0x2a,0x61,0x84,
  0x6f,0x57,0x71,0xf9,0x70,0x2a,0x6f,0xd7,0x6f,0x39,0x6f,0x58,0x72,0x01,0x81,0x80,
  0x70,0xeb,0x6f,0x3a,0x72,0x0e,0x72,0x35,0x70,0x76,0x71,0xa3,0x73,0x1c,0x6f,0x22,
  0x61,0x80,0x70,0x66,0x73,0x0b,0x72,0x1a,0x71,0xbd,0x71,0x07,0x73,0x83,0x72,0x0e,
  0x71,0xac,0x71,0xba,0x6f,0xf7,0x71,0xc5,0x71,0xb0,0x5f,0x81,0x80,0x72,0xb2,0x6f,
  0x92,0x71,0xa3,0x73,0x28,0x72,0x0e,0x71,0xcb,0x71,0xbf,0x81,0x80,0x70,0x82,0x72,
  0xc7,0x72,0xc7,0x73,0x30,0x73,0x09,0x6f,0xc5,0x6f,0xe5,0x61,0x80,0x70,0x56,0x70,
  0x56,0x6f,0x90,0x72,0x01,0x61,0x6f,0xff,0x70,0x00,0x70,0x00,0x61,0x6f,0x79,0x72,
  0xb2,0x61,0x72,0x46,0x6f,0x57,0x71,0x31,0x70,0x48,0x73,0x2f,0x6f,0x79,0x71,0x75,
  0x6f,0xe5,0x60,0x83,0x6f,0xff,0x70,0x00,0x70,0x00,0x61,0x70,0x1f,0x72,0xb2,0x61,
  0x71,0x57,0x6f,0xe3,0x62,0x83,0x70,0xe0,0x72,0xb2,0x70,0xeb,0x72,0x0e,0x72,0xc9,
  0x73,0x56,0x71,0x51,0x70,0x1f,0x71,0x75,0x60,0x84,0x6f,0xff,0x70,0x00,0x70,0x00,
  0x61,0x6f,0x79,0x72,0xb2,0x61,0x70,0x18,0x6f,0xeb,0x5f,0x85,0x61,0x83,0x73,0x40,
  0x72,0x76,0x62,0x6f,0x57,0x71,0x57,0x72,0xcd,0x71,0xe8,0x71,0xe8,0x6f,0xe3,0x62,
  0x84,0x70,0xeb,0x72,0x20,0x73,0x1c,0x6f,0x35,0x70,0x2a,0x70,0x06,0x73,0x28,0x5f,
  0x81,0x80,0x6f,0x06,0x73,0x03,0x5f,0x6f,0x57,0x6f,0xd7,0x6f,0xaf,0x6f,0x02,0x80,
  0x6f,0x91,0x72,0xbb,0x70,0x2d,0x6f,0x2e,0x72,0x20,0x73,0x1c,0x70,0x05,0x61,0x80,
  0x6f,0x35,0x70,0xba,0x70,0x33,0x70,0x37,0x6f,0x0b,0x73,0x01,0x5f,0x81,0x80,0x72,
  0x2c,0x71,0x9b,0x72,0x0e,0x71,0x47,0x6f,0xe2,0x6f,0xc5,0x6f,0x22,0x60,0x80,0x70,
  0xeb,0x70,0x98,0x6f,0x57,0x70,0x2a,0x70,0x2b,0x70,0x27,0x6f,0x04,0x71,0x80,0x6f,
  0x89,0x71,0x75,0x5f,0x80,0x6f,0x57,0x6f,0xc5,0x70,0xfa,0x6f,0x35,0x6f,0xe5,0x61,
  0x87,0x40,0x6f,0x57,0x70,0xfa,0x6f,0x92,0x71,0xe8,0x71,0xe8,0x6f,0x22,0x6f,0xe3,
  0x62,0x83,0x72,0x46,0x70,0x2d,0x6f,0x2e,0x73,0x24,0x72,0x31,0x70,0xa8,0x71,0x71,
  0x70,0x5f,0x5f,0x84,0x71,0xe8,0x71,0xe8,0x70,0x82,0x6f,0xd7,0x6f,0x39,0x70,0x1f,
  0x71,0x75,0x6f,0x22,0x60,0x70,0x03,0x5f,0x73,0x08,0x70,0xae,0x72,0x88,0x5f,0x70,
  0xeb,0x6f,0xd7,0x71,0xaa,0x72,0xb2,0x73,0x03,0x61,0x83,0x6f,0x57,0x6f,0x1e,0x71,
  0x57,0x6f,0x14,0x6f,0x22,0x73,0x87,0x73,0x2c,0x6f,0x1b,0x6f,0x9b,0x84,0x72,0x78,
  0x71,0x75,0x72,0x0e,0x6f,0xe3,0x62,0x81,0x80,0x6f,0x06,0x73,0x03,0x70,0xbd,0x6f,
  0xd7,0x70,0xdc,0x6f,0x57,0x71,0x75,0x71,0x59,0x6f,0x22,0x60,0x80,0x6f,0x35,0x6f,
  0xd3,0x6f,0x47,0x6f,0xe6,0x6f,0x33,0x72,0x44,0x6f,0x00,0x6f,0x10,0x81,0x80,0x72,
  0xb7,0x72,0x28,0x70,0x66,0x72,0x0e,0x6f,0x2e,0x72,0x0e,0x70,0xe1,0x70,0xc4,0x60,
  0x80,0x72,0x78,0x73,0x21,0x6f,0x10,0x6f,0x2e,0x41,0x41,0x41,0x41,0x41,0x41,0x80,
  0x70,0x92,0x72,0x60,0x70,0x7d,0x73,0x08,0x6f,0x10,0x6f,0x0a,0x72,0x05,0x5f,0x81,
  0x80,0x70,0xf8,0x71,0x61,0x70,0xea,0x6f,0x22,0x70,0x57,0x6f,0x32,0x73,0x08,0x6f,
  0x9a,0x71,0x8d,0x71,0x82,0x5f,0x81,0x80,0x71,0x94,0x70,0x57,0x6f,0x35,0x73,0x21,
  0x73,0x6e,0x70,0x36,0x72,0x9a,0x72,0x78,0x73,0x22,0x70,0xd7,0x72,0x0e,0x70,0xc1,
  0x60,0x80,0x70,0xeb,0x6f,0x1e,0x71,0x57,0x5f,0x6f,0x14,0x6f,0x22,0x70,0xbe,0x6f,
  0x92,0x73,0x21,0x6f,0x3e,0x6f,0x9b,0x73,0x2b,0x80,0x71,0x75,0x6f,0x92,0x73,0x08,
  0x73,0x28,0x60,0x81,0x80,0x6f,0xd7,0x72,0x62,0x71,0x7b,0x6f,0xef,0x62,0x80,0x72,
  0x16,0x72,0x16,0x70,0xeb,0x71,0xf9,0x70,0x2a,0x73,0x08,0x6f,0x9a,0x71,0x8d,0x71,
  0x82,0x41,0x41,0x41,0x41,0x41,0x41,0x80,0x70,0x57,0x71,0x7b,0x70,0xe0,0x72,0xbb,
  0x73,0x87,0x73,0x2c,0x70,0x49,0x73,0x4e,0x70,0xd5,0x70,0x44,0x6f,0xc4,0x71,0xf2,
  0x5f,0x81,0x80,0x70,0x82,0x70,0xc2,0x73,0x6a,0x72,0x02,0x6f,0x00,0x6f,0x10,0x80,
  0x72,0x17,0x71,0x94,0x71,0x67,0x72,0xe1,0x71,0x84,0x72,0x0e,0x6f,0x2e,0x5f,0x81,
  0x80,0x6f,0xc5,0x70,0xf3,0x6f,0x5e,0x6f,0x8f,0x73,0x19,0x6f,0x22,0x73,0x08,0x6f,
  0x10,0x6f,0x0a,0x72,0x05,0x72,0x0e,0x6f,0x2e,0x60,0x80,0x6f,0x92,0x73,0x21,0x71,
  0x51,0x41,0x41,0x41,0x41,0x41,0x41,0x70,0xeb,0x70,0xec,0x72,0xbf,0x6f,0x1e,0x72,
  0x84,0x5f,0x81,0x80,0x71,0x2c,0x72,0x87,0x73,0x08,0x6f,0x9a,0x6f,0x38,0x6f,0x2e,
  0x6f,0xc2,0x70,0xd7,0x72,0x0e,0x70,0xb5,0x70,0xcb,0x60,0x80,0x6f,0x06,0x73,0x03,
  0x5f,0x73,0x08,0x72,0x5f,0x72,0x3b,0x6f,0xd3,0x71,0x57,0x6f,0x10,0x80,0x73,0x1e,
  0x6f,0x06,0x6f,0xd7,0x6f,0xc7,0x72,0x0e,0x70,0x9f,0x70,0xe0,0x41,0x41,0x41,0x41,
  0x41,0x41,0x80,0x73,0x87,0x73,0x2c,0x6f,0x1b,0x6f,0x9b,0x41,0x41,0x41,0x41,0x41,
  0x41,0x6f,0x03,0x72,0xb5,0x72,0x2c,0x6f,0x9b,0x41,0x41,0x41,0x41,0x41,0x41,0x59,
  0x59,0x59,0x59,0x59,0x59,0x59,0x40,0x40,0x72,0x2c,0x72,0x35,0x6f,0x1b,0x71,0xaf,
  0x40,0x40,0x83,0x72,0xb0,0x70,0xf4,0x71,0xd9,0x6f,0x2f,0x6f,0x19,0x73,0x09,0x6f,
  0xc5,0x6f,0xe3,0x62,0x84,0x6f,0x57,0x70,0xe0,0x70,0xcc,0x6f,0x19,0x6f,0x62,0x62,
  0x81,0x80,0x59,0x59,0x59,0x59,0x44,0x59,0x70,0xf4,0x6f,0x3b,0x73,0x1c,0x6f,0x77,
  0x80,0x59,0x59,0x59,0x59,0x59,0x59,0x59,0x6f,0x06,0x6f,0x22,0x87,0x80,0x6f,0x06,
  0x70,0xf4,0x6f,0x22,0x61,0x6f,0x06,0x70,0xf4,0x6f,0x22,0x61,0x6f,0x0b,0x72,0xaf,
  0x73,0x07,0x72,0x64,0x6f,0x57,0x5f,0x83,0x6f,0x06,0x72,0xb0,0x6f,0x79,0x70,0xf4,
  0x6f,0x22,0x61,0x72,0xb0,0x70,0xf4,0x70,0x46,0x70,0x7f,0x6f,0xb9,0x71,0x9e,0x62,
  0x83,0x59,0x59,0x59,0x59,0x44,0x59,0x87,0x21,0x87,0x20,0x6f,0xb9,0x71,0x9e,0x84,
  0x59,0x59,0x59,0x59,0x59,0x59,0x59,0x87,0x23,0x87,0x22,0x6f,0xb9,0x71,0x9e,0x87,
  0x80,0x6f,0x57,0x71,0x57,0x6f,0x10,0x72,0xc8,0x70,0x6e,0x72,0x0e,0x6f,0x2e,0x5f,
  0x83,0x70,0xeb,0x70,0xbd,0x70,0x11,0x71,0x90,0x73,0x08,0x6f,0x00,0x71,0xd9,0x5f,
  0x84,0x70,0xeb,0x72,0xb0,0x72,0x64,0x6f,0x57,0x6f,0x00,0x6f,0x3b,0x71,0xfa,0x72,
  0xdd,0x72,0x0e,0x6f,0x0b,0x72,0xaf,0x60,0x81,0x80,0x73,0x08,0x71,0x57,0x73,0x35,
  0x6f,0x1b,0x72,0x4b,0x60,0x80,0x6f,0x57,0x73,0x60,0x72,0xb0,0x72,0x01,0x70,0x66,
  0x72,0x64,0x6f,0x23,0x6f,0x9e,0x6f,0x59,0x80,0x71,0x65,0x6f,0xe1,0x6f,0x00,0x6f,
  0x8a,0x61,0x81,0x80,0x70,0xeb,0x71,0xf9,0x70,0x2a,0x73,0x08,0x6f,0x19,0x72,0x82,
  0x6f,0x00,0x70,0x6b,0x71,0x57,0x80,0x6f,0x9e,0x6f,0x59,0x72,0x0e,0x73,0x81,0x71,
  0xb1,0x71,0x29,0x72,0x0e,0x73,0x7f,0x5f,0x80,0x6f,0x57,0x6f,0x00,0x70,0x6b,0x72,
  0xb0,0x70,0xf3,0x72,0xdb,0x6f,0x35,0x60,0x83,0x59,0x59,0x59,0x59,0x59,0x59,0x59,
  0x59,0x59,0x59,0x59,0x6f,0xde,0x71,0x55,0x73,0x7e,0x71,0xe1,0x61,0x83,0x59,0x59,
  0x59,0x59,0x59,0x59,0x59,0x59,0x59,0x59,0x59,0x6f,0x00,0x70,0x94,0x73,0x70,0x73,
  0x69,0x60,0x83,0x59,0x59,0x59,0x59,0x59,0x59,0x59,0x59,0x59,0x59,0x59,0x71,0x9e,
  0x72,0xfc,0x73,0x69,0x6f,0x90,0x60,0x83,0x59,0x59,0x59,0x59,0x59,0x59,0x59,0x59,
  0x59,0x59,0x59,0x6f,0x25,0x6f,0x25,0x6f,0xce,0x73,0x4b,0x61,0x73,0x69,0x6f,0x5b,
  0x72,0xcd,0x6f,0x00,0x6f,0x05,0x5f,0x83,0x6f,0x57,0x6f,0x32,0x70,0x4a,0x72,0x0e,
  0x73,0x05,0x6f,0xa5,0x71,0x57,0x41,0x41,0x41,0x41,0x41,0x41,0x6f,0x57,0x72,0x96,
  0x70,0xbe,0x6f,0x00,0x70,0x2f,0x70,0xc1,0x6f,0x1b,0x72,0x26,0x71,0xea,0x61,0x83,
  0x59,0x59,0x59,0x59,0x59,0x59,0x59,0x59,0x59,0x59,0x59,0x59,0x59,0x59,0x59,0x59,
  0x59,0x52,0x53,0x6f,0x57,0x72,0x96,0x70,0xbe,0x6f,0x00,0x70,0x2f,0x70,0xc1,0x6f,
  0x1b,0x72,0x26,0x71,0xea,0x61,0x83,0x59,0x59,0x59,0x59,0x59,0x59,0x59,0x59,0x59,
  0x59,0x59,0x59,0x59,0x59,0x59,0x59,0x59,0x54,0x53,0x6f,0x57,0x72,0x96,0x70,0xbe,
  0x6f,0x00,0x70,0x2f,0x70,0xc1,0x6f,0x1b,0x72,0x26,0x71,0xea,0x61,0x83,0x59,0x59,
  0x59,0x59,0x59,0x59,0x59,0x59,0x59,0x59,0x59,0x59,0x59,0x59,0x59,0x59,0x59,0x55,
  0x56,0x6f,0x57,0x72,0x96,0x70,0xbe,0x6f,0x00,0x70,0x2f,0x70,0xc1,0x6f,0x1b,0x72,
  0x26,0x71,0xea,0x61,0x83,0x59,0x59,0x59,0x59,0x59,0x59,0x59,0x59,0x59,0x59,0x59,
  0x59,0x59,0x59,0x59,0x59,0x59,0x57,0x58,0x84,0x70,0xc1,0x70,0xc1,0x71,0x3e,0x73,
  0x2b,0x70,0x3e,0x6f,0x9e,0x6f,0x22,0x61,0x6f,0x57,0x72,0x96,0x70,0xbe,0x6f,0x00,
  0x70,0x2f,0x70,0xc1,0x6f,0x1b,0x70,0x75,0x70,0x1b,0x61,0x83,0x59,0x59,0x59,0x59,
  0x59,0x59,0x59,0x59,0x59,0x59,0x59,0x59,0x59,0x59,0x59,0x59,0x59,0x57,0x58,0x84,
  0x70,0xc1,0x70,0xc1,0x71,0x3e,0x73,0x2b,0x70,0x3e,0x6f,0x9e,0x6f,0x22,0x61,0x72,
  0xbb,0x70,0xeb,0x71,0x00,0x70,0x9b,0x6f,0x57,0x72,0x0e,0x6f,0x4a,0x72,0x0a,0x5f,
  0x83,0x70,0x97,0x72,0xe9,0x6f,0x57,0x72,0x0e,0x72,0x08,0x70,0xdf,0x41,0x41,0x41,
  0x41,0x41,0x41,0x84,0x73,0x43,0x6f,0x04,0x72,0x19,0x72,0x1b,0x5f,0x81,0x80,0x70,
  0x69,0x70,0xc1,0x6f,0x43,0x70,0xd6,0x71,0xea,0x6f,0x95,0x60,0x70,0x05,0x62,0x6f,
  0x57,0x71,0x57,0x72,0xd1,0x6f,0xeb,0x5f,0x70,0x7e,0x6f,0x6e,0x70,0x5f,0x62,0x83,
  0x73,0x08,0x6f,0x10,0x6f,0x0a,0x72,0x05,0x6f,0xf7,0x6f,0x6b,0x71,0x53,0x6f,0x0a,
  0x72,0x05,0x70,0xbd,0x72,0x14,0x6f,0x4e,0x5f,0x84,0x6f,0x4f,0x6f,0xbf,0x6f,0x69,
  0x71,0xc8,0x72,0x1a,0x73,0x22,0x70,0xd7,0x71,0xa2,0x70,0xd6,0x41,0x41,0x41,0x81,
  0x80,0x73,0x87,0x73,0x2c,0x6f,0x1b,0x6f,0x9b,0x6f,0x47,0x71,0x83,0x71,0x1c,0x6f,
  0x57,0x72,0x0e,0x6f,0x78,0x70,0xc1,0x80,0x6f,0xf7,0x71,0xd3,0x73,0x80,0x71,0x34,
  0x6f,0xcf,0x6f,0x57,0x72,0x0e,0x70,0x45,0x70,0xb5,0x60,0x80,0x70,0xeb,0x72,0x0e,
  0x6f,0x78,0x70,0xc1,0x72,0x60,0x70,0x99,0x6f,0xcf,0x6f,0xa0,0x5f,0x81,0x80,0x70,
  0xef,0x6f,0x39,0x70,0xeb,0x6f,0xcf,0x70,0xea,0x6f,0x22,0x6f,0x00,0x6f,0x10,0x71,
  0xfc,0x41,0x41,0x41,0x41,0x41,0x41,0x80,0x6f,0x06,0x73,0x03,0x5f,0x71,0x67,0x6f,
  0x00,0x71,0x82,0x71,0xfc,0x70,0xb5,0x72,0x0e,0x70,0x6d,0x71,0xed,0x5f,0x80,0x70,
  0x56,0x6f,0x65,0x6f,0xd4,0x6f,0x62,0x71,0x66,0x6f,0x1b,0x71,0xfa,0x71,0xfb,0x5f,
  0x81,0x80,0x6f,0xd7,0x6f,0x39,0x72,0xbb,0x6f,0x57,0x6f,0x5c,0x71,0x11,0x6f,0xc4,
  0x70,0xb5,0x6f,0x06,0x6f,0xcf,0x60,0x80,0x70,0x0c,0x61,0x6f,0x35,0x6f,0xc6,0x71,
  0x75,0x6f,0x22,0x41,0x41,0x41,0x41,0x41,0x41,0x6f,0x57,0x41,0x41,0x41,0x41,0x41,
  0x41,0x72,0x41,0x71,0xe0,0x71,0xaa,0x71,0x67,0x6f,0xcb,0x72,0x00,0x6f,0xcf,0x70,
  0xb5,0x62,0x83,0x6f,0x57,0x70,0x9d,0x6f,0x06,0x71,0x57,0x71,0x5b,0x73,0x15,0x6f,
  0x2e,0x41,0x41,0x41,0x41,0x41,0x41,0x70,0x79,0x6f,0xe5,0x62,0x6f,0x57,0x70,0xe0,
  0x6f,0x62,0x6f,0x2f,0x6f,0x19,0x62,0x61,0x83,0x6f,0x57,0x73,0x08,0x6f,0xd3,0x70,
  0xe2,0x72,0xa5,0x72,0x0e,0x6f,0x6e,0x70,0x5f,0x5f,0x84,0x71,0x67,0x72,0xc9,0x72,
  0xb0,0x72,0xf3,0x70,0xeb,0x72,0xcd,0x6f,0xe3,0x62,0x61,0x81,0x80,0x70,0xeb,0x71,
  0x6e,0x71,0x75,0x71,0x57,0x70,0x7a,0x70,0xfa,0x73,0x87,0x73,0x2c,0x6f,0x1b,0x6f,
  0x9b,0x72,0x0e,0x5f,0x80,0x6f,0xd7,0x71,0xf9,0x70,0x2a,0x6f,0xbf,0x6f,0xcf,0x70,
  0xea,0x6f,0x22,0x73,0x08,0x6f,0x10,0x71,0x82,0x70,0x5f,0x5f,0x81,0x80,0x70,0xeb,
  0x6f,0x06,0x72,0x20,0x73,0x1c,0x70,0xcc,0x71,0x82,0x70,0x1f,0x6f,0x92,0x81,0x80,
  0x6f,0xc4,0x71,0x75,0x72,0x0e,0x6f,0x0a,0x72,0x05,0x6f,0x22,0x61,0x80,0x70,0x57,
  0x71,0x7b,0x70,0xeb,0x71,0x67,0x72,0xe8,0x71,0x07,0x6f,0x1b,0x70,0x39,0x73,0x28,
  0x73,0x65,0x72,0x0e,0x80,0x71,0x66,0x6f,0x1b,0x71,0xfa,0x71,0xfb,0x5f,0x70,0xeb,
  0x70,0x82,0x6f,0xd7,0x6f,0x39,0x70,0xd5,0x70,0x44,0x81,0x80,0x6f,0xc4,0x71,0x75,
  0x72,0x0e,0x71,0x82,0x70,0x5f,0x6f,0x22,0x61,0x81,0x80,0x70,0xeb,0x71,0xf9,0x70,
  0x2a,0x70,0xbd,0x72,0x00,0x71,0xa2,0x61,0x80,0x73,0x56,0x71,0x51,0x73,0x24,0x71,
  0x67,0x6f,0xd7,0x72,0x84,0x71,0xe5,0x6f,0xcb,0x72,0x0e,0x61,0x80,0x6f,0x57,0x71,
  0x65,0x70,0x56,0x72,0x31,0x70,0xeb,0x73,0x0a,0x6f,0x00,0x71,0xd9,0x61,0x70,0x17,
  0x41,0x41,0x41,0x41,0x41,0x41,0x61,0x6f,0x2f,0x6f,0x19,0x62,0x6f,0x57,0x70,0x85,
  0x71,0xe0,0x71,0xaa,0x71,0x67,0x6f,0xcf,0x70,0xb5,0x61,0x83,0x73,0x59,0x73,0x1c,
  0x72,0xcd,0x41,0x41,0x41,0x6f,0x57,0x71,0x67,0x71,0x66,0x6f,0x1b,0x71,0xfa,0x71,
  0xfb,0x62,0x70,0x2a,0x73,0x08,0x6f,0x10,0x6f,0x69,0x71,0xc8,0x6f,0xbd,0x73,0x53,
  0x72,0x0e,0x6f,0x0a,0x72,0x05,0x73,0x28,0x5f,0x83,0x6f,0x57,0x6f,0x00,0x70,0x6b,
  0x73,0x60,0x72,0xb0,0x6f,0xdc,0x72,0x32,0x72,0xad,0x70,0x43,0x6f,0xf7,0x72,0xaa,
  0x72,0x64,0x60,0x84,0x71,0x14,0x73,0x11,0x73,0x60,0x72,0xb0,0x72,0x0e,0x6f,0x0b,
  0x72,0xaf,0x6f,0xe5,0x41,0x41,0x41,0x41,0x41,0x41,0x6f,0xd3,0x72,0xb0,0x37,0x34,
  0x6f,0xb9,0x71,0x9e,0x5f,0x83,0x6f,0x57,0x70,0x82,0x6f,0xd7,0x6f,0x39,0x70,0xf3,
  0x70,0xa8,0x6f,0x00,0x6f,0x10,0x72,0x4c,0x70,0x5f,0x5f,0x84,0x71,0x10,0x72,0xe9,
  0x73,0x28,0x73,0x65,0x72,0x0e,0x6f,0x0b,0x72,0xaf,0x60,0x81,0x80,0x6f,0x57,0x72,
  0xb0,0x70,0xcc,0x6f,0x19,0x6f,0x62,0x62,0x80,0x59,0x59,0x59,0x59,0x44,0x59,0x6f,
  0xc5,0x70,0xa8,0x72,0x4c,0x70,0x5f,0x80,0x59,0x59,0x59,0x59,0x59,0x59,0x59,0x72,
  0x31,0x70,0xa8,0x73,0x08,0x73,0x28,0x87,0x80,0x6f,0x82,0x70,0x43,0x70,0x56,0x6f,
  0x22,0x73,0x56,0x71,0x51,0x71,0x75,0x61,0x83,0x73,0x21,0x70,0x1f,0x72,0xb2,0x6f,
  0x22,0x61,0x70,0x0e,0x5f,0x70,0x7e,0x70,0x64,0x61,0x83,0x6f,0x36,0x6f,0x22,0x6f,
  0xb9,0x71,0x9e,0x6f,0x57,0x70,0xf2,0x72,0x84,0x70,0xf3,0x70,0xa8,0x72,0x4c,0x70,
  0x5f,0x61,0x71,0xc4,0x70,0xe9,0x70,0x92,0x72,0x60,0x72,0x62,0x71,0x73,0x5f,0x83,
  0x6f,0x57,0x6f,0x06,0x72,0x84,0x6f,0x79,0x70,0xf3,0x70,0xa8,0x72,0x4c,0x70,0x5f,
  0x6f,0x22,0x60,0x72,0x2b,0x6f,0x57,0x70,0x56,0x73,0x05,0x61,0x83,0x70,0xf3,0x70,
  0xa8,0x6f,0x57,0x70,0x11,0x71,0x90,0x72,0x0e,0x72,0x4c,0x70,0x5f,0x6f,0xe5,0x61,
  0x71,0x67,0x6f,0x2f,0x6f,0x19,0x6f,0xd7,0x6f,0x39,0x70,0x98,0x6f,0x57,0x72,0x0e,
  0x62,0x83,0x73,0x11,0x71,0x0d,0x6f,0x57,0x70,0x11,0x71,0x90,0x72,0x0e,0x6f,0x0b,
  0x72,0xaf,0x60,0x84,0x67,0x71,0x13,0x5b,0x73,0x3b,0x60,0x68,0x81,0x80,0x6f,0x3c,
  0x73,0x2f,0x70,0x82,0x71,0x80,0x70,0x2a,0x73,0x21,0x73,0x28,0x61,0x6f,0x20,0x6f,
  0x22,0x73,0x21,0x6f,0x10,0x6f,0x1e,0x71,0xaa,0x72,0x01,0x5f,0x83,0x6f,0x06,0x70,
  0x57,0x73,0x11,0x71,0xd9,0x6f,0x91,0x72,0x0e,0x6f,0x0b,0x72,0xaf,0x6f,0xe5,0x62,
  0x72,0xd5,0x72,0xd5,0x70,0xdd,0x73,0x6b,0x61,0x83,0x70,0xaa,0x6f,0x0c,0x72,0x15,
  0x71,0xeb,0x72,0x0e,0x72,0xc9,0x73,0x56,0x71,0x51,0x70,0x1f,0x71,0x75,0x6f,0x20,
  0x60,0x72,0xd5,0x72,0xd5,0x70,0xdd,0x73,0x6b,0x61,0x83,0x73,0x08,0x71,0x57,0x72,
  0x56,0x72,0x8f,0x72,0x94,0x71,0xa3,0x60,0x84,0x70,0x12,0x6f,0x05,0x6f,0xd7,0x6f,
  0x39,0x70,0xd5,0x70,0x44,0x72,0x00,0x6f,0xf6,0x6f,0x61,0x60,0x72,0xd5,0x72,0xd5,
  0x70,0xdd,0x73,0x6b,0x61,0x83,0x73,0x08,0x71,0x57,0x72,0x4b,0x60,0x73,0x60,0x72,
  0xb0,0x70,0xab,0x70,0xf2,0x72,0x84,0x6f,0x58,0x72,0x01,0x60,0x72,0xd5,0x72,0xd5,
  0x70,0xdd,0x73,0x6b,0x61,0x83,0x71,0x36,0x6f,0x05,0x71,0xd8,0x70,0xb1,0x6f,0xe1,
  0x6f,0xd7,0x6f,0x39,0x6f,0x79,0x70,0xfe,0x71,0x25,0x6f,0x89,0x6f,0xc5,0x60,0x84,
  0x67,0x71,0x13,0x5b,0x73,0x3b,0x71,0x0f,0x72,0xeb,0x60,0x68,0x72,0xd5,0x72,0xd5,
  0x70,0xdd,0x73,0x6b,0x61,0x73,0x08,0x71,0x57,0x72,0xa4,0x72,0xa3,0x5f,0x83,0x6f,
  0x06,0x72,0x20,0x73,0x1c,0x6f,0x57,0x72,0xb0,0x71,0x10,0x70,0x66,0x70,0x9a,0x6f,
  0x2f,0x6f,0x19,0x60,0x72,0xd5,0x72,0xd5,0x70,0xdd,0x73,0x6b,0x61,0x83,0x73,0x08,
  0x6f,0x10,0x72,0x84,0x70,0xd5,0x70,0x44,0x6f,0x00,0x73,0x6e,0x70,0xc1,0x60,0x70,
  0x57,0x71,0x7b,0x6f,0x57,0x71,0xaa,0x71,0x67,0x72,0x3c,0x71,0xfe,0x70,0x5f,0x5f,
  0x83,0x70,0xeb,0x70,0x82,0x6f,0x06,0x72,0x84,0x6f,0xb5,0x72,0x64,0x6f,0x57,0x60,
  0x71,0xf9,0x70,0x2a,0x70,0x97,0x6f,0x06,0x6f,0x22,0x71,0x62,0x70,0x46,0x6f,0x22,
  0x5f,0x83,0x6f,0x39,0x6f,0xe1,0x6f,0x79,0x71,0x75,0x6f,0xe5,0x61,0x71,0xaa,0x70,
  0xe0,0x6f,0x92,0x6f,0x57,0x73,0x08,0x70,0x7e,0x73,0x7f,0x83,0x70,0x85,0x71,0xe0,
  0x72,0x84,0x73,0x0d,0x6f,0x92,0x73,0x2c,0x70,0x60,0x70,0x39,0x84,0x73,0x08,0x73,
  0x28,0x71,0x75,0x60,0x81,0x80,0x71,0x62,0x71,0xaa,0x70,0xe0,0x6f,0x92,0x6f,0x57,
  0x72,0x41,0x71,0xe0,0x72,0x84,0x80,0x6f,0x0d,0x71,0x8f,0x6f,0x8a,0x72,0xdb,0x70,
  0xeb,0x72,0x0e,0x6f,0x8b,0x72,0xf8,0x80,0x73,0x22,0x70,0xd7,0x70,0x8f,0x70,0x95,
  0x73,0x4c,0x71,0x84,0x70,0x65,0x61,0x81,0x80,0x6f,0x4f,0x6f,0xbe,0x6f,0x5b,0x70,
  0x57,0x71,0x95,0x5f,0x6f,0x57,0x6f,0x1e,0x6f,0x43,0x70,0xe0,0x80,0x6f,0x33,0x70,
  0xeb,0x70,0xf1,0x6f,0x11,0x70,0x4f,0x72,0xe9,0x6f,0x03,0x72,0xb5,0x72,0x2c,0x6f,
  0x9b,0x60,0x80,0x70,0xeb,0x72,0xb0,0x71,0xbe,0x71,0xd1,0x6f,0x57,0x5f,0x70,0x7e,
  0x73,0x7f,0x5f,0x81,0x80,0x70,0xeb,0x72,0x66,0x71,0xad,0x6f,0x6b,0x71,0x53,0x6f,
  0x07,0x73,0x88,0x71,0x5e,0x80,0x6f,0x0d,0x6f,0x10,0x6f,0x0a,0x72,0x05,0x72,0x0e,
  0x70,0xe4,0x71,0x6a,0x80,0x72,0x65,0x70,0x79,0x6f,0x47,0x70,0x6e,0x71,0xf9,0x72,
  0x0e,0x61,0x6f,0x06,0x73,0x39,0x70,0x15,0x5f,0x70,0x7e,0x73,0x7f,0x61,0x83,0x71,
  0xf9,0x70,0x2a,0x72,0x16,0x72,0x16,0x6f,0x57,0x72,0x84,0x6f,0x06,0x72,0x84,0x72,
  0x22,0x72,0xb6,0x84,0x70,0xeb,0x71,0x65,0x72,0x5f,0x72,0x0e,0x73,0x88,0x71,0x5e,
  0x72,0x35,0x71,0x6f,0x61,0x81,0x80,0x71,0x21,0x71,0x0a,0x6f,0xe5,0x61,0x70,0x0e,
  0x61,0x70,0x7e,0x70,0x64,0x5f,0x73,0x08,0x71,0x57,0x70,0xb2,0x72,0x10,0x6f,0x3a,
  0x83,0x72,0x9d,0x72,0xf8,0x72,0x0e,0x72,0x35,0x70,0x76,0x70,0x2b,0x71,0x47,0x61,
  0x84,0x71,0x6d,0x72,0x60,0x6f,0x67,0x72,0xbf,0x72,0x2f,0x71,0x93,0x73,0x09,0x6f,
  0x6f,0x61,0x81,0x80,0x70,0x02,0x5f,0x70,0x79,0x6f,0x22,0x5f,0x80,0x70,0xeb,0x6f,
  0xe6,0x72,0xcd,0x71,0x67,0x6f,0x10,0x72,0x76,0x6f,0x46,0x72,0xb9,0x80,0x72,0x06,
  0x70,0x2a,0x71,0xa9,0x71,0xca,0x73,0x21,0x73,0x28,0x60,0x81,0x80,0x6f,0x1e,0x6f,
  0x06,0x72,0x20,0x73,0x1c,0x6f,0x35,0x70,0x2a,0x73,0x21,0x73,0x28,0x71,0x29,0x6f,
  0x2f,0x6f,0x19,0x60,0x70,0x03,0x5f,0x85,0x61,0x83,0x6f,0xe6,0x72,0xcd,0x73,0x08,
  0x70,0x86,0x70,0x5f,0x6f,0x39,0x6f,0x97,0x71,0x57,0x84,0x6f,0x00,0x6f,0x46,0x70,
  0xb2,0x72,0x10,0x72,0x9d,0x72,0xf8,0x72,0x0e,0x70,0x2b,0x71,0x47,0x60,0x81,0x80,
  0x6f,0x35,0x6f,0x3a,0x70,0x4e,0x73,0x6d,0x72,0x0e,0x6f,0xe0,0x70,0x60,0x41,0x41,
  0x41,0x41,0x41,0x41,0x80,0x70,0x05,0x70,0x79,0x6f,0x22,0x5f,0x6f,0x35,0x72,0x0e,
  0x70,0x45,0x6f,0xda,0x6f,0xd4,0x72,0x1d,0x70,0x5f,0x5f,0x80,0x71,0x57,0x6f,0x10,
  0x71,0xef,0x6f,0x91,0x70,0x73,0x70,0xcd,0x72,0xb2,0x6f,0x6b,0x72,0x0e,0x70,0x74,
  0x6f,0x46,0x60,0x87,0x32,0x87,0x87,0x87,0x86,0x71,0x90,0x73,0x04,0x6f,0x57,0x5f,
  0x85,0x41,0x41,0x41,0x41,0x41,0x41,0x83,0x70,0xeb,0x71,0x57,0x6f,0x03,0x72,0xb5,
  0x72,0x2c,0x6f,0x9b,0x6f,0x1b,0x71,0xd3,0x60,0x87,0x31,0x81,0x82,0x59,0x59,0x59,
  0x59,0x59,0x59,0x59,0x59,0x59,0x59,0x59,0x59,0x59,0x59,0x59,0x59,0x59,0x59,0x59,
  0x59,0x59,0x59,0x59,0x59,0x59,0x59,0x59,0x59,0x59,0x59,0x59,0x59,0x59,0x59,0x59,
  0x59,0x59,0x59,0x59,0x59,0x59,0x59,0x83,0x59,0x59,0x59,0x59,0x59,0x59,0x59,0x59,
  0x59,0x59,0x59,0x59,0x59,0x59,0x59,0x59,0x59,0x59,0x59,0x59,0x59,0x59,0x59,0x59,
  0x59,0x59,0x59,0x59,0x59,0x59,0x59,0x59,0x59,0x59,0x59,0x59,0x59,0x59,0x59,0x59,
  0x59,0x59,0x84,0x59,0x59,0x59,0x59,0x59,0x59,0x59,0x59,0x59,0x59,0x59,0x59,0x59,
  0x59,0x59,0x59,0x59,0x59,0x59,0x59,0x59,0x59,0x59,0x59,0x59,0x59,0x59,0x59,0x59,
  0x59,0x59,0x59,0x59,0x59,0x59,0x59,0x59,0x59,0x59,0x59,0x59,0x59,0x87,0x32,0x82,
  0x6f,0x03,0x72,0xb5,0x72,0x2c,0x6f,0x9b,0x5f,0x83,0x6f,0xc6,0x6f,0xe0,0x4c,0x73,
  0x87,0x73,0x2c,0x6f,0x1b,0x6f,0x9b,0x4c,0x5f,0x84,0x71,0x57,0x6f,0x44,0x72,0x2c,
  0x72,0xe4,0x6f,0x23,0x72,0x0e,0x72,0x2c,0x70,0x1b,0x5f,0x81,0x80,0x72,0x84,0x70,
  0x6e,0x71,0xf9,0x72,0xb7,0x72,0x28,0x70,0x66,0x72,0x0e,0x6f,0x2e,0x80,0x6f,0x78,
  0x70,0xc1,0x72,0x0e,0x70,0xe4,0x71,0x6a,0x60,0x87,0x31,0x81,0x82,0x59,0x59,0x59,
  0x59,0x59,0x59,0x59,0x59,0x59,0x59,0x59,0x59,0x59,0x59,0x59,0x59,0x59,0x59,0x59,
  0x59,0x59,0x59,0x59,0x59,0x59,0x59,0x59,0x59,0x59,0x59,0x59,0x59,0x59,0x59,0x59,
  0x59,0x59,0x59,0x59,0x59,0x59,0x59,0x83,0x59,0x59,0x59,0x59,0x59,0x59,0x59,0x59,
  0x59,0x59,0x59,0x59,0x59,0x59,0x59,0x59,0x59,0x59,0x59,0x59,0x59,0x59,0x59,0x59,
  0x59,0x59,0x59,0x59,0x59,0x59,0x59,0x59,0x59,0x59,0x59,0x59,0x59,0x59,0x59,0x59,
  0x59,0x59,0x84,0x59,0x59,0x59,0x59,0x59,0x59,0x59,0x59,0x59,0x59,0x59,0x59,0x59,
  0x59,0x59,0x59,0x59,0x59,0x59,0x59,0x59,0x59,0x59,0x59,0x59,0x59,0x59,0x59,0x59,
  0x59,0x59,0x59,0x59,0x59,0x59,0x59,0x59,0x59,0x59,0x59,0x59,0x59,0x87,0x32,0x82,
  0x70,0xc1,0x70,0xca,0x71,0x94,0x6f,0x1a,0x6f,0x1b,0x6f,0x2e,0x72,0xb7,0x72,0x28,
  0x5f,0x83,0x71,0x94,0x6f,0x1a,0x72,0x0e,0x70,0xe4,0x71,0x6a,0x70,0x82,0x6f,0x47,
  0x70,0x6e,0x71,0xf9,0x5f,0x84,0x72,0x78,0x70,0xc1,0x70,0xca,0x73,0x22,0x70,0xd7,
  0x6f,0x1b,0x6f,0x2e,0x72,0xb7,0x72,0x28,0x5f,0x81,0x80,0x73,0x22,0x70,0xd7,0x72,
  0x0e,0x70,0xe4,0x71,0x6a,0x70,0x82,0x6f,0x47,0x70,0x6e,0x71,0xf9,0x60,0x87,0x31,
  0x81,0x82,0x59,0x59,0x59,0x59,0x59,0x59,0x59,0x59,0x59,0x59,0x59,0x59,0x59,0x59,
  0x59,0x59,0x59,0x59,0x59,0x59,0x59,0x59,0x59,0x59,0x59,0x59,0x59,0x59,0x59,0x59,
  0x59,0x59,0x59,0x59,0x59,0x59,0x59,0x59,0x59,0x59,0x59,0x59,0x83,0x59,0x59,0x59,
  0x59,0x59,0x59,0x59,0x59,0x59,0x59,0x59,0x59,0x59,0x59,0x59,0x59,0x59,0x59,0x59,
  0x59,0x59,0x59,0x59,0x59,0x59,0x59,0x59,0x59,0x59,0x59,0x59,0x59,0x59,0x59,0x59,
  0x59,0x59,0x59,0x59,0x59,0x59,0x59,0x84,0x59,0x59,0x59,0x59,0x59,0x59,0x59,0x59,
  0x59,0x59,0x59,0x59,0x59,0x59,0x59,0x59,0x59,0x59,0x59,0x59,0x59,0x59,0x59,0x59,
  0x59,0x59,0x59,0x59,0x59,0x59,0x59,0x59,0x59,0x59,0x59,0x59,0x59,0x59,0x59,0x59,
  0x59,0x59,0x87,0x32,0x82,0x70,0xe4,0x71,0x6a,0x72,0xee,0x6f,0xcb,0x72,0x89,0x6f,
  0x78,0x70,0xc1,0x5f,0x83,0x6f,0x03,0x72,0xb5,0x72,0x2c,0x6f,0x9b,0x70,0x82,0x6f,
  0x47,0x84,0x72,0xee,0x70,0xb2,0x71,0xdb,0x70,0x7d,0x6f,0x76,0x70,0x6e,0x71,0xf9,
  0x60,0x87,0x31,0x81,0x82,0x59,0x59,0x59,0x59,0x59,0x59,0x59,0x59,0x59,0x59,0x59,
  0x59,0x59,0x59,0x59,0x59,0x59,0x59,0x59,0x59,0x59,0x59,0x59,0x59,0x59,0x59,0x59,
  0x59,0x59,0x59,0x59,0x59,0x59,0x59,0x59,0x59,0x59,0x59,0x59,0x59,0x59,0x59,0x83,
  0x59,0x59,0x59,0x59,0x59,0x59,0x59,0x59,0x59,0x59,0x59,0x59,0x59,0x59,0x59,0x59,
  0x59,0x59,0x59,0x59,0x59,0x59,0x59,0x59,0x59,0x59,0x59,0x59,0x59,0x59,0x59,0x59,
  0x59,0x59,0x59,0x59,0x59,0x59,0x59,0x59,0x59,0x59,0x84,0x59,0x59,0x59,0x59,0x59,
  0x59,0x59,0x59,0x59,0x59,0x59,0x59,0x59,0x59,0x59,0x59,0x59,0x59,0x59,0x59,0x59,
  0x59,0x59,0x59,0x59,0x59,0x59,0x59,0x59,0x59,0x59,0x59,0x59,0x59,0x59,0x59,0x59,
  0x59,0x59,0x59,0x59,0x59,0x87,0x32,0x82,0x6f,0x9e,0x6f,0x59,0x72,0x0e,0x70,0xe4,
  0x71,0x6a,0x71,0x57,0x83,0x70,0xbb,0x71,0x69,0x73,0x08,0x6f,0x10,0x6f,0x0a,0x72,
  0x05,0x60,0x84,0x6f,0x35,0x72,0xb7,0x72,0x28,0x6f,0x22,0x6f,0x03,0x72,0xb5,0x72,
  0x2c,0x6f,0x9b,0x5f,0x81,0x80,0x6f,0x35,0x73,0x22,0x70,0xd7,0x72,0x0e,0x70,0xe4,
  0x71,0x6a,0x70,0x7d,0x70,0x29,0x70,0x2b,0x80,0x6f,0xcf,0x70,0xea,0x6f,0x22,0x73,
  0x88,0x71,0x5e,0x6f,0x0a,0x72,0x05,0x60,0x87,0x31,0x81,0x82,0x59,0x59,0x59,0x59,
  0x59,0x59,0x59,0x59,0x59,0x59,0x59,0x59,0x59,0x59,0x59,0x59,0x59,0x59,0x59,0x59,
  0x59,0x59,0x59,0x59,0x59,0x59,0x59,0x59,0x59,0x59,0x59,0x59,0x59,0x59,0x59,0x59,
  0x59,0x59,0x59,0x59,0x59,0x59,0x83,0x59,0x59,0x59,0x59,0x59,0x59,0x59,0x59,0x59,
  0x59,0x59,0x59,0x59,0x59,0x59,0x59,0x59,0x59,0x59,0x59,0x59,0x59,0x59,0x59,0x59,
  0x59,0x59,0x59,0x59,0x59,0x59,0x59,0x59,0x59,0x59,0x59,0x59,0x59,0x59,0x59,0x59,
  0x59,0x84,0x59,0x59,0x59,0x59,0x59,0x59,0x59,0x59,0x59,0x59,0x59,0x59,0x59,0x59,
  0x59,0x59,0x59,0x59,0x59,0x59,0x59,0x59,0x59,0x59,0x59,0x59,0x59,0x59,0x59,0x59,
  0x59,0x59,0x59,0x59,0x59,0x59,0x59,0x59,0x59,0x59,0x59,0x59,0x87,0x32,0x82,0x6f,
  0x9e,0x6f,0x59,0x72,0x06,0x70,0x2a,0x73,0x08,0x71,0xea,0x70,0x28,0x70,0x2b,0x6f,
  0x04,0x83,0x72,0xa2,0x6f,0x41,0x72,0x9b,0x6f,0x9b,0x60,0x84,0x6f,0x35,0x6f,0x40,
  0x70,0x27,0x70,0xbb,0x71,0x69,0x6f,0x6b,0x71,0x53,0x6f,0x0a,0x72,0x05,0x5f,0x81,
  0x80,0x72,0xbb,0x6f,0x35,0x72,0x0e,0x70,0xe4,0x71,0x6a,0x70,0xb8,0x70,0xa3,0x70,
  0x6e,0x71,0xf9,0x60,0x87,0x31,0x81,0x82,0x59,0x59,0x59,0x59,0x59,0x59,0x59,0x59,
  0x59,0x59,0x59,0x59,0x59,0x59,0x59,0x59,0x59,0x59,0x59,0x59,0x59,0x59,0x59,0x59,
  0x59,0x59,0x59,0x59,0x59,0x59,0x59,0x59,0x59,0x59,0x59,0x59,0x59,0x59,0x59,0x59,
  0x59,0x59,0x83,0x59,0x59,0x59,0x59,0x59,0x59,0x59,0x59,0x59,0x59,0x59,0x59,0x59,
  0x59,0x59,0x59,0x59,0x59,0x59,0x59,0x59,0x59,0x59,0x59,0x59,0x59,0x59,0x59,0x59,
  0x59,0x59,0x59,0x59,0x59,0x59,0x59,0x59,0x59,0x59,0x59,0x59,0x59,0x84,0x59,0x59,
  0x59,0x59,0x59,0x59,0x59,0x59,0x59,0x59,0x59,0x59,0x59,0x59,0x59,0x59,0x59,0x59,
  0x59,0x59,0x59,0x59,0x59,0x59,0x59,0x59,0x59,0x59,0x59,0x59,0x59,0x59,0x59,0x59,
  0x59,0x59,0x59,0x59,0x59,0x59,0x59,0x59,0x87,0x32,0x82,0x6f,0x4f,0x6f,0x9e,0x6f,
  0x59,0x70,0x92,0x72,0xac,0x70,0xf3,0x72,0xdb,0x5f,0x83,0x73,0x88,0x71,0x5e,0x6f,
  0x0a,0x72,0x05,0x70,0x7d,0x84,0x73,0x56,0x6f,0x35,0x6f,0x00,0x6f,0xdf,0x71,0xbe,
  0x70,0x4d,0x60,0x87,0x31,0x81,0x82,0x59,0x59,0x59,0x59,0x59,0x59,0x59,0x59,0x59,
  0x59,0x59,0x59,0x59,0x59,0x59,0x59,0x59,0x59,0x59,0x59,0x59,0x59,0x59,0x59,0x59,
  0x59,0x59,0x59,0x59,0x59,0x59,0x59,0x59,0x59,0x59,0x59,0x59,0x59,0x59,0x59,0x59,
  0x59,0x83,0x59,0x59,0x59,0x59,0x59,0x59,0x59,0x59,0x59,0x59,0x59,0x59,0x59,0x59,
  0x59,0x59,0x59,0x59,0x59,0x59,0x59,0x59,0x59,0x59,0x59,0x59,0x59,0x59,0x59,0x59,
  0x59,0x59,0x59,0x59,0x59,0x59,0x59,0x59,0x59,0x59,0x59,0x59,0x84,0x59,0x59,0x59,
  0x59,0x59,0x59,0x59,0x59,0x59,0x59,0x59,0x59,0x59,0x59,0x59,0x59,0x59,0x59,0x59,
  0x59,0x59,0x59,0x59,0x59,0x59,0x59,0x59,0x59,0x59,0x59,0x59,0x59,0x59,0x59,0x59,
  0x59,0x59,0x59,0x59,0x59,0x59,0x59,0x87,0x32,0x82,0x6f,0x03,0x72,0xb5,0x72,0x2c,
  0x6f,0x9b,0x71,0x94,0x70,0x2a,0x72,0x46,0x70,0xbc,0x83,0x71,0x46,0x72,0x0e,0x6f,
  0x15,0x6f,0x2e,0x60,0x84,0x70,0x66,0x72,0x0e,0x73,0x87,0x73,0x2c,0x6f,0x1b,0x6f,
  0x9b,0x70,0x2a,0x6f,0x57,0x72,0x0e,0x70,0xf1,0x6f,0x11,0x60,0x87,0x31,0x81,0x82,
  0x59,0x59,0x59,0x59,0x59,0x59,0x59,0x59,0x59,0x59,0x59,0x59,0x59,0x59,0x59,0x59,
  0x59,0x59,0x59,0x59,0x59,0x59,0x59,0x59,0x59,0x59,0x59,0x59,0x59,0x59,0x59,0x59,
  0x59,0x59,0x59,0x59,0x59,0x59,0x59,0x59,0x59,0x59,0x83,0x59,0x59,0x59,0x59,0x59,
  0x59,0x59,0x59,0x59,0x59,0x59,0x59,0x59,0x59,0x59,0x59,0x59,0x59,0x59,0x59,0x59,
  0x59,0x59,0x59,0x59,0x59,0x59,0x59,0x59,0x59,0x59,0x59,0x59,0x59,0x59,0x59,0x59,
  0x59,0x59,0x59,0x59,0x59,0x84,0x59,0x59,0x59,0x59,0x59,0x59,0x59,0x59,0x59,0x59,
  0x59,0x59,0x59,0x59,0x59,0x59,0x59,0x59,0x59,0x59,0x59,0x59,0x59,0x59,0x59,0x59,
  0x59,0x59,0x59,0x59,0x59,0x59,0x59,0x59,0x59,0x59,0x59,0x59,0x59,0x59,0x59,0x59,
  0x87,0x32,0x82,0x70,0x97,0x72,0x1a,0x6f,0x57,0x70,0xc1,0x6f,0x11,0x72,0x0e,0x70,
  0xe4,0x71,0x6a,0x5f,0x83,0x71,0x75,0x72,0xb7,0x72,0x28,0x6f,0x03,0x72,0xb5,0x72,
  0x2c,0x6f,0x9b,0x6f,0xe5,0x61,0x71,0x10,0x6f,0xc5,0x6f,0xe5,0x5f,0x83,0x6f,0x57,
  0x73,0x08,0x72,0xdc,0x70,0xc1,0x73,0x7f,0x61,0x70,0x10,0x41,0x41,0x41,0x41,0x41,
  0x41,0x70,0xeb,0x72,0xb2,0x73,0x03,0x70,0x55,0x6f,0x22,0x60,0x83,0x72,0x17,0x71,
  0x57,0x6f,0x50,0x73,0x63,0x70,0x99,0x72,0x73,0x6f,0x16,0x72,0x0e,0x70,0x5d,0x70,
  0x5e,0x60,0x84,0x70,0x55,0x70,0x82,0x70,0x2a,0x71,0xac,0x71,0xba,0x71,0xc7,0x70,
  0x4e,0x72,0x0e,0x73,0x7e,0x70,0x88,0x81,0x80,0x73,0x4d,0x73,0x06,0x5f,0x73,0x21,
  0x70,0xa6,0x70,0xe4,0x71,0x6a,0x71,0xcf,0x70,0x93,0x73,0x28,0x41,0x41,0x41,0x41,
  0x41,0x41,0x80,0x85,0x5f,0x6f,0x57,0x72,0xb0,0x71,0x57,0x71,0x67,0x72,0x3c,0x5f,
  0x80,0x6f,0x00,0x70,0x6b,0x72,0xb0,0x6f,0xc5,0x72,0xb2,0x72,0xb2,0x70,0x55,0x5f,
  0x81,0x80,0x70,0xeb,0x71,0x3c,0x6f,0x5c,0x72,0xc3,0x5f,0x80,0x6f,0x57,0x6f,0x00,
  0x70,0x6b,0x6f,0x47,0x70,0x11,0x71,0x90,0x70,0x55,0x72,0x0e,0x60,0x73,0x08,0x71,
  0x57,0x70,0xeb,0x6f,0x3a,0x6f,0x1b,0x73,0x47,0x72,0x0e,0x72,0x35,0x70,0x76,0x60,
  0x6f,0x92,0x71,0xbd,0x6f,0x90,0x6f,0x28,0x71,0xc5,0x6f,0x0b,0x73,0x01,0x72,0x0e,
  0x70,0x88,0x71,0xb8,0x72,0x16,0x72,0x16,0x5f,0x83,0x73,0x28,0x73,0x65,0x71,0x67,
  0x6f,0x00,0x6f,0x3b,0x70,0x50,0x70,0x59,0x72,0x0e,0x6f,0x0b,0x72,0xaf,0x41,0x41,
  0x41,0x41,0x41,0x41,0x70,0xf3,0x72,0xdb,0x71,0x39,0x6f,0x2e,0x6f,0xd7,0x6f,0x39,
  0x72,0xe5,0x70,0xbd,0x70,0x46,0x6f,0xb9,0x71,0x9e,0x60,0x83,0x73,0x08,0x71,0x57,
  0x70,0xeb,0x6f,0x3a,0x6f,0x1b,0x73,0x47,0x72,0x0e,0x72,0x35,0x70,0x76,0x60,0x85,
  0x5f,0x6f,0x57,0x72,0x20,0x73,0x1c,0x6f,0xe3,0x5f,0x83,0x72,0x01,0x73,0x81,0x71,
  0xb1,0x73,0x3a,0x72,0x23,0x72,0x26,0x6f,0x80,0x6f,0x52,0x72,0x0e,0x71,0x39,0x6f,
  0x2e,0x5f,0x84,0x6f,0x47,0x71,0x1d,0x72,0x9a,0x73,0x81,0x6f,0x9b,0x71,0xfe,0x60,
  0x6f,0x57,0x72,0xb0,0x72,0x79,0x70,0xc1,0x70,0x7a,0x70,0xfa,0x5f,0x83,0x70,0xf2,
  0x72,0x84,0x70,0xfa,0x6f,0x92,0x72,0x99,0x70,0x00,0x71,0x45,0x71,0x07,0x71,0x07,
  0x60,0x71,0x7b,0x71,0xe0,0x6f,0x06,0x6f,0x89,0x70,0xef,0x71,0x43,0x5f,0x83,0x6f,
  0x57,0x70,0xfa,0x6f,0x92,0x6f,0x22,0x72,0x99,0x70,0x00,0x71,0x45,0x71,0x07,0x71,
  0x07,0x60,0x6f,0x06,0x70,0x56,0x70,0xe1,0x70,0xcf,0x5f,0x83,0x6f,0x57,0x72,0x0e,
  0x6f,0xb9,0x71,0x9e,0x70,0x56,0x6f,0x65,0x6f,0x06,0x70,0x48,0x41,0x41,0x41,0x41,
  0x41,0x41,0x6f,0xfa,0x6f,0xfa,0x41,0x41,0x41,0x41,0x41,0x41,0x70,0x4a,0x70,0x06,
  0x61,0x83,0x73,0x08,0x41,0x41,0x41,0x41,0x41,0x41,0x73,0x08,0x71,0x57,0x70,0xcc,
  0x6f,0x19,0x70,0x1f,0x6f,0x25,0x62,0x84,0x70,0xeb,0x6f,0xcf,0x70,0xea,0x6f,0x22,
  0x6f,0x2e,0x5f,0x73,0x07,0x72,0x84,0x72,0xcd,0x72,0xc9,0x61,0x81,0x80,0x6f,0x57,
  0x70,0x82,0x71,0x57,0x72,0x60,0x70,0x99,0x71,0x91,0x72,0xd9,0x80,0x70,0xeb,0x71,
  0x68,0x6f,0xc8,0x72,0x0e,0x70,0x7e,0x70,0x5f,0x6f,0xe5,0x62,0x80,0x73,0x70,0x6f,
  0xe2,0x71,0x80,0x6f,0x00,0x72,0x13,0x72,0x16,0x72,0x1a,0x6f,0xef,0x5f,0x81,0x80,
  0x6f,0x57,0x72,0x20,0x73,0x1c,0x6f,0xe3,0x60,0x80,0x70,0xd2,0x6f,0x1b,0x5f,0x73,
  0x08,0x6f,0x10,0x6f,0x2e,0x72,0x4e,0x72,0xf8,0x6f,0x53,0x80,0x72,0x17,0x71,0x57,
  0x6f,0x06,0x71,0x47,0x6f,0x5b,0x60,0x81,0x80,0x70,0x56,0x70,0xe0,0x6f,0xcf,0x70,
  0x1f,0x73,0x84,0x70,0x0c,0x61,0x6f,0xfa,0x6f,0xfa,0x41,0x41,0x41,0x41,0x41,0x41,
  0x6f,0xd3,0x72,0xb0,0x36,0x34,0x6f,0xb9,0x71,0x9e,0x5f,0x83,0x6f,0x57,0x70,0x82,
  0x6f,0xd7,0x6f,0x39,0x70,0xf3,0x70,0xa8,0x6f,0x00,0x6f,0x10,0x72,0x4c,0x70,0x5f,
  0x5f,0x84,0x71,0xe0,0x6f,0xe1,0x71,0x10,0x72,0xe9,0x73,0x28,0x73,0x65,0x72,0x0e,
  0x6f,0x0b,0x72,0xaf,0x6f,0x22,0x60,0x81,0x80,0x6f,0x57,0x70,0xe0,0x70,0xcc,0x6f,
  0x19,0x6f,0x62,0x62,0x80,0x59,0x59,0x59,0x59,0x44,0x59,0x6f,0xc5,0x70,0xf3,0x70,
  0xa8,0x72,0x4c,0x70,0x5f,0x80,0x59,0x59,0x59,0x59,0x59,0x59,0x59,0x72,0x31,0x70,
  0xa8,0x73,0x08,0x73,0x28,0x87,0x80,0x72,0xd5,0x72,0xd5,0x70,0xdd,0x73,0x6b,0x61,
  0x83,0x70,0xf3,0x70,0xa8,0x6f,0x57,0x72,0x16,0x6f,0x11,0x72,0x0e,0x73,0x21,0x6f,
  0x10,0x72,0x4c,0x70,0x5f,0x6f,0xe5,0x61,0x73,0x08,0x71,0x82,0x70,0x0c,0x41,0x41,
  0x41,0x41,0x41,0x41,0x70,0x4b,0x6f,0xd7,0x70,0xdc,0x6f,0x22,0x60,0x83,0x71,0x31,
  0x70,0x48,0x6f,0xb9,0x71,0x9e,0x6f,0xe1,0x6f,0x79,0x71,0x75,0x6f,0xe5,0x60,0x71,
  0x75,0x72,0xc7,0x72,0xc7,0x70,0xf1,0x71,0xa2,0x6f,0xe5,0x5f,0x83,0x72,0x16,0x72,
  0x16,0x71,0x57,0x72,0xe6,0x6f,0xb9,0x71,0x9e,0x73,0x07,0x71,0x57,0x72,0xfe,0x6f,
  0xb9,0x71,0x9e,0x60,0x84,0x71,0xf7,0x6f,0x00,0x70,0x84,0x35,0x34,0x34,0x6f,0xb9,
  0x71,0x9e,0x60,0x81,0x80,0x72,0xb0,0x72,0xc7,0x72,0xc7,0x73,0x05,0x71,0xa2,0x6f,
  0xe3,0x62,0x80,0x59,0x59,0x59,0x59,0x44,0x59,0x71,0xf7,0x6f,0x00,0x70,0x84,0x80,
  0x59,0x59,0x59,0x59,0x59,0x59,0x59,0x72,0x49,0x6f,0x22,0x87,0x80,0x6f,0x57,0x70,
  0x56,0x5f,0x85,0x60,0x6f,0x06,0x70,0x56,0x70,0xe1,0x70,0xcf,0x5f,0x83,0x70,0xeb,
  0x72,0x0e,0x73,0x51,0x70,0x5f,0x71,0x67,0x71,0xd9,0x6f,0x21,0x41,0x41,0x41,0x41,
  0x41,0x41,0x84,0x71,0xef,0x70,0x2b,0x73,0x03,0x71,0x75,0x72,0x16,0x70,0xeb,0x5f,
  0x72,0x17,0x71,0x57,0x72,0xd5,0x72,0xd5,0x60,0x81,0x80,0x70,0x56,0x6f,0x18,0x71,
  0xaa,0x71,0x67,0x6f,0x2e,0x73,0x54,0x70,0xeb,0x72,0x7b,0x70,0x4a,0x6f,0x22,0x5f,
  0x80,0x72,0xb0,0x6f,0x06,0x72,0xb0,0x6f,0xe6,0x70,0xeb,0x72,0xbe,0x71,0xd9,0x71,
  0x67,0x72,0xf0,0x72,0x0e,0x6f,0x25,0x62,0x80,0x6f,0xe6,0x72,0xcd,0x70,0x2a,0x71,
  0xac,0x71,0xba,0x72,0x0e,0x71,0xc7,0x70,0x4e,0x5f,0x81,0x80,0x71,0x67,0x6f,0x00,
  0x70,0x42,0x71,0xc5,0x71,0xb0,0x5f,0x80,0x71,0x57,0x6f,0xb4,0x71,0x07,0x71,0x4c,
  0x70,0x85,0x6f,0x52,0x72,0x0e,0x70,0x2b,0x71,0x47,0x5f,0x80,0x6f,0x06,0x73,0x03,
  0x6f,0x50,0x72,0x72,0x6f,0x06,0x70,0x4b,0x70,0x56,0x70,0xfa,0x60,0x81,0x80,0x71,
  0x1c,0x72,0xcd,0x6f,0x35,0x6f,0x3a,0x72,0x0e,0x70,0x6d,0x71,0xed,0x5f,0x80,0x6f,
  0xd7,0x6f,0x39,0x70,0xfc,0x6f,0x2e,0x6f,0xcf,0x70,0xea,0x73,0x82,0x6f,0xef,0x41,
  0x41,0x41,0x41,0x41,0x41,0x6f,0xf4,0x6f,0xf4,0x60,0x80,0x72,0x17,0x70,0xe0,0x6f,
  0x2d,0x72,0x19,0x72,0xb2,0x72,0xc5,0x6f,0x00,0x6f,0x05,0x70,0x0c,0x60,0x70,0xe3,
  0x72,0xd5,0x71,0x75,0x72,0xc2,0x5f,0x83,0x73,0x09,0x71,0x75,0x6f,0x00,0x70,0x6b,
  0x70,0xbd,0x72,0xde,0x6f,0x9b,0x6f,0xe5,0x5f,0x84,0x73,0x63,0x70,0x99,0x70,0xe3,
  0x72,0xd5,0x6f,0x57,0x72,0x84,0x71,0x75,0x70,0xeb,0x73,0x08,0x73,0x28,0x60,0x81,
  0x80,0x72,0xd5,0x72,0xd5,0x6f,0x57,0x61,0x80,0x6f,0x57,0x72,0x20,0x73,0x1c,0x6f,
  0xe3,0x5f,0x80,0x73,0x08,0x73,0x28,0x6f,0x39,0x6f,0x97,0x71,0x67,0x6f,0x10,0x70,
  0x7e,0x70,0x64,0x70,0x5f,0x5f,0x81,0x80,0x6f,0x47,0x72,0x01,0x72,0x43,0x70,0x5f,
  0x6f,0xf7,0x6f,0xa0,0x71,0xed,0x72,0xcd,0x72,0xc9,0x5f,0x80,0x6f,0x35,0x71,0xff,
  0x72,0x8a,0x72,0x84,0x72,0xbb,0x70,0x6f,0x71,0xed,0x73,0x84,0x80,0x70,0x97,0x6f,
  0x35,0x73,0x71,0x73,0x1b,0x6f,0x70,0x70,0x26,0x5f,0x81,0x80,0x73,0x21,0x6f,0x10,
  0x72,0x43,0x70,0x5f,0x72,0x80,0x70,0x6b,0x71,0x67,0x80,0x6f,0x06,0x6f,0x14,0x6f,
  0x2e,0x72,0x20,0x72,0x0e,0x6f,0x9b,0x73,0x2b,0x60,0x87,0x87,0x87,0x30,0x44,0x6f,
  0x33,0x85,0x72,0x0e,0x70,0x74,0x6f,0x89,0x6f,0xcb,0x83,0x59,0x59,0x6f,0x33,0x71,
  0x3b,0x70,0x35,0x6f,0x89,0x6f,0xcb,0x87,0x81,0x87,0x87,0x87,0x30,0x44,0x6f,0x33,
  0x85,0x72,0x0e,0x70,0x74,0x6f,0x89,0x6f,0xcb,0x83,0x59,0x59,0x6f,0x33,0x71,0x3b,
  0x70,0x35,0x6f,0x89,0x6f,0xcb,0x84,0x59,0x59,0x6f,0x33,0x70,0x88,0x71,0xb8,0x6f,
  0x89,0x6f,0xcb,0x87,0x82,0x87,0x30,0x44,0x59,0x72,0x67,0x72,0x69,0x71,0xc4,0x70,
  0xe9,0x83,0x59,0x59,0x59,0x6f,0x5c,0x70,0x61,0x70,0x9d,0x73,0x0e,0x6f,0x89,0x87,
  0x81,0x71,0x90,0x73,0x04,0x71,0x75,0x71,0xf7,0x71,0x15,0x71,0x1f,0x71,0xc4,0x70,
  0xe9,0x61,0x83,0x37,0x34,0x72,0x34,0x6f,0x78,0x6f,0xd7,0x6f,0x39,0x70,0x83,0x70,
  0xd8,0x71,0x15,0x71,0x1f,0x5f,0x84,0x71,0x15,0x6f,0x92,0x72,0x0e,0x6f,0x0b,0x72,
  0xaf,0x73,0x24,0x71,0x57,0x6f,0x57,0x72,0x0e,0x61,0x81,0x80,0x71,0xf7,0x6f,0x00,
  0x71,0x8f,0x3c,0x34,0x6f,0xb9,0x71,0x9e,0x5f,0x70,0xcc,0x6f,0x19,0x71,0x82,0x62,
  0x80,0x59,0x59,0x59,0x59,0x44,0x59,0x70,0xeb,0x72,0xb0,0x71,0x15,0x80,0x59,0x59,
  0x59,0x59,0x59,0x59,0x59,0x6f,0x06,0x70,0xe0,0x71,0x15,0x87,0x80,0x73,0x31,0x73,
  0x34,0x6f,0x6a,0x6f,0x60,0x72,0x64,0x6f,0x57,0x72,0x01,0x61,0x83,0x6f,0x82,0x70,
  0x43,0x70,0x56,0x6f,0xe1,0x71,0x13,0x5e,0x73,0x3b,0x70,0xa8,0x71,0x15,0x61,0x70,
  0x56,0x6f,0xe5,0x5f,0x70,0xeb,0x6f,0x06,0x6f,0xa7,0x70,0xb2,0x6f,0x57,0x5f,0x83,
  0x71,0x31,0x70,0x48,0x6f,0xb9,0x71,0x9e,0x6f,0x79,0x71,0x75,0x6f,0xe5,0x60,0x71,
  0x51,0x73,0x47,0x6f,0x92,0x6f,0x22,0x5f,0x71,0x90,0x73,0x04,0x6f,0x05,0x71,0x8f,
  0x6f,0x79,0x71,0x75,0x61,0x71,0x34,0x70,0x4a,0x6f,0x79,0x71,0x75,0x6f,0xe5,0x61,
  0x70,0xeb,0x6f,0x47,0x72,0x46,0x6f,0x57,0x72,0x0e,0x60,0x6f,0x77,0x6f,0x53,0x70,
  0x82,0x6f,0x06,0x72,0xcd,0x6f,0x22,0x5f,0x83,0x71,0xf9,0x70,0x2a,0x6f,0x06,0x70,
  0x4b,0x71,0x47,0x6f,0x5b,0x60,0x84,0x72,0xce,0x71,0x34,0x70,0x4a,0x6f,0x79,0x71,
  0x75,0x5f,0x71,0x03,0x71,0x92,0x6f,0x22,0x60,0x8c,0x01,0x01,0x00,0xc0,0x37,0x01,
  0x00,0xc0,0x32,0x01,0x00,0x00,0x00,0x78,0x00,0xcc,0x30,0xb4,0x48,0xb4,0x48,0xb4,
  0x48,0xb4,0x48,0x84,0x78,0x00,0x00,0xf8,0x00,0x8c,0x70,0xb4,0x48,0xb4,0x48,0xb4,
  0x48,0xb4,0x48,0x8c,0x70,0x00,0x00,0x78,0x00,0xcc,0x30,0xb4,0x48,0xb4,0x48,0xb4,
  0x48,0xbc,0x40,0xa0,0x40,0x00,0x00,0xf8,0x00,0x8c,0x70,0xb4,0x48,0xb4,0x48,0xb4,
  0x48,0xb4,0x48,0xb4,0x48,0x00,0x00,0xfc,0x00,0x84,0x78,0xbc,0x40,0xa0,0x40,0xa0,
  0x40,0xb8,0x40,0x88,0x70,0x00,0x00,0xfc,0x00,0x84,0x78,0xbc,0x40,0xa0,0x40,0xa0,
  0x40,0xb8,0x40,0x88,0x70,0x00,0x00,0x78,0x00,0xcc,0x30,0xb4,0x48,0xb4,0x48,0xb4,
  0x48,0xbc,0x40,0xbc,0x40,0x00,0x00,0xfc,0x00,0xb4,0x48,0xb4,0x48,0xb4,0x48,0xb4,
  0x48,0xb4,0x48,0x84,0x78,0x00,0x00,0xe0,0x00,0xa0,0x40,0xa0,0x40,0xa0,0x40,0xa0,
  0x40,0xa0,0x40,0xa0,0x40,0x00,0x00,0x1c,0x00,0x14,0x08,0x14,0x08,0x14,0x08,0x14,
  0x08,0x14,0x08,0x14,0x08,0x00,0x00,0xfc,0x00,0xb4,0x48,0xb4,0x48,0xac,0x50,0xa8,
  0x50,0x98,0x60,0x98,0x60,0x00,0x00,0xe0,0x00,0xa0,0x40,0xa0,0x40,0xa0,0x40,0xa0,
  0x40,0xa0,0x40,0xa0,0x40,0x00,0x00,0xee,0x00,0xba,0x44,0x92,0x6c,0xaa,0x54,0xaa,
  0x54,0xaa,0x54,0xaa,0x54,0x00,0x00,0xfc,0x00,0xb4,0x48,0xb4,0x48,0x94,0x68,0x94,
  0x68,0x94,0x68,0xa4,0x58,0x00,0x00,0x78,0x00,0xcc,0x30,0xb4,0x48,0xb4,0x48,0xb4,
  0x48,0xb4,0x48,0xb4,0x48,0x00,0x00,0xf8,0x00,0x8c,0x70,0xb4,0x48,0xb4,0x48,0xb4,
  0x48,0xb4,0x48,0x8c,0x70,0xb4,0x48,0xb4,0x48,0xb4,0x48,0xb4,0x48,0xb4,0x48,0xfc,
  0x00,0x00,0x00,0x00,0x00,0xb4,0x48,0xb4,0x48,0xb4,0x48,0xb4,0x48,0x8c,0x70,0xf8,
  0x00,0x00,0x00,0x00,0x00,0xbc,0x40,0xb4,0x48,0xb4,0x48,0xb4,0x48,0xcc,0x30,0x78,
  0x00,0x00,0x00,0x00,0x00,0xb4,0x48,0xb4,0x48,0xb4,0x48,0xb4,0x48,0x8c,0x70,0xf8,
  0x00,0x00,0x00,0x00,0x00,0xb8,0x40,0xa0,0x40,0xa0,0x40,0xbc,0x40,0x84,0x78,0xfc,
  0x00,0x00,0x00,0x00,0x00,0xb8,0x40,0xa0,0x40,0xa0,0x40,0xa0,0x40,0xa0,0x40,0xe0,
  0x00,0x00,0x00,0x00,0x00,0xa4,0x58,0xb4,0x48,0xb4,0x48,0xb4,0x48,0xc4,0x38,0x7c,
  0x00,0x00,0x00,0x00,0x00,0xb4,0x48,0xb4,0x48,0xb4,0x48,0xb4,0x48,0xb4,0x48,0xfc,
  0x00,0x00,0x00,0x00,0x00,0xa0,0x40,0xa0,0x40,0xa0,0x40,0xa0,0x40,0xa0,0x40,0xe0,
  0x00,0x00,0x00,0x00,0x00,0x14,0x08,0xf4,0x08,0xb4,0x48,0xb4,0x48,0xcc,0x30,0x78,
  0x00,0x00,0x00,0x00,0x00,0xa8,0x50,0xac,0x50,0xb4,0x48,0xb4,0x48,0xb4,0x48,0xfc,
  0x00,0x00,0x00,0x00,0x00,0xa0,0x40,0xa0,0x40,0xa0,0x40,0xbc,0x40,0x84,0x78,0xfc,
  0x00,0x00,0x00,0x00,0x00,0xaa,0x54,0xaa,0x54,0xaa,0x54,0xaa,0x54,0xaa,0x54,0xfe,
  0x00,0x00,0x00,0x00,0x00,0xa4,0x58,0xa4,0x58,0xb4,0x48,0xb4,0x48,0xb4,0x48,0xfc,
  0x00,0x00,0x00,0x00,0x00,0xb4,0x48,0xb4,0x48,0xb4,0x48,0xb4,0x48,0xcc,0x30,0x78,
  0x00,0x00,0x00,0x00,0x00,0xb8,0x40,0xa0,0x40,0xa0,0x40,0xa0,0x40,0xa0,0x40,0xe0,
  0x00,0x00,0x00,0x00,0x00,0x00,0x00,0x78,0x00,0xcc,0x30,0xb4,0x48,0xb4,0x48,0xb4,
  0x48,0xb4,0x48,0xb4,0x48,0x00,0x00,0xf8,0x00,0x8c,0x70,0xb4,0x48,0xb4,0x48,0xb4,
  0x48,0xb4,0x48,0x8c,0x70,0x00,0x00,0x78,0x00,0xcc,0x30,0xb4,0x48,0xb4,0x48,0xbc,
  0x40,0xb8,0x40,0xcc,0x30,0x00,0x00,0xfe,0x00,0x82,0x7c,0xee,0x10,0x28,0x10,0x28,
  0x10,0x28,0x10,0x28,0x10,0x00,0x00,0xfc,0x00,0xb4,0x48,0xb4,0x48,0xb4,0x48,0xb4,
  0x48,0xb4,0x48,0xb4,0x48,0x00,0x00,0xee,0x00,0xaa,0x44,0xaa,0x44,0xaa,0x44,0xaa,
  0x44,0xba,0x44,0xd6,0x28,0x00,0x00,0xfe,0x00,0xaa,0x54,0xaa,0x54,0xaa,0x54,0xaa,
  0x54,0xaa,0x54,0xaa,0x54,0x00,0x00,0xee,0x00,0xaa,0x44,0xba,0x44,0xd6,0x28,0x54,
  0x28,0x6c,0x10,0x28,0x10,0x00,0x00,0xee,0x00,0xaa,0x44,0xaa,0x44,0xba,0x44,0xd6,
  0x28,0x54,0x28,0x54,0x28,0x00,0x00,0xfc,0x00,0x84,0x78,0xf4,0x08,0x2c,0x10,0x2c,
  0x10,0x68,0x10,0x58,0x20,0x00,0x00,0x00,0x00,0x00,0x00,0x00,0x00,0x78,0x00,0xcc,
  0x30,0xb4,0x48,0xf4,0x08,0x00,0x00,0xe0,0x00,0xa0,0x40,0xa0,0x40,0xb8,0x40,0xac,
  0x50,0x94,0x68,0xb4,0x48,0x00,0x00,0x00,0x00,0x00,0x00,0x00,0x00,0x78,0x00,0xcc,
  0x30,0xb4,0x48,0xb4,0x48,0x00,0x00,0x1c,0x00,0x14,0x08,0x14,0x08,0x74,0x08,0xd4,
  0x28,0xa4,0x58,0xb4,0x48,0x00,0x00,0x00,0x00,0x00,0x00,0x00,0x00,0x78,0x00,0xcc,
  0x30,0xb4,0x48,0xb4,0x48,0x00,0x00,0x3c,0x00,0x64,0x18,0x5c,0x20,0x58,0x20,0x58,
  0x20,0xdc,0x20,0x84,0x78,0xb4,0x48,0xb4,0x48,0xac,0x50,0xb4,0x48,0xc8,0x34,0x7c,
  0x00,0x00,0x00,0x00,0x00,0xac,0x50,0xb4,0x48,0xb4,0x48,0xb4,0x48,0xb4,0x48,0xfc,
  0x00,0x00,0x00,0x00,0x00,0x74,0x08,0xf4,0x08,0xb4,0x48,0xb4,0x48,0xcc,0x30,0x78,
  0x00,0x00,0x00,0x00,0x00,0x28,0x10,0x28,0x10,0x28,0x10,0x28,0x10,0x28,0x10,0x38,
  0x00,0x00,0x00,0x00,0x00,0xb4,0x48,0xb4,0x48,0xb4,0x48,0xb4,0x48,0xcc,0x30,0x78,
  0x00,0x00,0x00,0x00,0x00,0x54,0x28,0x54,0x28,0x54,0x28,0x28,0x10,0x28,0x10,0x38,
  0x00,0x00,0x00,0x00,0x00,0xaa,0x54,0xaa,0x54,0xaa,0x54,0xd6,0x28,0x54,0x28,0x7c,
  0x00,0x00,0x00,0x00,0x00,0x6c,0x10,0x54,0x28,0xd6,0x28,0xba,0x44,0xaa,0x44,0xee,
  0x00,0x00,0x00,0x00,0x00,0x6c,0x10,0x28,0x10,0x28,0x10,0x28,0x10,0x28,0x10,0x38,
  0x00,0x00,0x00,0x00,0x00,0x50,0x20,0xd0,0x20,0xb0,0x40,0xbc,0x40,0x84,0x78,0xfc,
  0x00,0x00,0x00,0x00,0x00,0x44,0x38,0xb4,0x48,0xb4,0x48,0xa4,0x58,0xd4,0x28,0x7c,
  0x00,0x00,0x00,0x00,0x00,0xb4,0x48,0xb4,0x48,0xb4,0x48,0x94,0x68,0xac,0x50,0x78,
  0x00,0x00,0x00,0x00,0x00,0xbc,0x40,0xbc,0x40,0xb4,0x48,0xb4,0x48,0xcc,0x30,0x78,
  0x00,0x00,0x00,0x00,0x00,0xb4,0x48,0xb4,0x48,0xb4,0x48,0xa4,0x58,0xd4,0x28,0x78,
  0x00,0x00,0x00,0x00,0x00,0x84,0x78,0xbc,0x40,0xb4,0x48,0xb4,0x48,0xcc,0x30,0x78,
  0x00,0x00,0x00,0x00,0x00,0xdc,0x20,0x50,0x20,0x50,0x20,0x50,0x20,0x50,0x20,0x70,
  0x00,0x00,0x00,0x00,0x00,0x00,0x00,0x00,0x00,0x00,0x00,0x00,0x00,0x78,0x00,0xd4,
  0x28,0xa4,0x58,0xb4,0x48,0x00,0x00,0xe0,0x00,0xa0,0x40,0xa0,0x40,0xb8,0x40,0xac,
  0x50,0x94,0x68,0xb4,0x48,0x00,0x00,0xe0,0x00,0xa0,0x40,0xa0,0x40,0xe0,0x00,0xa0,
  0x40,0xa0,0x40,0xa0,0x40,0x00,0x00,0x38,0x00,0x28,0x10,0x28,0x10,0x38,0x00,0x28,
  0x10,0x28,0x10,0x28,0x10,0x00,0x00,0xe0,0x00,0xa0,0x40,0xa0,0x40,0xbc,0x40,0xb4,
  0x48,0xac,0x50,0x98,0x60,0x00,0x00,0xe0,0x00,0xa0,0x40,0xa0,0x40,0xa0,0x40,0xa0,
  0x40,0xa0,0x40,0xa0,0x40,0x00,0x00,0x00,0x00,0x00,0x00,0x00,0x00,0xfc,0x00,0x96,
  0x68,0xaa,0x54,0xaa,0x54,0x00,0x00,0x00,0x00,0x00,0x00,0x00,0x00,0xf8,0x00,0xac,
  0x50,0x94,0x68,0xb4,0x48,0x00,0x00,0x00,0x00,0x00,0x00,0x00,0x00,0x78,0x00,0xcc,
  0x30,0xb4,0x48,0xb4,0x48,0x00,0x00,0x00,0x00,0x00,0x00,0x00,0x00,0xf8,0x00,0xac,
  0x50,0x94,0x68,0xb4,0x48,0x00,0x00,0x00,0x00,0x00,0x00,0x00,0x00,0x7c,0x00,0xd4,
  0x28,0xa4,0x58,0xb4,0x48,0x00,0x00,0x00,0x00,0x00,0x00,0x00,0x00,0xf8,0x00,0xa8,
  0x50,0x98,0x60,0xb0,0x40,0x00,0x00,0x00,0x00,0x00,0x00,0x00,0x00,0x78,0x00,0xcc,
  0x30,0xb4,0x48,0xbc,0x40,0x00,0x00,0x70,0x00,0x50,0x20,0x50,0x20,0xdc,0x20,0x84,
  0x78,0xdc,0x20,0x50,0x20,0x00,0x00,0x00,0x00,0x00,0x00,0x00,0x00,0xfc,0x00,0xb4,
  0x48,0xb4,0x48,0xb4,0x48,0x00,0x00,0x00,0x00,0x00,0x00,0x00,0x00,0xee,0x00,0xaa,
  0x44,0xaa,0x44,0xba,0x44,0xb4,0x48,0xb4,0x48,0xb4,0x48,0xa4,0x58,0xd4,0x28,0xf4,
  0x08,0x8c,0x70,0xf8,0x00,0xb4,0x48,0xb4,0x48,0xb4,0x48,0xb4,0x48,0xb4,0x48,0xfc,
  0x00,0x00,0x00,0x00,0x00,0xa0,0x40,0xa0,0x40,0xa0,0x40,0xa0,0x40,0xa0,0x40,0xe0,
  0x00,0x00,0x00,0x00,0x00,0x28,0x10,0x28,0x10,0x28,0x10,0x28,0x10,0x28,0x10,0xe8,
  0x10,0x98,0x60,0xf0,0x00,0xa8,0x50,0xa8,0x50,0xac,0x50,0xb4,0x48,0xb4,0x48,0xfc,
  0x00,0x00,0x00,0x00,0x00,0xa0,0x40,0xa0,0x40,0xa0,0x40,0xa0,0x40,0xa0,0x40,0xe0,
  0x00,0x00,0x00,0x00,0x00,0xaa,0x54,0xaa,0x54,0xaa,0x54,0xaa,0x54,0xaa,0x54,0xfe,
  0x00,0x00,0x00,0x00,0x00,0xb4,0x48,0xb4,0x48,0xb4,0x48,0xb4,0x48,0xb4,0x48,0xfc,
  0x00,0x00,0x00,0x00,0x00,0xb4,0x48,0xb4,0x48,0xb4,0x48,0xb4,0x48,0xcc,0x30,0x78,
  0x00,0x00,0x00,0x00,0x00,0xb4,0x48,0xb4,0x48,0xb4,0x48,0x94,0x68,0xac,0x50,0xb8,
  0x40,0xa0,0x40,0xe0,0x00,0xb4,0x48,0xb4,0x48,0xb4,0x48,0xa4,0x58,0xd4,0x28,0x74,
  0x08,0x14,0x08,0x1c,0x00,0xa0,0x40,0xa0,0x40,0xa0,0x40,0xa0,0x40,0xa0,0x40,0xe0,
  0x00,0x00,0x00,0x00,0x00,0xcc,0x30,0xf4,0x08,0xb4,0x48,0xb4,0x48,0xcc,0x30,0x78,
  0x00,0x00,0x00,0x00,0x00,0x50,0x20,0x50,0x20,0x50,0x20,0x5c,0x20,0x64,0x18,0x3c,
  0x00,0x00,0x00,0x00,0x00,0xb4,0x48,0xb4,0x48,0xb4,0x48,0xa4,0x58,0xd4,0x28,0x7c,
  0x00,0x00,0x00,0x00,0x00,0xd6,0x28,0x54,0x28,0x54,0x28,0x6c,0x10,0x28,0x10,0x38,
  0x00,0x00,0x00,0x00,0x00,0x00,0x00,0x00,0x00,0x00,0x00,0x00,0x00,0xfe,0x00,0xaa,
  0x54,0xaa,0x54,0xaa,0x54,0x00,0x00,0x00,0x00,0x00,0x00,0x00,0x00,0xee,0x00,0xaa,
  0x44,0xba,0x44,0xd6,0x28,0x00,0x00,0x00,0x00,0x00,0x00,0x00,0x00,0xee,0x00,0xaa,
  0x44,0xaa,0x44,0xba,0x44,0x00,0x00,0x00,0x00,0x00,0x00,0x00,0x00,0xfc,0x00,0x84,
  0x78,0xf4,0x08,0x2c,0x10,0x00,0x00,0x78,0x00,0xcc,0x30,0xb4,0x48,0xb4,0x48,0xb4,
  0x48,0xb4,0x48,0xb4,0x48,0x00,0x00,0x70,0x00,0xd0,0x20,0x90,0x60,0xd0,0x20,0x50,
  0x20,0x50,0x20,0x50,0x20,0x00,0x00,0x78,0x00,0xcc,0x30,0xb4,0x48,0xb4,0x48,0xf4,
  0x08,0x2c,0x10,0x68,0x10,0x00,0x00,0x78,0x00,0xcc,0x30,0xb4,0x48,0xb4,0x48,0xf4,
  0x08,0x74,0x08,0x4c,0x30,0x00,0x00,0x78,0x00,0x48,0x30,0xc8,0x30,0xa8,0x50,0xa8,
  0x50,0xa8,0x50,0xa8,0x50,0x00,0x00,0xfc,0x00,0x84,0x78,0xbc,0x40,0xa0,0x40,0xb8,
  0x40,0x8c,0x70,0xb4,0x48,0x00,0x00,0x78,0x00,0xcc,0x30,0xb4,0x48,0xb4,0x48,0xbc,
  0x40,0x8c,0x70,0xb4,0x48,0x00,0x00,0xfc,0x00,0x84,0x78,0xf4,0x08,0x14,0x08,0x34,
  0x08,0x2c,0x10,0x28,0x10,0x00,0x00,0x78,0x00,0xcc,0x30,0xb4,0x48,0xb4,0x48,0xb4,
  0x48,0xb4,0x48,0xcc,0x30,0x00,0x00,0x78,0x00,0xcc,0x30,0xb4,0x48,0xb4,0x48,0xb4,
  0x48,0xb4,0x48,0xb4,0x48,0x00,0x00,0xe0,0x00,0xa0,0x40,0xa0,0x40,0xa0,0x40,0xa0,
  0x40,0xa0,0x40,0xa0,0x40,0x00,0x00,0x7c,0x00,0xc6,0x38,0xba,0x44,0xba,0x44,0xba,
  0x44,0xba,0x44,0xf6,0x08,0xaa,0x54,0xaa,0x54,0xaa,0x54,0xaa,0x54,0x96,0x68,0xfc,
  0x00,0x00,0x00,0x00,0x00,0x6c,0x10,0x54,0x28,0xd6,0x28,0xba,0x44,0xaa,0x44,0xee,
  0x00,0x00,0x00,0x00,0x00,0xd6,0x28,0x54,0x28,0x54,0x28,0x6c,0x10,0x28,0x10,0xe8,
  0x10,0x98,0x60,0xf0,0x00,0x68,0x10,0x58,0x20,0xd0,0x20,0xbc,0x40,0x84,0x78,0xfc,
  0x00,0x00,0x00,0x00,0x00,0xb4,0x48,0xb4,0x48,0xb4,0x48,0xb4,0x48,0xcc,0x30,0x78,
  0x00,0x00,0x00,0x00,0x00,0x50,0x20,0x50,0x20,0x50,0x20,0x50,0x20,0x50,0x20,0x70,
  0x00,0x00,0x00,0x00,0x00,0x58,0x20,0xd0,0x20,0xb0,0x40,0xbc,0x40,0x84,0x78,0xfc,
  0x00,0x00,0x00,0x00,0x00,0x74,0x08,0xf4,0x08,0xb4,0x48,0xb4,0x48,0xcc,0x30,0x78,
  0x00,0x00,0x00,0x00,0x00,0xac,0x50,0x84,0x78,0xec,0x10,0x28,0x10,0x28,0x10,0x38,
  0x00,0x00,0x00,0x00,0x00,0xf4,0x08,0x14,0x08,0xf4,0x08,0xb4,0x48,0xcc,0x30,0x78,
  0x00,0x00,0x00,0x00,0x00,0xb4,0x48,0xb4,0x48,0xb4,0x48,0xb4,0x48,0xcc,0x30,0x78,
  0x00,0x00,0x00,0x00,0x00,0x68,0x10,0x58,0x20,0x50,0x20,0x50,0x20,0x50,0x20,0x70,
  0x00,0x00,0x00,0x00,0x00,0xb4,0x48,0xb4,0x48,0xb4,0x48,0xb4,0x48,0xcc,0x30,0x78,
  0x00,0x00,0x00,0x00,0x00,0xc4,0x38,0xf4,0x08,0xb4,0x48,0xb4,0x48,0xcc,0x30,0x78,
  0x00,0x00,0x00,0x00,0x00,0xa0,0x40,0xa0,0x40,0xe0,0x00,0xa0,0x40,0xa0,0x40,0xe0,
  0x00,0x00,0x00,0x00,0x00,0x2c,0x10,0x28,0x10,0x38,0x00,0x28,0x10,0x28,0x10,0x38,
  0x00,0x00,0x00,0x00,0x00,0x00,0x00,0x00,0x00,0x00,0x00,0x00,0x00,0x00,0x00,0x00,
  0x00,0x00,0x00,0xfc,0x00,0x00,0x00,0x00,0x00,0x00,0x00,0x00,0x00,0x00,0x00,0x00,
  0x00,0x00,0x00,0x00,0x00,0x00,0x00,0x00,0x00,0x00,0x00,0x00,0x00,0x00,0x00,0x00,
  0x00,0x00,0x00,0x00,0x00,0x00,0x00,0x00,0x00,0x00,0x00,0x00,0x00,0x00,0x00,0x00,
  0x00,0x00,0x00,0x00,0x00,0x00,0x00,0x00,0x00,0x00,0x00,0x00,0x00,0xe0,0x00,0xb0,
  0x40,0x98,0x60,0x8c,0x70,0x1c,0x00,0x34,0x08,0x64,0x18,0xc4,0x38,0x8c,0x70,0x98,
  0x60,0x90,0x60,0x90,0x60,0xe0,0x00,0xb0,0x40,0x98,0x60,0x8c,0x70,0xc4,0x38,0x64,
  0x18,0x24,0x18,0x24,0x18,0x00,0x00,0x38,0x00,0x6c,0x10,0x54,0x28,0x54,0x28,0x54,
  0x28,0x54,0x28,0xec,0x10,0x00,0x00,0x00,0x00,0x00,0x00,0x7c,0x00,0xd4,0x28,0xac,
  0x50,0xf8,0x00,0x7c,0x00,0x00,0x00,0x78,0x00,0x4c,0x30,0x74,0x08,0x54,0x28,0x54,
  0x28,0x74,0x08,0x6c,0x10,0x07,0x00,0x19,0x06,0x22,0x1d,0x44,0x3b,0x48,0x37,0xb9,
  0x46,0xab,0x54,0xaf,0x50,0xf8,0x00,0x84,0x78,0x02,0xfc,0x3e,0xc0,0xff,0x00,0xff,
  0x00,0xef,0x10,0x6a,0x94,0xf8,0x00,0xa8,0x50,0xa8,0x50,0xf8,0x00,0x00,0x00,0x00,
  0x00,0x00,0x00,0x00,0x00,0x00,0x00,0x00,0x00,0x00,0x00,0x00,0x00,0x00,0x00,0x38,
  0x00,0x6c,0x10,0xc6,0x38,0x00,0x00,0x00,0x00,0x00,0x00,0x00,0x00,0x00,0x00,0x38,
  0x00,0x28,0x10,0xee,0x10,0x00,0x00,0x00,0x00,0x00,0x00,0x00,0x00,0x00,0x00,0x38,
  0x00,0x68,0x10,0xce,0x30,0x84,0x78,0xfc,0x00,0x00,0x00,0x00,0x00,0x00,0x00,0x00,
  0x00,0x00,0x00,0x00,0x00,0x00,0x00,0x00,0x00,0xf0,0x00,0x90,0x60,0x90,0x60,0xf0,
  0x00,0x00,0x00,0x00,0x00,0x00,0x00,0x00,0x00,0xf0,0x00,0x90,0x60,0x90,0x60,0xd0,
  0x20,0xb0,0x40,0xe0,0x00,0x00,0x00,0x00,0x00,0xfc,0x00,0x54,0xa8,0x54,0xa8,0xfc,
  0x00,0x00,0x00,0x00,0x00,0x84,0x78,0x8c,0x70,0x98,0x60,0xb0,0x40,0xe0,0x00,0x00,
  0x00,0x00,0x00,0x00,0x00,0x90,0x60,0x98,0x60,0x8c,0x70,0xc4,0x38,0x64,0x18,0x34,
  0x08,0x1c,0x00,0x00,0x00,0x24,0x18,0x64,0x18,0xc4,0x38,0x8c,0x70,0x98,0x60,0xb0,
  0x40,0xe0,0x00,0x00,0x00,0xac,0x50,0xc4,0x38,0xac,0x50,0xe8,0x10,0x28,0x10,0x28,
  0x10,0x38,0x00,0x00,0x00,0xd4,0x28,0xac,0x50,0xf8,0x00,0x7c,0x00,0xd4,0x28,0xac,
  0x50,0xf8,0x00,0x00,0x00,0xd8,0x20,0xbc,0x40,0xb4,0x48,0xbc,0x40,0xb4,0x48,0xcc,
  0x30,0x78,0x00,0x00,0x00,0xa7,0x58,0x92,0x6d,0x92,0x6d,0x98,0x67,0xbe,0x41,0x41,
  0x00,0x00,0x00,0x00,0x00,0x6f,0x90,0x41,0xbe,0x0f,0xf0,0x04,0xf8,0x18,0xe0,0xf0,
  0x00,0x00,0x00,0x00,0x00,0x00,0x00,0x00,0x00,0x00,0x00,0x00,0x00,0x00,0x00,0x00,
  0x00,0x00,0x00,0x00,0x00,0x82,0x7c,0xee,0x10,0x28,0x10,0x38,0x00,0x00,0x00,0x00,
  0x00,0x00,0x00,0x00,0x00,0x82,0x7c,0xc6,0x38,0x6c,0x10,0x38,0x00,0x00,0x00,0x00,
  0x00,0x00,0x00,0x00,0x00,0x82,0x7c,0xce,0x30,0x68,0x10,0x38,0x00,0x00,0x00,0x00,
  0x00,0x00,0x00,0x00,0x00,0x00,0x00,0x00,0x00,0x00,0x00,0x00,0x00,0x00,0x00,0x38,
  0x00,0x2c,0x10,0xe6,0x18,0xf0,0x00,0x90,0x60,0x90,0x60,0xd0,0x20,0xb0,0x40,0xe0,
  0x00,0x00,0x00,0x00,0x00,0x1c,0x00,0x22,0x1c,0x5d,0x3e,0xbe,0x7f,0xbe,0x7f,0xbe,
  0x7f,0xbe,0x7f,0x40,0x3f,0x38,0x00,0x44,0x38,0xba,0x44,0x7d,0x82,0xfd,0x02,0xfd,
  0x02,0xfd,0x02,0xfa,0x04,0x1c,0x00,0x22,0x1c,0x5d,0x3e,0xbe,0x7f,0xbe,0x7f,0xbe,
  0x7f,0xbe,0x7f,0x5e,0x3f,0x1c,0x00,0x22,0x1c,0x5d,0x3e,0xbe,0x7f,0xbf,0x7f,0xbf,
  0x7f,0xbf,0x7f,0x5f,0x3f,0x38,0x00,0x44,0x38,0xba,0x7c,0x7d,0xfe,0xfd,0xfe,0xfd,
  0xfe,0x01,0xfe,0x7a,0x84,0x1c,0x00,0x22,0x1c,0x5d,0x3e,0xbe,0x7f,0xbf,0x7f,0xbf,
  0x7f,0xbf,0x7f,0x5f,0x3f,0x38,0x00,0x44,0x38,0xba,0x7c,0x7d,0xfe,0xfd,0xfe,0xfd,
  0xfe,0xfd,0xfe,0xfa,0xfc,0x00,0x00,0x00,0x00,0x00,0x00,0x00,0x00,0x00,0x00,0x00,
  0x00,0x00,0x00,0x00,0x00,0x00,0x00,0x00,0x00,0x00,0x00,0x1c,0x00,0x34,0x08,0x64,
  0x18,0xc4,0x38,0x84,0x78,0x7e,0x00,0xc3,0x3c,0x99,0x66,0x99,0x66,0x99,0x66,0x99,
  0x66,0x99,0x66,0x81,0x7e,0xfe,0x00,0x83,0x7c,0x99,0x66,0x99,0x66,0x99,0x66,0x99,
  0x66,0x83,0x7c,0x99,0x66,0xf7,0x00,0x95,0x62,0x9d,0x62,0x9d,0x62,0xcb,0x34,0x4a,
  0x34,0x66,0x18,0x66,0x18,0xf7,0x00,0x95,0x62,0x95,0x62,0x95,0x62,0x9d,0x62,0xcb,
  0x34,0x4a,0x34,0x66,0x18,0x00,0x00,0x00,0x00,0x00,0x00,0x00,0x00,0x00,0x00,0x1e,
  0x00,0x12,0x0c,0x12,0x0c,0x82,0x7c,0xe6,0x18,0x2c,0x10,0x38,0x00,0x00,0x00,0x00,
  0x00,0x00,0x00,0x00,0x00,0x00,0x00,0x00,0x00,0x00,0x00,0x00,0x00,0x00,0x00,0x00,
  0x00,0x00,0x00,0x00,0x00,0x2f,0x10,0x17,0x08,0x0b,0x04,0x05,0x02,0x02,0x01,0x01,
  0x00,0x00,0x00,0x00,0x00,0xf4,0x08,0xe8,0x10,0xd0,0x20,0xa0,0x40,0x40,0x80,0x80,
  0x00,0x00,0x00,0x00,0x00,0x2e,0x1f,0x16,0x0f,0x0a,0x07,0x04,0x03,0x02,0x01,0x01,
  0x00,0x00,0x00,0x00,0x00,0x2f,0x1f,0x17,0x0f,0x0b,0x07,0x05,0x03,0x02,0x01,0x01,
  0x00,0x00,0x00,0x00,0x00,0x74,0x88,0x68,0x90,0x50,0xa0,0x20,0xc0,0x40,0x80,0x80,
  0x00,0x00,0x00,0x00,0x00,0x2f,0x1f,0x17,0x0f,0x0b,0x07,0x05,0x03,0x02,0x01,0x01,
  0x00,0x00,0x00,0x00,0x00,0xf4,0xf8,0xe8,0xf0,0xd0,0xe0,0xa0,0xc0,0x40,0x80,0x80,
  0x00,0x00,0x00,0x00,0x00,0x00,0x00,0x00,0x00,0x00,0x00,0x00,0x00,0x00,0x00,0x00,
  0x00,0x00,0x00,0x00,0x00,0xc4,0x38,0x64,0x18,0x34,0x08,0x1c,0x00,0x00,0x00,0x00,
  0x00,0x00,0x00,0x00,0x00,0x99,0x66,0x99,0x66,0x99,0x66,0x99,0x66,0x99,0x66,0xff,
  0x00,0x00,0x00,0x00,0x00,0x99,0x66,0x99,0x66,0x99,0x66,0x99,0x66,0x83,0x7c,0xfe,
  0x00,0x00,0x00,0x00,0x00,0x52,0x2c,0xd3,0x2c,0xb9,0x46,0xb9,0x46,0xb9,0x46,0xef,
  0x00,0x00,0x00,0x00,0x00,0x24,0x18,0x24,0x18,0x24,0x18,0x24,0x18,0x24,0x18,0x3c,
  0x00,0x00,0x00,0x00,0x00,0x1a,0x04,0x16,0x08,0x1c,0x00,0x00,0x00,0x00,0x00,0x00,
  0x00,0x00,0x00,0x00,0x00,0x00,0x00,0x00,0x00,0x00,0x00,0x00,0x00,0x00,0x00,0x1e,
  0x00,0x33,0x0c,0x2d,0x12,0x00,0x00,0x00,0x00,0x1c,0x00,0x36,0x08,0x22,0x1c,0x22,
  0x1c,0x22,0x1c,0x36,0x08,0x00,0x00,0x00,0x00,0x3e,0x00,0x63,0x1c,0x5d,0x22,0x55,
  0x22,0x7d,0x02,0x1b,0x04,0x00,0x00,0x00,0x00,0x00,0x00,0x00,0x00,0x00,0x00,0x3f,
  0x00,0x26,0x19,0x26,0x19,0x00,0x00,0x00,0x00,0x00,0x00,0x1e,0x00,0x12,0x0c,0x12,
  0x0c,0x1e,0x00,0x00,0x00,0x00,0x00,0x00,0x00,0x00,0x00,0x00,0x00,0x00,0x00,0x38,
  0x00,0x2e,0x10,0x32,0x0c,0x00,0x00,0x00,0x00,0x00,0x00,0x00,0x00,0x00,0x00,0x7f,
  0x00,0x40,0x3f,0x7f,0x00,0x00,0x00,0x07,0x00,0x0d,0x02,0x0b,0x04,0x1a,0x04,0x16,
  0x08,0x14,0x08,0x14,0x08,0x00,0x00,0x38,0x00,0x2c,0x10,0x34,0x08,0x16,0x08,0x1a,
  0x04,0x0a,0x04,0x0a,0x04,0x00,0x00,0x01,0x00,0x01,0x00,0x03,0x00,0x02,0x01,0x06,
  0x01,0x05,0x02,0x05,0x02,0x00,0x00,0x3f,0x00,0x2d,0x12,0x2d,0x12,0x36,0x09,0x16,
  0x09,0x1b,0x04,0x0b,0x04,0x00,0x00,0x00,0x00,0x01,0x00,0x03,0x00,0x02,0x01,0x02,
  0x01,0x02,0x01,0x03,0x00,0x00,0x00,0x00,0x00,0x3f,0x00,0x24,0x1b,0x24,0x1b,0x36,
  0x09,0x2d,0x12,0x3f,0x00,0x00,0x00,0x00,0x00,0x00,0x00,0x00,0x00,0x00,0x00,0x00,
  0x00,0x00,0x00,0x00,0x00,0x00,0x00,0x00,0x00,0x3c,0x00,0x24,0x18,0x24,0x18,0x34,
  0x08,0x2c,0x10,0x38,0x00,0x7e,0x7e,0x42,0x7e,0x66,0x7e,0x24,0x3c,0x24,0x3c,0x66,
  0x7e,0x42,0x7e,0x7e,0x7e,0x2d,0x12,0x33,0x0c,0x1e,0x00,0x00,0x00,0x00,0x00,0x00,
  0x00,0x00,0x00,0x00,0x00,0x14,0x08,0x14,0x08,0x1c,0x00,0x14,0x08,0x1c,0x00,0x00,
  0x00,0x00,0x00,0x00,0x00,0x16,0x08,0x14,0x08,0x1c,0x00,0x14,0x08,0x1c,0x00,0x00,
  0x00,0x00,0x00,0x00,0x00,0x3f,0x00,0x00,0x00,0x00,0x00,0x00,0x00,0x00,0x00,0x00,
  0x00,0x00,0x00,0x00,0x00,0x00,0x00,0x1e,0x00,0x12,0x0c,0x12,0x0c,0x1e,0x00,0x00,
  0x00,0x00,0x00,0x00,0x00,0x1a,0x04,0x0e,0x00,0x00,0x00,0x00,0x00,0x00,0x00,0x00,
  0x00,0x00,0x00,0x00,0x00,0x00,0x00,0x00,0x00,0x00,0x00,0x00,0x00,0x00,0x00,0x00,
  0x00,0x00,0x00,0x00,0x00,0x14,0x08,0x16,0x08,0x1a,0x04,0x0b,0x04,0x0d,0x02,0x07,
  0x00,0x00,0x00,0x00,0x00,0x0a,0x04,0x1a,0x04,0x16,0x08,0x34,0x08,0x2c,0x10,0x38,
  0x00,0x00,0x00,0x00,0x00,0x05,0x02,0x06,0x01,0x02,0x01,0x03,0x00,0x01,0x00,0x01,
  0x00,0x00,0x00,0x00,0x00,0x1b,0x04,0x16,0x09,0x36,0x09,0x2d,0x12,0x2d,0x12,0x3f,
  0x00,0x00,0x00,0x00,0x00,0x00,0x00,0x00,0x00,0x00,0x00,0x00,0x00,0x00,0x00,0x00,
  0x00,0x00,0x00,0x00,0x00,0x00,0x00,0x00,0x00,0x00,0x00,0x00,0x00,0x00,0x00,0x00,
  0x00,0x00,0x00,0x00,0x00,0x00,0x00,0x00,0x00,0x00,0x00,0x00,0x00,0x00,0x00,0x00,
  0x00,0x00,0x00,0x00,0x00,0x00,0x00,0x00,0x00,0x00,0x00,0x00,0x00,0x00,0x00,0x00,
  0x00,0x00,0x00,0x00,0x00,0xfe,0xfe,0x83,0xff,0x99,0xff,0x99,0xff,0x83,0xff,0x93,
  0xff,0x99,0xff,0xff,0xff,0x7e,0x7e,0xc2,0xfe,0x9e,0xfe,0xc3,0xff,0xf9,0xff,0x99,
  0xff,0xc3,0xff,0x7e,0x7e,0xff,0xff,0x81,0xff,0xe7,0xff,0x24,0x3c,0x24,0x3c,0x24,
  0x3c,0x24,0x3c,0x3c,0x3c,0xff,0xff,0x99,0xff,0x99,0xff,0x99,0xff,0x99,0xff,0x99,
  0xff,0xc3,0xff,0x7e,0x7e,0xff,0xff,0x99,0xff,0x99,0xff,0x99,0xff,0xdb,0xff,0x42,
  0x7e,0x66,0x7e,0x3c,0x3c,0xff,0xff,0x95,0xff,0x95,0xff,0x95,0xff,0x95,0xff,0x81,
  0xff,0xeb,0xff,0x3c,0x3c,0x00,0x00,0x00,0x00,0x00,0x00,0x00,0x00,0x00,0x00,0x78,
  0x78,0x48,0x78,0x48,0x78,0x00,0x00,0x78,0x00,0xcc,0x30,0xb4,0x48,0xb4,0x48,0xb4,
  0x48,0xb4,0x48,0xb4,0x48,0x00,0x00,0x1c,0x00,0x34,0x08,0x24,0x18,0x34,0x08,0x14,
  0x08,0x14,0x08,0x14,0x08,0x00,0x00,0x78,0x00,0xcc,0x30,0xb4,0x48,0xb4,0x48,0xf4,
  0x08,0x2c,0x10,0x68,0x10,0x00,0x00,0x78,0x00,0xcc,0x30,0xb4,0x48,0xb4,0x48,0xf4,
  0x08,0x74,0x08,0x4c,0x30,0x00,0x00,0x78,0x00,0x48,0x30,0xc8,0x30,0xa8,0x50,0xa8,
  0x50,0xa8,0x50,0xa8,0x50,0x00,0x00,0xfc,0x00,0x84,0x78,0xbc,0x40,0xa0,0x40,0xb8,
  0x40,0x8c,0x70,0xb4,0x48,0x00,0x00,0x78,0x00,0xcc,0x30,0xb4,0x48,0xb4,0x48,0xbc,
  0x40,0x8c,0x70,0xb4,0x48,0x00,0x00,0xfc,0x00,0x84,0x78,0xf4,0x08,0x14,0x08,0x34,
  0x08,0x2c,0x10,0x28,0x10,0x00,0x00,0x78,0x00,0xcc,0x30,0xb4,0x48,0xb4,0x48,0xb4,
  0x48,0xb4,0x48,0xcc,0x30,0x00,0x00,0x78,0x00,0xcc,0x30,0xb4,0x48,0xb4,0x48,0xb4,
  0x48,0xb4,0x48,0xb4,0x48,0xf7,0xf7,0x9d,0xff,0x8b,0xff,0xc6,0xfe,0x63,0x7f,0xd1,
  0xff,0xb9,0xff,0xef,0xef,0xff,0xff,0x99,0xff,0x99,0xff,0xc3,0xff,0x66,0x7e,0x24,
  0x3c,0x24,0x3c,0x3c,0x3c,0xff,0xff,0x81,0xff,0xf1,0xff,0x63,0x7f,0xc6,0xfe,0x8f,
  0xff,0x81,0xff,0xff,0xff,0x00,0x00,0x00,0x00,0x00,0x00,0xff,0xff,0x81,0xff,0xff,
  0xff,0x00,0x00,0x00,0x00,0x00,0x00,0x00,0x00,0x00,0x00,0x00,0x00,0x78,0x78,0x48,
  0x78,0x48,0x78,0x78,0x78,0x68,0x78,0x58,0x78,0x70,0x70,0x00,0x00,0x00,0x00,0x00,
  0x00,0x00,0x00,0x00,0x00,0xb4,0x48,0xb4,0x48,0xb4,0x48,0xb4,0x48,0xcc,0x30,0x78,
  0x00,0x00,0x00,0x00,0x00,0x14,0x08,0x14,0x08,0x14,0x08,0x14,0x08,0x14,0x08,0x1c,
  0x00,0x00,0x00,0x00,0x00,0x58,0x20,0xd0,0x20,0xb0,0x40,0xbc,0x40,0x84,0x78,0xfc,
  0x00,0x00,0x00,0x00,0x00,0x74,0x08,0xf4,0x08,0xb4,0x48,0xb4,0x48,0xcc,0x30,0x78,
  0x00,0x00,0x00,0x00,0x00,0xac,0x50,0x84,0x78,0xec,0x10,0x28,0x10,0x28,0x10,0x38,
  0x00,0x00,0x00,0x00,0x00,0xf4,0x08,0x14,0x08,0xf4,0x08,0xb4,0x48,0xcc,0x30,0x78,
  0x00,0x00,0x00,0x00,0x00,0xb4,0x48,0xb4,0x48,0xb4,0x48,0xb4,0x48,0xcc,0x30,0x78,
  0x00,0x00,0x00,0x00,0x00,0x68,0x10,0x58,0x20,0x50,0x20,0x50,0x20,0x50,0x20,0x70,
  0x00,0x00,0x00,0x00,0x00,0xb4,0x48,0xb4,0x48,0xb4,0x48,0xb4,0x48,0xcc,0x30,0x78,
  0x00,0x00,0x00,0x00,0x00,0xc4,0x38,0xf4,0x08,0xb4,0x48,0xb4,0x48,0xcc,0x30,0x78,
  0x00,0x00,0x00,0x00,0x00,0x00,0x00,0x00,0x00,0x00,0x00,0x00,0x00,0x00,0x00,0xff,
  0x00,0x80,0x7f,0xff,0x00,0x00,0x00,0x00,0x00,0x00,0x00,0x00,0x00,0x00,0x00,0xf8,
  0x00,0x08,0xf0,0xf8,0x00,0x00,0x00,0x00,0x00,0x00,0x00,0x00,0x00,0x00,0x00,0x00,
  0x00,0x00,0x00,0x00,0x00,0x00,0x00,0x00,0x00,0x00,0x00,0x00,0x00,0x00,0x00,0x00,
  0x00,0x00,0x00,0x00,0x00,0x00,0x00,0x0e,0x00,0x0a,0x04,0x0a,0x04,0x0a,0x04,0x0b,
  0x04,0xf8,0x07,0x83,0x7c,0x00,0x00,0x00,0x00,0x00,0x00,0x00,0x00,0xf8,0x00,0x88,
  0x70,0x78,0x80,0xc0,0x00,0xfa,0x04,0x0a,0x04,0x0a,0x04,0x0b,0x04,0x0c,0x03,0x07,
  0x00,0x00,0x00,0x00,0x00,0x00,0x00,0x38,0x00,0x28,0x10,0xe8,0x10,0x08,0xf0,0xf8,
  0x00,0x00,0x00,0x00,0x00,0x00,0x00,0xff,0x00,0x80,0x7f,0xfb,0x04,0x0a,0x04,0x0b,
  0x04,0x08,0x07,0x0b,0x04,0x00,0x00,0xf8,0x00,0x08,0xf0,0xf8,0x00,0x00,0x00,0xf0,
  0x00,0x10,0xe0,0xd0,0x20,0x1a,0x04,0x16,0x08,0x34,0x08,0xed,0x10,0x99,0x60,0xf1,
  0x00,0x00,0x00,0x00,0x00,0x50,0x20,0x50,0x20,0x50,0x20,0xd0,0x20,0x30,0xc0,0xe0,
  0x00,0x00,0x00,0x00,0x00,0x00,0x00,0x7f,0x00,0x40,0x3f,0x7f,0x00,0x00,0x00,0x00,
  0x00,0x3f,0x00,0x20,0x1f,0x00,0x00,0xf0,0x00,0x10,0xe0,0xf0,0x00,0x00,0x00,0x00,
  0x00,0xe0,0x00,0x20,0xc0,0x3f,0x00,0x00,0x00,0x00,0x00,0xff,0x00,0x80,0x7f,0xff,
  0x00,0x00,0x00,0x00,0x00,0xe0,0x00,0x00,0x00,0x00,0x00,0xf8,0x00,0x08,0xf0,0xf8,
  0x00,0x00,0x00,0x00,0x00,0x00,0x00,0x07,0x00,0x05,0x02,0x05,0x02,0x05,0x02,0x05,
  0x02,0x04,0x03,0x05,0x02,0x00,0x00,0x00,0x00,0x00,0x00,0x00,0x00,0x00,0x00,0xf0,
  0x00,0x10,0xe0,0xf0,0x00,0x05,0x02,0x05,0x02,0x05,0x02,0xfd,0x02,0x80,0x7f,0xff,
  0x00,0x00,0x00,0x00,0x00,0x00,0x00,0x00,0x00,0x00,0x00,0xf8,0x00,0x08,0xf0,0xf8,
  0x00,0x00,0x00,0x00,0x00,0x00,0x00,0xff,0x00,0x80,0x7f,0xfd,0x02,0x05,0x02,0x05,
  0x02,0x05,0x02,0x05,0x02,0x00,0x00,0xf8,0x00,0x08,0xf0,0xf8,0x00,0x00,0x00,0xc0,
  0x00,0x60,0x80,0xb0,0x40,0x05,0x02,0x05,0x02,0x05,0x02,0x05,0x02,0x05,0x02,0x07,
  0x00,0x00,0x00,0x00,0x00,0xd0,0x20,0x70,0x00,0x00,0x00,0x00,0x00,0x00,0x00,0x00,
  0x00,0x00,0x00,0x00,0x00,0x00,0x00,0xff,0x00,0x80,0x7f,0xfe,0x01,0x0d,0x02,0x19,
  0x06,0x35,0x0a,0xed,0x12,0x00,0x00,0xf8,0x00,0x08,0xf0,0xf8,0x00,0x80,0x00,0xc0,
  0x00,0x60,0x80,0xb0,0x40,0x9d,0x62,0xf5,0x02,0x05,0x02,0x05,0x02,0x05,0x02,0x07,
  0x00,0x00,0x00,0x00,0x00,0xd8,0x20,0x68,0x10,0x38,0x00,0x00,0x00,0x00,0x00,0x00,
  0x00,0x00,0x00,0x00,0x00,0x00,0x00,0x1c,0x00,0x17,0x08,0x10,0x0f,0x37,0x08,0x2f,
  0x10,0x20,0x1f,0x3f,0x00,0x00,0x00,0x00,0x00,0xf8,0x00,0x08,0xf0,0xf8,0x00,0xf8,
  0x00,0x08,0xf0,0xe8,0x10,0xff,0x00,0x80,0x7f,0xff,0x00,0x01,0x00,0x01,0x00,0x01,
  0x00,0x00,0x00,0x00,0x00,0xe8,0x10,0x68,0x90,0xe8,0x10,0xe8,0x10,0x18,0xe0,0xf0,
  0x00,0x00,0x00,0x00,0x00,0x00,0x00,0x07,0x00,0x7d,0x02,0x40,0x3f,0x7b,0x04,0xfb,
  0x04,0x80,0x7f,0xf7,0x08,0x00,0x00,0x00,0x00,0xf0,0x00,0x10,0xe0,0xf0,0x00,0xf8,
  0x00,0x08,0xf0,0xf8,0x00,0x20,0x1f,0x3f,0x00,0x13,0x0c,0x1c,0x03,0x07,0x00,0x01,
  0x00,0x00,0x00,0x00,0x00,0x10,0xe0,0xb0,0x40,0x60,0x80,0xe0,0x00,0x20,0xc0,0xe0,
  0x00,0x00,0x00,0x00,0x00,0x00,0x00,0x3f,0x00,0x20,0x1f,0x2f,0x10,0x2f,0x10,0x20,
  0x1f,0x2f,0x10,0x2f,0x10,0x00,0x00,0xe0,0x00,0x20,0xc0,0xa0,0x40,0xa0,0x40,0x20,
  0xc0,0xa0,0x40,0xa0,0x40,0x20,0x1f,0x2f,0x10,0x28,0x10,0xef,0x10,0x80,0x7f,0xff,
  0x00,0x00,0x00,0x00,0x00,0x20,0xc0,0xa0,0x40,0xa0,0x40,0xb8,0x40,0x08,0xf0,0xf8,
  0x00,0x00,0x00,0x00,0x00,0x00,0x00,0x3f,0x00,0x2d,0x12,0x2d,0x12,0xed,0x12,0x80,
  0x7f,0xed,0x12,0x2d,0x12,0x00,0x00,0xe0,0x00,0xa0,0x40,0xa0,0x40,0xb8,0x40,0x08,
  0xf0,0xb8,0x40,0xa0,0x40,0x2d,0x12,0x2c,0x13,0x2f,0x10,0x2f,0x10,0x20,0x1f,0x3f,
  0x00,0x00,0x00,0x00,0x00,0xa0,0x40,0x20,0xc0,0xe0,0x00,0xf8,0x00,0x08,0xf0,0xf8,
  0x00,0x00,0x00,0x00,0x00,0x00,0x00,0x0e,0x00,0xfb,0x04,0x80,0x7f,0xf7,0x08,0x6d,
  0x12,0x5d,0x22,0x40,0x3f,0x00,0x00,0x00,0x00,0xf8,0x00,0x08,0xf0,0xf8,0x00,0x00,
  0x00,0xf0,0x00,0x10,0xe0,0x7d,0x02,0x6d,0x12,0xdd,0x22,0xbd,0x42,0xf1,0x0e,0x1f,
  0x00,0x00,0x00,0x00,0x00,0xf0,0x00,0xb0,0x40,0xd8,0x20,0x68,0x10,0x38,0x00,0x00,
  0x00,0x00,0x00,0x00,0x00,0x00,0x00,0x03,0x00,0x7e,0x01,0x41,0x3e,0x7d,0x02,0x40,
  0x3f,0x7d,0x02,0xfd,0x02,0x00,0x00,0xf0,0x00,0x10,0xe0,0xf0,0x00,0xf0,0x00,0x10,
  0xe0,0xf0,0x00,0xf8,0x00,0x80,0x7f,0xfb,0x04,0x37,0x08,0x6f,0x10,0x40,0x3f,0x7f,
  0x00,0x00,0x00,0x00,0x00,0x08,0xf0,0xf8,0x00,0x60,0x80,0xb0,0x40,0x50,0xa0,0xf0,
  0x00,0x00,0x00,0x00,0x00,0x00,0x00,0xff,0x00,0x80,0x7f,0xf7,0x08,0xf7,0x08,0x80,
  0x7f,0xb7,0x48,0xb7,0x48,0x00,0x00,0xf8,0x00,0x08,0xf0,0x78,0x80,0x78,0x80,0x08,
  0xf0,0x68,0x90,0x68,0x90,0xaa,0x55,0x9d,0x62,0xb7,0x40,0xa0,0x40,0xa0,0x40,0xe0,
  0x00,0x00,0x00,0x00,0x00,0xa8,0x50,0xc8,0x30,0x68,0x10,0xe8,0x10,0x88,0x70,0xf8,
  0x00,0x00,0x00,0x00,0x00,0x00,0x00,0x7f,0x00,0x40,0x3f,0x7b,0x04,0x5b,0x24,0x6b,
  0x14,0x7b,0x04,0x40,0x3f,0x00,0x00,0xf8,0x00,0x08,0xf0,0x78,0x80,0x68,0x90,0x58,
  0xa0,0x78,0x80,0x08,0xf0,0x5f,0x20,0x50,0x20,0x50,0x20,0xd0,0x20,0xb0,0x40,0xe0,
  0x00,0x00,0x00,0x00,0x00,0xf8,0x00,0x00,0x00,0x00,0x00,0x00,0x00,0x00,0x00,0x00,
  0x00,0x00,0x00,0x00,0x00,0x00,0x00,0x07,0x00,0x7d,0x02,0x40,0x3f,0x7d,0x02,0x2d,
  0x12,0xf5,0x0a,0x80,0x7f,0x00,0x00,0x00,0x00,0xf0,0x00,0x10,0xe0,0xf0,0x00,0xa0,
  0x40,0x78,0x80,0x08,0xf0,0xed,0x12,0x2e,0x11,0x2f,0x10,0x29,0x16,0x27,0x18,0x3c,
  0x00,0x00,0x00,0x00,0x00,0xf8,0x00,0xe8,0x10,0x58,0xa0,0xb8,0x40,0xc8,0x30,0x78,
  0x00,0x00,0x00,0x00,0x00,0x00,0x00,0x07,0x00,0x0d,0x02,0x1a,0x05,0x37,0x08,0xef,
  0x10,0x9d,0x62,0xf5,0x02,0x00,0x00,0x00,0x00,0x80,0x00,0xc0,0x00,0x60,0x80,0xb8,
  0x40,0xc8,0x30,0x78,0x00,0x05,0x02,0x05,0x02,0x05,0x02,0x05,0x02,0x05,0x02,0x07,
  0x00,0x00,0x00,0x00,0x00,0x00,0x00,0x00,0x00,0x00,0x00,0x00,0x00,0x00,0x00,0x00,
  0x00,0x00,0x00,0x00,0x00,0x00,0x00,0x07,0x00,0x05,0x02,0xfd,0x02,0x80,0x7f,0xbd,
  0x42,0xa5,0x42,0xbd,0x42,0x00,0x00,0x00,0x00,0x00,0x00,0xf8,0x00,0x08,0xf0,0xe8,
  0x10,0x28,0x10,0xe8,0x10,0x80,0x7f,0xfd,0x02,0x05,0x02,0x05,0x02,0x05,0x02,0x07,
  0x00,0x00,0x00,0x00,0x00,0x08,0xf0,0xf8,0x00,0x00,0x00,0x00,0x00,0x00,0x00,0x00,
  0x00,0x00,0x00,0x00,0x00,0x00,0x00,0x07,0x00,0x05,0x02,0xfd,0x02,0x80,0x7f,0xfd,
  0x02,0x7d,0x02,0x40,0x3f,0x00,0x00,0x00,0x00,0x00,0x00,0xf8,0x00,0x08,0xf0,0xf8,
  0x00,0xf0,0x00,0x10,0xe0,0x7d,0x02,0xfd,0x02,0x80,0x7f,0xfd,0x02,0x05,0x02,0x07,
  0x00,0x00,0x00,0x00,0x00,0xf0,0x00,0xf8,0x00,0x08,0xf0,0xf8,0x00,0x00,0x00,0x00,
  0x00,0x00,0x00,0x00,0x00,0x00,0x00,0x3b,0x00,0x2a,0x11,0xea,0x11,0xae,0x51,0xad,
  0x52,0xab,0x54,0xaf,0x50,0x00,0x00,0x80,0x00,0x80,0x00,0xf8,0x00,0x08,0xf0,0x78,
  0x80,0xa0,0x40,0xf8,0x00,0xa8,0x57,0xab,0x54,0xab,0x54,0xeb,0x14,0x28,0x17,0x3f,
  0x00,0x00,0x00,0x00,0x00,0x08,0xf0,0x68,0x90,0x68,0x90,0x68,0x90,0x08,0xf0,0xf8,
  0x00,0x00,0x00,0x00,0x00,0x00,0x00,0x77,0x00,0x5d,0x22,0x6d,0x12,0xfd,0x02,0x80,
  0x7f,0xfd,0x02,0x0d,0x02,0x00,0x00,0x00,0x00,0x00,0x00,0x00,0x00,0xf8,0x00,0x08,
  0xf0,0xe8,0x10,0x68,0x90,0x0b,0x04,0x1a,0x04,0x36,0x08,0xec,0x10,0x98,0x60,0xf0,
  0x00,0x00,0x00,0x00,0x00,0xa8,0x50,0xa8,0x50,0xe8,0x10,0xe8,0x10,0x98,0x60,0xf0,
  0x00,0x00,0x00,0x00,0x00,0x00,0x00,0x0e,0x00,0x0b,0x04,0xfd,0x02,0x80,0x7f,0xfd,
  0x02,0x05,0x02,0x7d,0x02,0x00,0x00,0x00,0x00,0x00,0x00,0xf8,0x00,0x08,0xf0,0xf8,
  0x00,0x00,0x00,0xf0,0x00,0x40,0x3f,0x7d,0x02,0x05,0x02,0xfd,0x02,0x80,0x7f,0xff,
  0x00,0x00,0x00,0x00,0x00,0x10,0xe0,0xf0,0x00,0x00,0x00,0xf8,0x00,0x08,0xf0,0xf8,
  0x00,0x00,0x00,0x00,0x00,0x00,0x00,0xff,0x00,0x80,0x7f,0xff,0x00,0x82,0x7d,0xba,
  0x45,0xba,0x45,0x9a,0x65,0x00,0x00,0xf8,0x00,0x08,0xf0,0xf8,0x00,0x08,0xf0,0xe8,
  0x10,0xe8,0x10,0x68,0x90,0xaa,0x55,0xba,0x45,0xaa,0x45,0xba,0x45,0xb2,0x4d,0xff,
  0x00,0x00,0x00,0x00,0x00,0xa8,0x50,0xe8,0x10,0xa8,0x10,0xe8,0x10,0xc8,0x30,0xf8,
  0x00,0x00,0x00,0x00,0x00,0x00,0x00,0x7e,0x00,0x5b,0x24,0xed,0x12,0x80,0x7f,0xf7,
  0x08,0xed,0x12,0x9d,0x62,0x00,0x00,0x70,0x00,0xd0,0x20,0xb8,0x40,0x08,0xf0,0x78,
  0x80,0xb8,0x40,0xc8,0x30,0xe0,0x1f,0x7d,0x02,0x40,0x3f,0x7d,0x02,0x05,0x02,0x07,
  0x00,0x00,0x00,0x00,0x00,0x38,0xc0,0xf0,0x00,0x10,0xe0,0xf0,0x00,0x00,0x00,0x00,
  0x00,0x00,0x00,0x00,0x00,0x00,0x00,0x1c,0x00,0x14,0x08,0x17,0x08,0x30,0x0f,0x6f,
  0x10,0xdb,0x20,0xb6,0x41,0x00,0x00,0x00,0x00,0x00,0x00,0xc0,0x00,0x40,0x80,0x40,
  0x80,0x40,0x80,0xc0,0x00,0xed,0x02,0x1a,0x05,0x37,0x08,0xed,0x10,0x98,0x60,0xf0,
  0x00,0x00,0x00,0x00,0x00,0x80,0x00,0xc0,0x00,0x60,0x80,0xb8,0x40,0xc8,0x30,0x78,
  0x00,0x00,0x00,0x00,0x00,0x00,0x00,0x0e,0x00,0x0a,0x04,0x1b,0x04,0x17,0x08,0x37,
  0x08,0x6e,0x11,0xde,0x21,0x00,0x00,0x00,0x00,0x00,0x00,0xc0,0x00,0x40,0x80,0x40,
  0x80,0xc0,0x00,0x80,0x00,0xbd,0x42,0xfb,0x04,0x37,0x08,0x6f,0x10,0x40,0x3f,0x7f,
  0x00,0x00,0x00,0x00,0x00,0xf0,0x00,0x50,0x20,0xd8,0x20,0x28,0xd0,0xe8,0x10,0xb8,
  0x00,0x00,0x00,0x00,0x00,0x00,0x00,0x0e,0x00,0x7b,0x04,0x5d,0x22,0x5d,0x22,0x6f,
  0x10,0x2d,0x10,0x37,0x08,0x00,0x00,0x00,0x00,0x70,0x00,0x50,0x20,0xd0,0x20,0xb0,
  0x40,0xa0,0x40,0x60,0x80,0x1a,0x05,0x0d,0x02,0x3a,0x05,0xe7,0x18,0x9d,0x60,0xf0,
  0x00,0x00,0x00,0x00,0x00,0xc0,0x00,0x80,0x00,0xe0,0x00,0x38,0xc0,0xc8,0x30,0x78,
  0x00,0x00,0x00,0x00,0x00,0x00,0x00,0x0e,0x00,0x0b,0x04,0xfd,0x02,0x80,0x7f,0xff,
  0x00,0x03,0x00,0x06,0x01,0x00,0x00,0x00,0x00,0x00,0x00,0xf0,0x00,0x10,0xe0,0xb0,
  0x40,0x60,0x80,0xc0,0x00,0x0d,0x02,0x3b,0x04,0x67,0x18,0xd9,0x26,0xbe,0x41,0xe3,
  0x00,0x00,0x00,0x00,0x00,0x80,0x00,0x00,0x00,0x00,0x00,0xf8,0x00,0x08,0xf0,0xf8,
  0x00,0x00,0x00,0x00,0x00,0x00,0x00,0x0e,0x00,0x3b,0x04,0x20,0x1f,0x2f,0x10,0x29,
  0x10,0x29,0x10,0x2f,0x10,0x00,0x00,0x00,0x00,0xe0,0x00,0x20,0xc0,0xa0,0x40,0xa0,
  0x40,0x20,0xc0,0xf8,0x00,0x20,0x1f,0xff,0x00,0x80,0x7f,0xff,0x00,0x01,0x00,0x01,
  0x00,0x00,0x00,0x00,0x00,0x08,0xf0,0xe8,0x10,0x68,0x90,0xe8,0x10,0x18,0xe0,0xf0,
  0x00,0x00,0x00,0x00,0x00,0x00,0x00,0x03,0x00,0x7e,0x01,0x41,0x3e,0x7d,0x02,0x5d,
  0x22,0x6d,0x12,0xfd,0x02,0x00,0x00,0xf0,0x00,0x10,0xe0,0xf0,0x00,0x70,0x00,0xd0,
  0x20,0xb0,0x40,0xf8,0x00,0x80,0x7f,0xfd,0x02,0x05,0x02,0x1d,0x02,0x11,0x0e,0x1f,
  0x00,0x00,0x00,0x00,0x00,0x08,0xf0,0xf8,0x00,0x00,0x00,0x00,0x00,0x00,0x00,0x00,
  0x00,0x00,0x00,0x00,0x00,0x00,0x00,0x07,0x00,0x3d,0x02,0x2d,0x12,0x2d,0x12,0x2c,
  0x13,0xe1,0x1e,0x8d,0x72,0x00,0x00,0x00,0x00,0x00,0x00,0xf0,0x00,0x90,0x60,0x50,
  0xa0,0xd0,0x20,0xd0,0x20,0xed,0x12,0x2d,0x12,0x2f,0x10,0x2f,0x10,0x30,0x0f,0x1f,
  0x00,0x00,0x00,0x00,0x00,0x90,0x60,0xf8,0x00,0x28,0x10,0xe8,0x10,0x08,0xf0,0xf8,
  0x00,0x00,0x00,0x00,0x00,0x00,0x00,0x0e,0x00,0x0a,0x04,0x7b,0x04,0x40,0x3f,0x7b,
  0x04,0xfb,0x04,0x80,0x7f,0x00,0x00,0xe0,0x00,0xb0,0x40,0xd0,0x20,0x30,0xc0,0xa0,
  0x40,0xb8,0x40,0x08,0xf0,0xfb,0x04,0x0a,0x04,0x0a,0x04,0x0a,0x04,0x0a,0x04,0x0e,
  0x00,0x00,0x00,0x00,0x00,0xe8,0x10,0x28,0x10,0xe8,0x10,0x98,0x60,0xf0,0x00,0x00,
  0x00,0x00,0x00,0x00,0x00,0x00,0x00,0xff,0x00,0x80,0x7f,0xff,0x00,0x2e,0x11,0x76,
  0x09,0x5e,0x21,0xee,0x11,0x00,0x00,0xf8,0x00,0x08,0xf0,0xe8,0x10,0xd8,0x20,0xf0,
  0x00,0x80,0x00,0xf8,0x00,0x80,0x7f,0xfd,0x02,0x3b,0x04,0xe7,0x18,0x9c,0x60,0xf0,
  0x00,0x00,0x00,0x00,0x00,0x08,0xf0,0xf8,0x00,0x60,0x80,0xb8,0x40,0xc8,0x30,0x78,
  0x00,0x00,0x00,0x00,0x00,0x00,0x00,0x0f,0x00,0x79,0x06,0x47,0x38,0x75,0x08,0xf7,
  0x08,0x81,0x7e,0xf7,0x08,0x00,0x00,0xc0,0x00,0x40,0x80,0x40,0x80,0x40,0x80,0x40,
  0x80,0x40,0x80,0x40,0x80,0x77,0x08,0x41,0x3e,0x5d,0x22,0x5d,0x22,0x41,0x3e,0x7f,
  0x00,0x00,0x00,0x00,0x00,0x40,0x80,0x78,0x80,0x68,0x90,0x68,0x90,0x88,0x70,0xf8,
  0x00,0x00,0x00,0x00,0x00,0x00,0x00,0x7f,0x00,0x40,0x3f,0x7f,0x00,0x01,0x00,0x03,
  0x00,0x02,0x01,0x02,0x01,0x00,0x00,0xf0,0x00,0x10,0xe0,0xd0,0x20,0xb0,0x40,0x60,
  0x80,0xc0,0x00,0x80,0x00,0x02,0x01,0x02,0x01,0x02,0x01,0x0e,0x01,0x08,0x07,0x0f,
  0x00,0x00,0x00,0x00,0x00,0x80,0x00,0x80,0x00,0x80,0x00,0x80,0x00,0x80,0x00,0x80,
  0x00,0x00,0x00,0x00,0x00,0x00,0x00,0x7f,0x00,0x40,0x3f,0x7f,0x00,0x13,0x0c,0xfc,
  0x03,0x80,0x7f,0xfd,0x02,0x00,0x00,0xf0,0x00,0x10,0xe0,0xb0,0x40,0x60,0x80,0xf8,
  0x00,0x08,0xf0,0xe8,0x10,0x05,0x02,0x05,0x02,0x05,0x02,0x1d,0x02,0x11,0x0e,0x1f,
  0x00,0x00,0x00,0x00,0x00,0xd8,0x20,0xb0,0x40,0xe0,0x00,0x00,0x00,0x00,0x00,0x00,
  0x00,0x00,0x00,0x00,0x00,0x00,0x00,0x38,0x00,0x2f,0x10,0x60,0x1f,0x5f,0x20,0x40,
  0x3f,0xfd,0x02,0x80,0x7f,0x00,0x00,0x00,0x00,0xc0,0x00,0x40,0x80,0x70,0x80,0x10,
  0xe0,0xd8,0x20,0x08,0xf0,0xfd,0x02,0x40,0x3f,0x7d,0x02,0x1d,0x02,0x11,0x0e,0x1f,
  0x00,0x00,0x00,0x00,0x00,0xd8,0x20,0x10,0xe0,0xf0,0x00,0x00,0x00,0x00,0x00,0x00,
  0x00,0x00,0x00,0x00,0x00,0x00,0x00,0x07,0x00,0xfd,0x02,0x80,0x7f,0xed,0x12,0x6d,
  0x12,0x40,0x3f,0xfd,0x02,0x00,0x00,0x00,0x00,0xf8,0x00,0x08,0xf0,0xb8,0x40,0xb0,
  0x40,0x10,0xe0,0xd8,0x20,0x80,0x7f,0xfd,0x02,0x40,0x3f,0x7d,0x02,0x11,0x0e,0x1f,
  0x00,0x00,0x00,0x00,0x00,0x08,0xf0,0xd8,0x20,0x10,0xe0,0xf0,0x00,0x00,0x00,0x00,
  0x00,0x00,0x00,0x00,0x00,0x00,0x00,0x7f,0x00,0x40,0x3f,0x7d,0x02,0x05,0x02,0x05,
  0x02,0xfd,0x02,0x80,0x7f,0x00,0x00,0xf0,0x00,0x10,0xe0,0xf0,0x00,0x00,0x00,0x00,
  0x00,0xf8,0x00,0x08,0xf0,0xfd,0x02,0x05,0x02,0x05,0x02,0x1d,0x02,0x11,0x0e,0x1f,
  0x00,0x00,0x00,0x00,0x00,0xf8,0x00,0x00,0x00,0x00,0x00,0x00,0x00,0x00,0x00,0x00,
  0x00,0x00,0x00,0x00,0x00,0x00,0x00,0x1d,0x00,0x15,0x08,0xf7,0x08,0x80,0x7f,0xf7,
  0x08,0x15,0x08,0xf7,0x08,0x00,0x00,0xc0,0x00,0x40,0x80,0x78,0x80,0x08,0xf0,0x78,
  0x80,0x40,0x80,0x78,0x80,0x80,0x7f,0xf7,0x08,0x35,0x08,0xed,0x10,0x99,0x60,0xf1,
  0x00,0x00,0x00,0x00,0x00,0x08,0xf0,0x78,0x80,0x40,0x80,0x40,0x80,0x40,0x80,0xc0,
  0x00,0x00,0x00,0x00,0x00,0x00,0x00,0xff,0x00,0x80,0x7f,0xf7,0x08,0x15,0x08,0xf5,
  0x08,0xb5,0x48,0xb5,0x48,0x00,0x00,0xf8,0x00,0x08,0xf0,0x78,0x80,0x40,0x80,0x78,
  0x80,0x68,0x90,0x68,0x90,0xd5,0x28,0x55,0x28,0x75,0x08,0xf7,0x08,0x80,0x7f,0xff,
  0x00,0x00,0x00,0x00,0x00,0x58,0xa0,0x50,0xa0,0x70,0x80,0x78,0x80,0x08,0xf0,0xf8,
  0x00,0x00,0x00,0x00,0x00,0x00,0x00,0x1d,0x00,0x75,0x08,0x57,0x28,0x51,0x2e,0x57,
  0x28,0x57,0x28,0xd1,0x2e,0x00,0x00,0xc0,0x00,0x78,0x80,0x68,0x90,0x58,0xa0,0x38,
  0xc0,0x68,0x90,0x68,0x90,0x8f,0x70,0xff,0x00,0x20,0x1f,0xff,0x00,0x80,0x7f,0xff,
  0x00,0x00,0x00,0x00,0x00,0x88,0x70,0xf8,0x00,0x20,0xc0,0xf8,0x00,0x08,0xf0,0xf8,
  0x00,0x00,0x00,0x00,0x00,0x00,0x00,0x0e,0x00,0x0b,0x04,0xfd,0x02,0x80,0x7f,0xef,
  0x10,0x28,0x10,0x28,0x10,0x00,0x00,0x00,0x00,0x00,0x00,0xf8,0x00,0x08,0xf0,0xf8,
  0x00,0x00,0x00,0x00,0x00,0x28,0x10,0x28,0x10,0x28,0x10,0x2f,0x10,0x20,0x1f,0x3f,
  0x00,0x00,0x00,0x00,0x00,0x00,0x00,0x00,0x00,0x00,0x00,0xf0,0x00,0x10,0xe0,0xf0,
  0x00,0x00,0x00,0x00,0x00,0x00,0x00,0x07,0x00,0xfd,0x02,0x80,0x7f,0xff,0x00,0x35,
  0x08,0xed,0x10,0x97,0x68,0x00,0x00,0x00,0x00,0xf8,0x00,0x08,0xf0,0xf8,0x00,0x60,
  0x80,0xb8,0x40,0x48,0xb0,0xfa,0x05,0x0d,0x02,0x3a,0x05,0xe7,0x18,0x9d,0x60,0xf0,
  0x00,0x00,0x00,0x00,0x00,0xf8,0x00,0x80,0x00,0xe0,0x00,0x38,0xc0,0xc8,0x30,0x78,
  0x00,0x00,0x00,0x00,0x00,0x00,0x00,0x07,0x00,0xfd,0x02,0x80,0x7f,0xef,0x10,0x20,
  0x1f,0xff,0x00,0x80,0x7f,0x00,0x00,0x00,0x00,0xf8,0x00,0x08,0xf0,0xb8,0x40,0x20,
  0xc0,0xf8,0x00,0x08,0xf0,0xbf,0x40,0xf0,0x0f,0x37,0x08,0xed,0x10,0x99,0x60,0xf1,
  0x00,0x00,0x00,0x00,0x00,0xe8,0x10,0x78,0x80,0x78,0x80,0x68,0x90,0x08,0xf0,0xf8,
  0x00,0x00,0x00,0x00,0x00,0x00,0x00,0x07,0x00,0x7d,0x02,0x40,0x3f,0x6f,0x10,0xf7,
  0x08,0x80,0x7f,0xfd,0x02,0x00,0x00,0x00,0x00,0xf0,0x00,0x10,0xe0,0xb0,0x40,0x78,
  0x80,0x08,0xf0,0xf8,0x00,0x80,0x7f,0xfd,0x02,0xed,0x12,0x9d,0x62,0xf9,0x06,0x0f,
  0x00,0x00,0x00,0x00,0x00,0x08,0xf0,0xf8,0x00,0xb8,0x40,0xc8,0x30,0x78,0x00,0x00,
  0x00,0x00,0x00,0x00,0x00,0x00,0x00,0x07,0x00,0x05,0x02,0x05,0x02,0x05,0x02,0x0d,
  0x02,0x0a,0x05,0x1a,0x05,0x00,0x00,0x00,0x00,0x00,0x00,0x00,0x00,0x00,0x00,0x80,
  0x00,0x80,0x00,0xc0,0x00,0x17,0x08,0x35,0x08,0x6d,0x10,0xd8,0x20,0xb0,0x40,0xe0,
  0x00,0x00,0x00,0x00,0x00,0x40,0x80,0x60,0x80,0xb0,0x40,0xd8,0x20,0x68,0x10,0x38,
  0x00,0x00,0x00,0x00,0x00,0x00,0x00,0x1d,0x00,0x15,0x08,0x35,0x08,0x2d,0x10,0x6f,
  0x10,0xc8,0x37,0xaf,0x50,0x00,0x00,0xc0,0x00,0x40,0x80,0x40,0x80,0x40,0x80,0x78,
  0x80,0x08,0xf0,0x78,0x80,0xe9,0x10,0x29,0x10,0x29,0x10,0x29,0x10,0x29,0x10,0x39,
  0x00,0x00,0x00,0x00,0x00,0x40,0x80,0x40,0x80,0x40,0x80,0x40,0x80,0x40,0x80,0xc0,
  0x00,0x00,0x00,0x00,0x00,0x00,0x00,0x3f,0x00,0x28,0x17,0x6b,0x14,0x5a,0x24,0xdb,
  0x24,0x9d,0x62,0xd5,0x22,0x00,0x00,0xf8,0x00,0x08,0xf0,0xe8,0x10,0x28,0x10,0x68,
  0x10,0x58,0x20,0x50,0x20,0x55,0x22,0x56,0x21,0x53,0x20,0x5e,0x21,0x59,0x26,0x7f,
  0x00,0x00,0x00,0x00,0x00,0xd0,0x20,0xb0,0x40,0x60,0x80,0xb8,0x40,0xc8,0x30,0x78,
  0x00,0x00,0x00,0x00,0x00,0x00,0x00,0x3f,0x00,0x2d,0x12,0x6d,0x12,0x5d,0x22,0xd0,
  0x2f,0x9d,0x62,0xd5,0x22,0x00,0x00,0x00,0x00,0x00,0x00,0x00,0x00,0xe0,0x00,0x20,
  0xc0,0xa0,0x40,0xa0,0x40,0x55,0x22,0x5d,0x22,0x5b,0x24,0x5a,0x24,0x56,0x28,0x7c,
  0x00,0x00,0x00,0x00,0x00,0xa0,0x40,0xb8,0x40,0xa8,0x50,0xa8,0x50,0x88,0x70,0xf8,
  0x00,0x00,0x00,0x00,0x00,0x00,0x00,0x07,0x00,0x0d,0x02,0x3a,0x05,0xe7,0x18,0x9f,
  0x60,0xf5,0x02,0x7e,0x01,0x00,0x00,0x00,0x00,0x80,0x00,0xe0,0x00,0x38,0xc0,0xc8,
  0x30,0xf8,0x00,0xf0,0x00,0x40,0x3f,0x7f,0x00,0x03,0x00,0x06,0x01,0x05,0x02,0x07,
  0x00,0x00,0x00,0x00,0x00,0x10,0xe0,0xb0,0x40,0x60,0x80,0xc0,0x00,0x80,0x00,0x00,
  0x00,0x00,0x00,0x00,0x00,0x00,0x00,0x1d,0x00,0x15,0x08,0x15,0x08,0x15,0x08,0x15,
  0x08,0x37,0x08,0x2a,0x15,0x00,0x00,0xc0,0x00,0x40,0x80,0x40,0x80,0x40,0x80,0x40,
  0x80,0x60,0x80,0xa0,0x40,0x2a,0x15,0x6a,0x15,0x5d,0x22,0xdd,0x22,0xbb,0x44,0xee,
  0x00,0x00,0x00,0x00,0x00,0xa0,0x40,0xb0,0x40,0xd0,0x20,0x58,0x20,0x68,0x10,0x38,
  0x00,0x00,0x00,0x00,0x00,0x00,0x00,0x3f,0x00,0x28,0x17,0x6f,0x10,0x59,0x20,0xd1,
  0x20,0x9f,0x60,0xd8,0x27,0x00,0x00,0xf0,0x00,0x10,0xe0,0xd0,0x20,0xb0,0x40,0x60,
  0x80,0x78,0x80,0x08,0xf0,0x5f,0x20,0x51,0x20,0x51,0x20,0x57,0x20,0x54,0x23,0x77,
  0x00,0x00,0x00,0x00,0x00,0x78,0x80,0x40,0x80,0x40,0x80,0x40,0x80,0x40,0x80,0xc0,
  0x00,0x00,0x00,0x00,0x00,0x00,0x00,0x39,0x00,0x2f,0x10,0x6b,0x14,0x5b,0x24,0xda,
  0x25,0x91,0x6e,0xdb,0x24,0x00,0x00,0xc0,0x00,0x40,0x80,0x78,0x80,0x48,0xb0,0x28,
  0xd0,0x68,0x90,0x68,0x90,0x5b,0x24,0x5b,0x24,0x5b,0x24,0x5b,0x24,0x5c,0x23,0x77,
  0x00,0x00,0x00,0x00,0x00,0x48,0xb0,0x78,0x80,0xe8,0x10,0xe8,0x10,0x08,0xf0,0xf8,
  0x00,0x00,0x00,0x00,0x00,0x00,0x00,0x38,0x00,0x28,0x10,0x6f,0x10,0x58,0x27,0xdf,
  0x20,0x9e,0x60,0xdb,0x24,0x00,0x00,0xe0,0x00,0xa0,0x40,0xb8,0x40,0x08,0xf0,0xb8,
  0x40,0xa0,0x40,0xa0,0x40,0x5d,0x22,0x55,0x22,0x57,0x20,0x53,0x20,0x52,0x21,0x73,
  0x00,0x00,0x00,0x00,0x00,0xa0,0x40,0xa0,0x40,0xa0,0x40,0xa0,0x40,0x20,0xc0,0xe0,
  0x00,0x00,0x00,0x00,0x00,0x00,0x00,0x3b,0x00,0x2a,0x11,0x6a,0x11,0x5a,0x21,0xde,
  0x21,0x90,0x6f,0xde,0x21,0x00,0x00,0xe0,0x00,0xb0,0x40,0xd0,0x20,0xf8,0x00,0x08,
  0xf0,0xf8,0x00,0x80,0x00,0x52,0x21,0x53,0x20,0x51,0x20,0x51,0x20,0x50,0x20,0x70,
  0x00,0x00,0x00,0x00,0x00,0xc0,0x00,0x78,0x80,0x68,0x90,0xa8,0x50,0xc8,0x30,0x78,
  0x00,0x00,0x00,0x00,0x00,0x00,0x00,0x07,0x00,0x0d,0x02,0x3a,0x05,0xe7,0x18,0x9f,
  0x60,0xf5,0x02,0x7e,0x01,0x00,0x00,0x00,0x00,0x80,0x00,0xe0,0x00,0x38,0xc0,0xc8,
  0x30,0xf8,0x00,0xf0,0x00,0x40,0x3f,0x7f,0x00,0x13,0x0c,0x1c,0x03,0x07,0x00,0x01,
  0x00,0x00,0x00,0x00,0x00,0x10,0xe0,0xb0,0x40,0x60,0x80,0xe0,0x00,0x20,0xc0,0xe0,
  0x00,0x00,0x00,0x00,0x00,0x00,0x00,0x00,0x00,0x7e,0x00,0x5b,0x24,0x5d,0x22,0x55,
  0x22,0x57,0x20,0x5f,0x20,0x00,0x00,0xe0,0x00,0xa0,0x40,0xa0,0x40,0xa0,0x40,0xa0,
  0x40,0xa0,0x40,0xa0,0x40,0x5b,0x24,0x57,0x28,0x4e,0x31,0x5d,0x22,0x73,0x0c,0x1e,
  0x00,0x00,0x00,0x00,0x00,0x60,0x80,0x60,0x80,0xb0,0x40,0xd8,0x20,0x68,0x10,0x38,
  0x00,0x00,0x00,0x00,0x00,0x00,0x00,0x3f,0x00,0x2b,0x14,0x6d,0x12,0x5f,0x20,0xda,
  0x24,0x9a,0x64,0xda,0x24,0x00,0x00,0xf8,0x00,0x08,0xf0,0xe8,0x10,0x28,0x10,0x28,
  0x10,0x28,0x10,0x28,0x10,0x5a,0x24,0x5a,0x24,0x5a,0x24,0x5a,0x24,0x5a,0x24,0x7e,
  0x00,0x00,0x00,0x00,0x00,0x28,0x10,0x28,0x10,0x28,0x10,0xe8,0x10,0x88,0x70,0xf8,
  0x00,0x00,0x00,0x00,0x00,0x00,0x00,0x3f,0x00,0x2b,0x14,0x6b,0x14,0x58,0x27,0xd7,
  0x28,0x9d,0x60,0xdf,0x20,0x00,0x00,0xc0,0x00,0x40,0x80,0x78,0x80,0x08,0xf0,0x78,
  0x80,0x40,0x80,0x78,0x80,0x50,0x2f,0x5f,0x20,0x51,0x20,0x51,0x20,0x51,0x20,0x71,
  0x00,0x00,0x00,0x00,0x00,0x08,0xf0,0x78,0x80,0x40,0x80,0x40,0x80,0x40,0x80,0xc0,
  0x00,0x00,0x00,0x00,0x00,0x00,0x00,0x39,0x00,0x2b,0x10,0x6e,0x11,0x5d,0x22,0xd3,
  0x2c,0x9d,0x62,0xd5,0x22,0x00,0x00,0xc0,0x00,0x60,0x80,0xb0,0x40,0xd8,0x20,0x68,
  0x10,0x58,0x20,0x50,0x20,0x55,0x22,0x55,0x22,0x55,0x22,0x5d,0x22,0x5b,0x24,0x7e,
  0x00,0x00,0x00,0x00,0x00,0x50,0x20,0x50,0x20,0x50,0x20,0x50,0x20,0x50,0x20,0x70,
  0x00,0x00,0x00,0x00,0x00,0x00,0x00,0x38,0x00,0x2f,0x10,0x68,0x17,0x5f,0x20,0xd1,
  0x20,0x9f,0x60,0xd0,0x2f,0x00,0x00,0xf0,0x00,0x90,0x60,0x70,0x80,0x40,0x80,0x40,
  0x80,0x78,0x80,0x08,0xf0,0x5f,0x20,0x51,0x20,0x51,0x20,0x5f,0x20,0x58,0x27,0x7f,
  0x00,0x00,0x00,0x00,0x00,0x78,0x80,0x40,0x80,0x40,0x80,0x70,0x80,0x10,0xe0,0xf0,
  0x00,0x00,0x00,0x00,0x00,0x00,0x00,0x3f,0x00,0x2d,0x12,0x6d,0x12,0x5b,0x24,0xda,
  0x24,0x97,0x68,0xd8,0x27,0x00,0x00,0xe0,0x00,0xa0,0x40,0xb0,0x40,0xd0,0x20,0x58,
  0x20,0xe8,0x10,0x18,0xe0,0x5d,0x22,0x5d,0x22,0x5b,0x24,0x5b,0x24,0x57,0x28,0x7d,
  0x00,0x00,0x00,0x00,0x00,0xd0,0x20,0x50,0x20,0x50,0x20,0xd0,0x20,0x30,0xc0,0xe0,
  0x00,0x00,0x00,0x00,0x00,0x00,0x00,0x3b,0x00,0x2a,0x11,0x6f,0x10,0x50,0x2f,0xdd,
  0x22,0x95,0x62,0xd4,0x23,0x00,0x00,0x80,0x00,0xc0,0x00,0x78,0x80,0x08,0xf0,0xf8,
  0x00,0xf0,0x00,0x10,0xe0,0x55,0x22,0x5d,0x22,0x5b,0x24,0x5b,0x24,0x57,0x28,0x7d,
  0x00,0x00,0x00,0x00,0x00,0xd0,0x20,0x50,0x20,0x50,0x20,0xd0,0x20,0x30,0xc0,0xe0,
  0x00,0x00,0x00,0x00,0x00,0x00,0x00,0x07,0x00,0x0d,0x02,0x3a,0x05,0xe7,0x18,0x9f,
  0x60,0xfd,0x02,0x2d,0x12,0x00,0x00,0x00,0x00,0x80,0x00,0xe0,0x00,0x38,0xc0,0xc8,
  0x30,0x78,0x00,0xf0,0x00,0x2c,0x13,0x2d,0x12,0x2d,0x12,0xed,0x12,0x80,0x7f,0xff,
  0x00,0x00,0x00,0x00,0x00,0x10,0xe0,0xf0,0x00,0x00,0x00,0xf8,0x00,0x08,0xf0,0xf8,
  0x00,0x00,0x00,0x00,0x00,0x00,0x00,0x1d,0x00,0x15,0x08,0x35,0x08,0x2f,0x10,0x68,
  0x17,0xcf,0x30,0xaa,0x51,0x00,0x00,0xf0,0x00,0x58,0xa0,0x68,0x90,0x78,0x80,0x08,
  0xf0,0x78,0x80,0xa0,0x40,0xea,0x11,0x2e,0x11,0x2d,0x12,0x2d,0x12,0x2b,0x14,0x3e,
  0x00,0x00,0x00,0x00,0x00,0xa0,0x40,0xb0,0x40,0xd0,0x20,0x58,0x20,0x68,0x10,0x38,
  0x00,0x00,0x00,0x00,0x00,0x00,0x00,0x3b,0x00,0x2a,0x11,0x6a,0x11,0x5a,0x21,0xde,
  0x21,0x90,0x6f,0xde,0x21,0x00,0x00,0xe0,0x00,0xb0,0x40,0xd0,0x20,0xf8,0x00,0x08,
  0xf0,0xf8,0x00,0xd0,0x20,0x52,0x21,0x53,0x20,0x57,0x20,0x5c,0x23,0x53,0x2c,0x7e,
  0x00,0x00,0x00,0x00,0x00,0xb0,0x40,0x78,0x80,0x68,0x90,0xa8,0x50,0xc8,0x30,0x78,
  0x00,0x00,0x00,0x00,0x00,0x00,0x00,0x3b,0x00,0x2a,0x11,0x6e,0x11,0x50,0x2f,0xde,
  0x21,0x94,0x63,0xdc,0x23,0x00,0x00,0x80,0x00,0x80,0x00,0xf8,0x00,0x08,0xf0,0xf8,
  0x00,0x40,0x80,0x60,0x80,0x5a,0x25,0x5a,0x25,0x56,0x29,0x4e,0x31,0x5a,0x21,0x73,
  0x00,0x00,0x00,0x00,0x00,0xa0,0x40,0xb0,0x40,0xd8,0x20,0xe8,0x10,0xb8,0x00,0x80,
  0x00,0x00,0x00,0x00,0x00,0x00,0x00,0x07,0x00,0x0d,0x02,0x3a,0x05,0xe7,0x18,0x9d,
  0x60,0xf5,0x08,0x15,0x08,0x00,0x00,0x00,0x00,0x80,0x00,0xe0,0x00,0x38,0xc0,0xc8,
  0x30,0x78,0x80,0x40,0x80,0x37,0x08,0x2a,0x15,0x6a,0x15,0xdd,0x22,0xbb,0x44,0xee,
  0x00,0x00,0x00,0x00,0x00,0x60,0x80,0xa0,0x40,0xb0,0x40,0xd8,0x20,0x68,0x10,0x38,
  0x00,0x00,0x00,0x00,0x00,0x00,0x00,0x3b,0x00,0x2a,0x11,0x6a,0x11,0x5e,0x21,0xd0,
  0x2f,0x9e,0x61,0xd5,0x22,0x00,0x00,0xe0,0x00,0xb0,0x40,0xd0,0x20,0xf8,0x00,0x08,
  0xf0,0xf8,0x00,0x40,0x80,0x55,0x22,0x5d,0x22,0x5b,0x24,0x5b,0x24,0x57,0x28,0x7d,
  0x00,0x00,0x00,0x00,0x00,0x40,0x80,0x78,0x80,0x68,0x90,0x68,0x90,0x08,0xf0,0xf8,
  0x00,0x00,0x00,0x00,0x00,0x00,0x00,0x39,0x00,0x29,0x10,0x6f,0x10,0x5b,0x24,0xdb,
  0x24,0x97,0x68,0xdd,0x20,0x00,0x00,0xc0,0x00,0x40,0x80,0x78,0x80,0x68,0x90,0x68,
  0x90,0x58,0xa0,0x70,0x80,0x53,0x20,0x52,0x21,0x56,0x21,0x5d,0x22,0x53,0x2c,0x7e,
  0x00,0x00,0x00,0x00,0x00,0x60,0x80,0xa0,0x40,0xb0,0x40,0xd8,0x20,0x68,0x10,0x38,
  0x00,0x00,0x00,0x00,0x00,0x00,0x00,0x07,0x00,0x0d,0x02,0x3a,0x05,0xe7,0x18,0x9f,
  0x60,0xe0,0x1f,0x3f,0x00,0x00,0x00,0x00,0x00,0x80,0x00,0xe0,0x00,0x38,0xc0,0xc8,
  0x30,0x38,0xc0,0xe0,0x00,0xff,0x00,0x80,0x7f,0xf7,0x08,0x6f,0x10,0x40,0x3f,0x7f,
  0x00,0x00,0x00,0x00,0x00,0xf8,0x00,0x08,0xf0,0xf8,0x00,0xb0,0x40,0x50,0xa0,0xf0,
  0x00,0x00,0x00,0x00,0x00,0x00,0x00,0x3b,0x00,0x2a,0x11,0x6e,0x11,0x50,0x2f,0xde,
  0x21,0x98,0x67,0xde,0x21,0x00,0x00,0x80,0x00,0x80,0x00,0xf8,0x00,0x08,0xf0,0xf8,
  0x00,0x10,0xe0,0xf8,0x00,0x50,0x2f,0x5e,0x21,0x52,0x21,0x52,0x21,0x52,0x21,0x73,
  0x00,0x00,0x00,0x00,0x00,0x08,0xf0,0xe8,0x10,0xe8,0x10,0x98,0x60,0xf0,0x00,0x80,
  0x00,0x00,0x00,0x00,0x00,0x00,0x00,0x39,0x00,0x2f,0x10,0x68,0x17,0x5e,0x21,0xde,
  0x21,0x90,0x6f,0xdd,0x22,0x00,0x00,0xc0,0x00,0x70,0x80,0x10,0xe0,0xf0,0x00,0xf8,
  0x00,0x08,0xf0,0xf8,0x00,0x58,0x27,0x5f,0x20,0x55,0x22,0x56,0x21,0x53,0x20,0x70,
  0x00,0x00,0x00,0x00,0x00,0x10,0xe0,0xd0,0x20,0xb0,0x40,0x60,0x80,0xa0,0x40,0xe0,
  0x00,0x00,0x00,0x00,0x00,0x00,0x00,0x3f,0x00,0x2d,0x12,0x6c,0x13,0x5b,0x24,0xd6,
  0x29,0x9e,0x61,0xd8,0x27,0x00,0x00,0x00,0x00,0xf8,0x00,0x08,0xf0,0xf8,0x00,0x80,
  0x00,0xf8,0x00,0x08,0xf0,0x5e,0x21,0x56,0x21,0x55,0x22,0x5d,0x22,0x5b,0x24,0x7e,
  0x00,0x00,0x00,0x00,0x00,0xe8,0x10,0xa8,0x10,0xa8,0x10,0xe8,0x10,0x98,0x60,0xf0,
  0x00,0x00,0x00,0x00,0x00,0x00,0x00,0x3f,0x00,0x2b,0x14,0x6d,0x12,0x5f,0x20,0xd0,
  0x2f,0x9e,0x61,0xd2,0x21,0x00,0x00,0xc0,0x00,0x40,0x80,0x40,0x80,0x78,0x80,0x08,
  0xf0,0xe8,0x10,0x68,0x90,0x56,0x21,0x55,0x22,0x5d,0x22,0x5b,0x24,0x56,0x28,0x7c,
  0x00,0x00,0x00,0x00,0x00,0xa8,0x50,0xa8,0x50,0xe8,0x10,0xe8,0x10,0x98,0x60,0xf0,
  0x00,0x00,0x00,0x00,0x00,0x00,0x00,0x39,0x00,0x2f,0x10,0x6b,0x14,0x5d,0x22,0xdf,
  0x20,0x98,0x67,0xdf,0x20,0x00,0x00,0xc0,0x00,0x78,0x80,0x68,0x90,0x58,0xa0,0x78,
  0x80,0x08,0xf0,0x78,0x80,0x5f,0x20,0x50,0x2f,0x5f,0x20,0x51,0x20,0x51,0x20,0x71,
  0x00,0x00,0x00,0x00,0x00,0x78,0x80,0x08,0xf0,0x78,0x80,0x40,0x80,0x40,0x80,0xc0,
  0x00,0x00,0x00,0x00,0x00,0x00,0x00,0x39,0x00,0x29,0x10,0x6f,0x10,0x58,0x27,0xdb,
  0x24,0x9b,0x64,0xd8,0x27,0x00,0x00,0xc0,0x00,0x40,0x80,0x78,0x80,0x08,0xf0,0x68,
  0x90,0x68,0x90,0x08,0xf0,0x5b,0x24,0x5b,0x24,0x58,0x27,0x5f,0x20,0x51,0x20,0x71,
  0x00,0x00,0x00,0x00,0x00,0x68,0x90,0x68,0x90,0x08,0xf0,0x78,0x80,0x40,0x80,0xc0,
  0x00,0x00,0x00,0x00,0x00,0x00,0x00,0x3b,0x00,0x2e,0x11,0x6b,0x14,0x5b,0x24,0xdb,
  0x24,0x9a,0x64,0xdb,0x24,0x00,0x00,0xf0,0x00,0xd0,0x20,0x50,0xa0,0x50,0xa0,0xd0,
  0x20,0xd0,0x20,0xb0,0x40,0x5a,0x25,0x59,0x26,0x5b,0x24,0x5e,0x21,0x55,0x22,0x77,
  0x00,0x00,0x00,0x00,0x00,0xb0,0x40,0x50,0xa0,0x58,0xa0,0xe8,0x10,0xa8,0x10,0x38,
  0x00,0x00,0x00,0x00,0x00,0x00,0x00,0x3f,0x00,0x28,0x17,0x6b,0x14,0x5a,0x24,0xdb,
  0x24,0x98,0x67,0xdb,0x24,0x00,0x00,0xf0,0x00,0x10,0xe0,0xd0,0x20,0x50,0x20,0xd0,
  0x20,0x10,0xe0,0xd0,0x20,0x5a,0x24,0x5b,0x24,0x58,0x27,0x5f,0x20,0x50,0x2f,0x7f,
  0x00,0x00,0x00,0x00,0x00,0x50,0x20,0xd0,0x20,0x10,0xe0,0xf8,0x00,0x08,0xf0,0xf8,
  0x00,0x00,0x00,0x00,0x00,0x00,0x00,0x3b,0x00,0x2a,0x11,0x6f,0x10,0x50,0x2f,0xdf,
  0x20,0x9a,0x64,0xdb,0x24,0x00,0x00,0x80,0x00,0xc0,0x00,0x78,0x80,0x08,0xf0,0xf8,
  0x00,0x50,0x20,0x50,0x20,0x5d,0x22,0x55,0x22,0x55,0x22,0x5f,0x20,0x50,0x2f,0x7f,
  0x00,0x00,0x00,0x00,0x00,0xd0,0x20,0xb0,0x40,0xa0,0x40,0x78,0x80,0x08,0xf0,0xf8,
  0x00,0x00,0x00,0x00,0x00,0x00,0x00,0x38,0x00,0x2f,0x10,0x68,0x17,0x5b,0x24,0xdb,
  0x24,0x9b,0x64,0xd8,0x27,0x00,0x00,0xf0,0x00,0x90,0x60,0x70,0x80,0x40,0x80,0x40,
  0x80,0x78,0x80,0x08,0xf0,0x5b,0x24,0x5b,0x24,0x5b,0x24,0x5a,0x25,0x59,0x26,0x7f,
  0x00,0x00,0x00,0x00,0x00,0x78,0x80,0xb8,0x40,0xa8,0x50,0xc8,0x30,0x68,0x90,0xf8,
  0x00,0x00,0x00,0x00,0x00,0x00,0x00,0x3b,0x00,0x2a,0x11,0x6f,0x10,0x50,0x2f,0xdf,
  0x20,0x91,0x60,0xdf,0x20,0x00,0x00,0x80,0x00,0xc0,0x00,0x78,0x80,0x08,0xf0,0x78,
  0x80,0x40,0x80,0x70,0x80,0x58,0x27,0x5f,0x20,0x51,0x20,0x5f,0x20,0x50,0x2f,0x7f,
  0x00,0x00,0x00,0x00,0x00,0x10,0xe0,0x70,0x80,0x40,0x80,0x78,0x80,0x08,0xf0,0xf8,
  0x00,0x00,0x00,0x00,0x00,0x00,0x00,0x3b,0x00,0x2a,0x11,0x6e,0x11,0x50,0x2f,0xde,
  0x21,0x9c,0x63,0xda,0x25,0x00,0x00,0x80,0x00,0x80,0x00,0xf8,0x00,0x08,0xf0,0xf8,
  0x00,0x60,0x80,0xa0,0x40,0x5a,0x25,0x56,0x29,0x48,0x37,0x5e,0x21,0x52,0x21,0x73,
  0x00,0x00,0x00,0x00,0x00,0xb0,0x40,0xd8,0x20,0x28,0xd0,0xf8,0x00,0x80,0x00,0x80,
  0x00,0x00,0x00,0x00,0x00,0x00,0x00,0x3f,0x00,0x28,0x17,0x6f,0x10,0x5f,0x20,0xd8,
  0x27,0x9b,0x64,0xdb,0x24,0x00,0x00,0xf8,0x00,0x08,0xf0,0xd8,0x20,0xd0,0x20,0x50,
  0xa0,0x50,0xa0,0x50,0xa0,0x5b,0x24,0x58,0x27,0x5f,0x20,0x51,0x20,0x51,0x20,0x71,
  0x00,0x00,0x00,0x00,0x00,0x50,0xa0,0x50,0xa0,0xd0,0x20,0xd0,0x20,0x10,0xe0,0xf0,
  0x00,0x00,0x00,0x00,0x00,0x00,0x00,0x3f,0x00,0x2d,0x12,0x6d,0x12,0x50,0x2f,0xdd,
  0x22,0x90,0x6f,0xd5,0x2a,0x00,0x00,0xe0,0x00,0xa0,0x40,0xb8,0x40,0x08,0xf0,0xa8,
  0x50,0x08,0xf0,0xb8,0x40,0x50,0x2f,0x5d,0x22,0x5d,0x22,0x5b,0x24,0x56,0x28,0x7c,
  0x00,0x00,0x00,0x00,0x00,0x08,0xf0,0xa8,0x50,0xa8,0x50,0x88,0x70,0xb8,0x40,0xe0,
  0x00,0x00,0x00,0x00,0x00,0x00,0x00,0x3f,0x00,0x2d,0x12,0x6d,0x12,0x5c,0x23,0xda,
  0x25,0x96,0x69,0xde,0x21,0x00,0x00,0x00,0x00,0x00,0x00,0xf8,0x00,0x08,0xf0,0xf8,
  0x00,0xf8,0x00,0x08,0xf0,0x52,0x21,0x52,0x21,0x52,0x21,0x52,0x21,0x52,0x21,0x73,
  0x00,0x00,0x00,0x00,0x00,0xf8,0x00,0xf8,0x00,0x08,0xf0,0xf8,0x00,0x80,0x00,0x80,
  0x00,0x00,0x00,0x00,0x00,0x00,0x00,0x3e,0x00,0x2b,0x14,0x68,0x17,0x5b,0x24,0xd7,
  0x28,0x9f,0x60,0xd5,0x22,0x00,0x00,0x00,0x00,0xf8,0x00,0x08,0xf0,0xe8,0x10,0x68,
  0x90,0x78,0x80,0x50,0xa0,0x5d,0x22,0x5b,0x24,0x57,0x28,0x5f,0x20,0x52,0x21,0x73,
  0x00,0x00,0x00,0x00,0x00,0x58,0xa0,0x68,0x90,0x68,0x90,0x78,0x80,0x40,0x80,0xc0,
  0x00,0x00,0x00,0x00,0x00,0x00,0x00,0x39,0x00,0x2f,0x10,0x68,0x17,0x5f,0x20,0xd8,
  0x27,0x9b,0x64,0xdb,0x24,0x00,0x00,0xc0,0x00,0x78,0x80,0x08,0xf0,0x78,0x80,0x08,
  0xf0,0x68,0x90,0x68,0x90,0x58,0x27,0x5d,0x22,0x56,0x21,0x5d,0x22,0x53,0x2c,0x7e,
  0x00,0x00,0x00,0x00,0x00,0x08,0xf0,0x78,0x80,0xc0,0x00,0x78,0x80,0x88,0x70,0xf8,
  0x00,0x00,0x00,0x00,0x00,0x00,0x00,0x39,0x00,0x2f,0x10,0x68,0x17,0x5b,0x24,0xde,
  0x21,0x96,0x61,0xdd,0x22,0x00,0x00,0xc0,0x00,0x78,0x80,0x08,0xf0,0x68,0x90,0xf8,
  0x00,0xf8,0x00,0x68,0x90,0x5b,0x24,0x55,0x2a,0x5d,0x22,0x55,0x22,0x54,0x23,0x77,
  0x00,0x00,0x00,0x00,0x00,0x58,0xa0,0xb0,0x40,0xb0,0x40,0x58,0xa0,0xe8,0x10,0xb8,
  0x00,0x00,0x00,0x00,0x00,0x00,0x00,0x3f,0x00,0x28,0x17,0x6f,0x10,0x58,0x27,0xdf,
  0x20,0x90,0x6f,0xd7,0x28,0x00,0x00,0xf0,0x00,0x10,0xe0,0xd0,0x20,0x10,0xe0,0xd8,
  0x20,0x08,0xf0,0xe8,0x10,0x58,0x27,0x5b,0x24,0x5d,0x22,0x5e,0x21,0x51,0x2e,0x7f,
  0x00,0x00,0x00,0x00,0x00,0x18,0xe0,0xd0,0x20,0xb0,0x40,0x78,0x80,0x88,0x70,0xf8,
  0x00,0x00,0x00,0x00,0x00,0x00,0x00,0x3f,0x00,0x28,0x17,0x6f,0x10,0x58,0x27,0xdb,
  0x24,0x98,0x67,0xdb,0x24,0x00,0x00,0xf8,0x00,0x08,0xf0,0x78,0x80,0x08,0xf0,0x68,
  0x90,0x08,0xf0,0x68,0x90,0x58,0x27,0x5d,0x22,0x56,0x21,0x5d,0x22,0x53,0x2c,0x7e,
  0x00,0x00,0x00,0x00,0x00,0x08,0xf0,0x78,0x80,0xc0,0x00,0x78,0x80,0x88,0x70,0xf8,
  0x00,0x00,0x00,0x00,0x00,0x00,0x00,0x3f,0x00,0x28,0x17,0x6b,0x14,0x5b,0x24,0xd8,
  0x27,0x9f,0x60,0xdf,0x20,0x00,0x00,0xf0,0x00,0x10,0xe0,0xd0,0x20,0xd0,0x20,0x10,
  0xe0,0x70,0x80,0x78,0x80,0x50,0x2f,0x5e,0x21,0x5d,0x22,0x53,0x2c,0x5f,0x20,0x71,
  0x00,0x00,0x00,0x00,0x00,0x08,0xf0,0x38,0xc0,0x58,0xa0,0x68,0x90,0x78,0x80,0xc0,
  0x00,0x00,0x00,0x00,0x00,0x00,0x00,0x3b,0x00,0x2a,0x11,0x6f,0x10,0x50,0x2f,0xdf,
  0x20,0x98,0x67,0xdf,0x20,0x00,0x00,0x80,0x00,0xc0,0x00,0x78,0x80,0x08,0xf0,0xf8,
  0x00,0x10,0xe0,0xf0,0x00,0x58,0x27,0x5f,0x20,0x58,0x27,0x5b,0x24,0x58,0x27,0x7f,
  0x00,0x00,0x00,0x00,0x00,0x10,0xe0,0xf0,0x00,0x10,0xe0,0xd0,0x20,0x10,0xe0,0xf0,
  0x00,0x00,0x00,0x00,0x00,0x00,0x00,0x3f,0x00,0x20,0x1f,0x6d,0x12,0x5b,0x24,0xd6,
  0x29,0x91,0x6e,0xdd,0x22,0x00,0x00,0xf8,0x00,0x68,0x90,0xa8,0x50,0xa8,0x50,0xa8,
  0x50,0x28,0xd0,0xa8,0x50,0x5d,0x22,0x50,0x2f,0x5d,0x22,0x5c,0x23,0x53,0x2c,0x7e,
  0x00,0x00,0x00,0x00,0x00,0xa8,0x50,0x68,0x90,0xe8,0x10,0x68,0x90,0x88,0x70,0xf8,
  0x00,0x00,0x00,0x00,0x00,0x00,0x00,0x3f,0x00,0x2c,0x13,0x6f,0x10,0x50,0x2f,0xd5,
  0x2a,0x94,0x6b,0xd3,0x2c,0x00,0x00,0xf0,0x00,0x10,0xe0,0xd8,0x20,0x08,0xf0,0xf8,
  0x00,0x08,0xf0,0x78,0x80,0x57,0x28,0x50,0x2f,0x56,0x29,0x5d,0x22,0x5b,0x24,0x7e,
  0x00,0x00,0x00,0x00,0x00,0x78,0x80,0x08,0xf0,0xb8,0x40,0xd8,0x20,0x68,0x10,0x38,
  0x00,0x00,0x00,0x00,0x00,0x00,0x00,0x3f,0x00,0x2d,0x12,0x68,0x17,0x5d,0x22,0xdd,
  0x22,0x90,0x6f,0xdf,0x20,0x00,0x00,0xe0,0x00,0xb0,0x40,0x10,0xe0,0xb0,0x40,0xb8,
  0x40,0x08,0xf0,0xf8,0x00,0x58,0x27,0x5b,0x24,0x58,0x27,0x5b,0x24,0x58,0x27,0x7f,
  0x00,0x00,0x00,0x00,0x00,0x10,0xe0,0xd0,0x20,0x10,0xe0,0xd0,0x20,0x10,0xe0,0xf0,
  0x00,0x00,0x00,0x00,0x00,0x00,0x00,0x39,0x00,0x2f,0x10,0x68,0x17,0x5f,0x20,0xd8,
  0x27,0x9b,0x64,0xd8,0x27,0x00,0x00,0xc0,0x00,0x78,0x80,0x08,0xf0,0x78,0x80,0x10,
  0xe0,0xd0,0x20,0x10,0xe0,0x5b,0x24,0x58,0x27,0x5b,0x24,0x5b,0x24,0x50,0x2f,0x7f,
  0x00,0x00,0x00,0x00,0x00,0xd0,0x20,0x10,0xe0,0xd0,0x20,0xd8,0x20,0x08,0xf0,0xf8,
  0x00,0x00,0x00,0x00,0x00,0x00,0x00,0x3f,0x00,0x2b,0x14,0x6b,0x14,0x51,0x2e,0xda,
  0x25,0x9b,0x64,0xdb,0x24,0x00,0x00,0xc0,0x00,0x40,0x80,0x78,0x80,0x08,0xf0,0xd8,
  0x20,0x50,0xa0,0x50,0xa0,0x51,0x2e,0x55,0x2a,0x55,0x2a,0x55,0x2a,0x50,0x2f,0x7f,
  0x00,0x00,0x00,0x00,0x00,0x50,0xa0,0x50,0xa0,0xb0,0x40,0x58,0xa0,0xe8,0x10,0xb8,
  0x00,0x00,0x00,0x00,0x00,0x00,0x00,0x3b,0x00,0x2e,0x11,0x60,0x1f,0x5b,0x24,0xd8,
  0x27,0x9f,0x60,0xd0,0x2f,0x00,0x00,0x80,0x00,0xf8,0x00,0x08,0xf0,0xd8,0x20,0x10,
  0xe0,0xf8,0x00,0x08,0xf0,0x57,0x28,0x58,0x27,0x5f,0x20,0x57,0x20,0x54,0x23,0x77,
  0x00,0x00,0x00,0x00,0x00,0xe8,0x10,0x18,0xe0,0x70,0x80,0x40,0x80,0x40,0x80,0xc0,
  0x00,0x00,0x00,0x00,0x00,0x00,0x00,0x38,0x00,0x2f,0x10,0x62,0x1d,0x5b,0x24,0xd8,
  0x27,0x97,0x68,0xd2,0x2d,0x00,0x00,0xe0,0x00,0xb8,0x40,0x08,0xf0,0xa8,0x50,0x08,
  0xf0,0xa8,0x50,0x08,0xf0,0x5b,0x24,0x5a,0x25,0x53,0x2c,0x59,0x26,0x56,0x29,0x7f,
  0x00,0x00,0x00,0x00,0x00,0xb8,0x40,0x08,0xf0,0xb8,0x40,0xb8,0x40,0x08,0xf0,0xf8,
  0x00,0x00,0x00,0x00,0x00,0x00,0x00,0x3f,0x00,0x2c,0x13,0x6b,0x14,0x50,0x2f,0xdb,
  0x24,0x98,0x67,0xdc,0x23,0x00,0x00,0xe0,0x00,0x20,0xc0,0xb8,0x40,0x08,0xf0,0x68,
  0x90,0x08,0xf0,0x78,0x80,0x53,0x2c,0x5c,0x23,0x53,0x2c,0x5c,0x23,0x53,0x2c,0x7f,
  0x00,0x00,0x00,0x00,0x00,0x28,0xd0,0x98,0x60,0x28,0xd0,0xa8,0x50,0x38,0xc0,0xe0,
  0x00,0x00,0x00,0x00,0x00,0x00,0x00,0x1d,0x00,0x15,0x08,0x15,0x08,0x15,0x08,0x15,
  0x08,0x15,0x08,0x15,0x08,0x00,0x00,0xc0,0x00,0x40,0x80,0x40,0x80,0x40,0x80,0x40,
  0x80,0x40,0x80,0x40,0x80,0x35,0x08,0x2d,0x10,0x69,0x10,0xd9,0x20,0xb1,0x40,0xe1,
  0x00,0x00,0x00,0x00,0x00,0x40,0x80,0x78,0x80,0x68,0x90,0x68,0x90,0x08,0xf0,0xf8,
  0x00,0x00,0x00,0x00,0x00,0x00,0x00,0x07,0x00,0x0d,0x02,0x1b,0x04,0x37,0x08,0x6f,
  0x10,0x40,0x3f,0x77,0x08,0x00,0x00,0x00,0x00,0x00,0x00,0xc0,0x00,0x60,0x80,0xb0,
  0x40,0x10,0xe0,0x50,0xa0,0x15,0x08,0x15,0x08,0x35,0x08,0xed,0x10,0x99,0x60,0xf1,
  0x00,0x00,0x00,0x00,0x00,0x70,0x80,0x78,0x80,0x68,0x90,0x68,0x90,0x08,0xf0,0xf8,
  0x00,0x00,0x00,0x00,0x00,0x00,0x00,0x7f,0x00,0x40,0x3f,0x5f,0x20,0x50,0x20,0x50,
  0x20,0x5f,0x20,0x40,0x3f,0x00,0x00,0xf0,0x00,0x10,0xe0,0xd0,0x20,0x50,0x20,0x50,
  0x20,0xd0,0x20,0x10,0xe0,0x77,0x08,0x15,0x08,0x35,0x08,0xed,0x10,0x99,0x60,0xf1,
  0x00,0x00,0x00,0x00,0x00,0x70,0x80,0x78,0x80,0x68,0x90,0x68,0x90,0x08,0xf0,0xf8,
  0x00,0x00,0x00,0x00,0x00,0x00,0x00,0x07,0x00,0xfd,0x02,0x80,0x7f,0xfb,0x04,0x37,
  0x08,0x6f,0x10,0x40,0x3f,0x00,0x00,0x00,0x00,0xf8,0x00,0x08,0xf0,0xf8,0x00,0x60,
  0x80,0xb0,0x40,0x10,0xe0,0x77,0x08,0x15,0x08,0x35,0x08,0xed,0x10,0x99,0x60,0xf1,
  0x00,0x00,0x00,0x00,0x00,0x50,0xa0,0x70,0x80,0x78,0x80,0x68,0x90,0x08,0xf0,0xf8,
  0x00,0x00,0x00,0x00,0x00,0x00,0x00,0x3f,0x00,0x2d,0x12,0x2d,0x12,0x60,0x1f,0x5d,
  0x22,0xfd,0x02,0x80,0x7f,0x00,0x00,0x00,0x00,0x00,0x00,0xf0,0x00,0x10,0xe0,0xf0,
  0x00,0xf8,0x00,0x08,0xf0,0xf7,0x08,0x15,0x08,0x35,0x08,0xed,0x10,0x99,0x60,0xf1,
  0x00,0x00,0x00,0x00,0x00,0x78,0x80,0x78,0x80,0x68,0x90,0x68,0x90,0x08,0xf0,0xf8,
  0x00,0x00,0x00,0x00,0x00,0x00,0x00,0x07,0x00,0x75,0x02,0x5d,0x22,0x6d,0x12,0x35,
  0x0a,0xfd,0x02,0x80,0x7f,0x00,0x00,0x00,0x00,0x70,0x00,0xd0,0x20,0xb0,0x40,0x60,
  0x80,0xf8,0x00,0x08,0xf0,0xf7,0x08,0x15,0x08,0x35,0x08,0xed,0x10,0x99,0x60,0xf1,
  0x00,0x00,0x00,0x00,0x00,0x78,0x80,0x78,0x80,0x68,0x90,0x68,0x90,0x08,0xf0,0xf8,
  0x00,0x00,0x00,0x00,0x00,0x00,0x00,0x07,0x00,0xfd,0x02,0x80,0x7f,0xfd,0x02,0x40,
  0x3f,0x5f,0x20,0x5f,0x20,0x00,0x00,0x00,0x00,0xf8,0x00,0x08,0xf0,0xf8,0x00,0x10,
  0xe0,0xd0,0x20,0xd0,0x20,0x40,0x3f,0x77,0x08,0x35,0x08,0xed,0x10,0x99,0x60,0xf1,
  0x00,0x00,0x00,0x00,0x00,0x10,0xe0,0x78,0x80,0x68,0x90,0x68,0x90,0x08,0xf0,0xf8,
  0x00,0x00,0x00,0x00,0x00,0x00,0x00,0x38,0x00,0x2f,0x10,0x60,0x1f,0xdf,0x20,0x80,
  0x7f,0xdd,0x22,0x5d,0x22,0x00,0x00,0x00,0x00,0xc0,0x00,0x40,0x80,0x70,0x80,0x10,
  0xe0,0xd0,0x20,0xd0,0x20,0x40,0x3f,0x7a,0x05,0x1a,0x05,0xf6,0x09,0x8e,0x71,0xfb,
  0x00,0x00,0x00,0x00,0x00,0x10,0xe0,0xf8,0x00,0xa8,0x10,0xe8,0x10,0x08,0xf0,0xf8,
  0x00,0x00,0x00,0x00,0x00,0x00,0x00,0x38,0x00,0x2f,0x10,0x60,0x1f,0xdf,0x20,0x80,
  0x7f,0xdd,0x22,0x5d,0x22,0x00,0x00,0x00,0x00,0xc0,0x00,0x40,0x80,0x70,0x80,0x10,
  0xe0,0xd0,0x20,0xd0,0x20,0x40,0x3f,0x7a,0x05,0x1a,0x05,0xf6,0x09,0x8e,0x71,0xfb,
  0x00,0x00,0x00,0x00,0x00,0x10,0xe0,0xf8,0x00,0x68,0x90,0xa8,0x50,0x08,0xf0,0xf8,
  0x00,0x00,0x00,0x00,0x00,0x00,0x00,0x1c,0x00,0x16,0x08,0x1b,0x04,0x0d,0x02,0x0d,
  0x02,0x0a,0x05,0x1a,0x05,0x00,0x00,0x00,0x00,0x00,0x00,0x00,0x00,0x00,0x00,0x80,
  0x00,0x80,0x00,0xc0,0x00,0x17,0x08,0x35,0x08,0x6d,0x10,0xd8,0x20,0xb0,0x40,0xe0,
  0x00,0x00,0x00,0x00,0x00,0x40,0x80,0x60,0x80,0xb0,0x40,0xd8,0x20,0x68,0x10,0x38,
  0x00,0x00,0x00,0x00,0x00,0x00,0x00,0x07,0x00,0x0d,0x02,0x3a,0x05,0xe7,0x18,0x9f,
  0x60,0xe0,0x1f,0x3d,0x02,0x00,0x00,0x00,0x00,0x80,0x00,0xe0,0x00,0x38,0xc0,0xc8,
  0x30,0x38,0xc0,0xe0,0x00,0x7d,0x02,0x40,0x3f,0x7d,0x02,0xfd,0x02,0x80,0x7f,0xff,
  0x00,0x00,0x00,0x00,0x00,0xf0,0x00,0x10,0xe0,0xf0,0x00,0xf8,0x00,0x08,0xf0,0xf8,
  0x00,0x00,0x00,0x00,0x00,0x00,0x00,0x1d,0x00,0x15,0x08,0x35,0x08,0x2d,0x10,0x68,
  0x10,0xde,0x20,0xba,0x44,0x00,0x00,0xc0,0x00,0x40,0x80,0x60,0x80,0xa0,0x40,0xb0,
  0x40,0xd8,0x20,0x68,0x10,0xfa,0x04,0x16,0x08,0x37,0x08,0x6e,0x11,0x41,0x3e,0x7f,
  0x00,0x00,0x00,0x00,0x00,0xf8,0x00,0xa0,0x40,0xb0,0x40,0x50,0xa0,0xd0,0x20,0x70,
  0x00,0x00,0x00,0x00,0x00,0x00,0x00,0x1d,0x00,0x15,0x08,0x77,0x08,0x40,0x3f,0x77,
  0x08,0x15,0x08,0xf7,0x08,0x00,0x00,0xc0,0x00,0x40,0x80,0x70,0x80,0x10,0xe0,0x70,
  0x80,0x40,0x80,0x78,0x80,0x80,0x7f,0xff,0x00,0x35,0x08,0xed,0x10,0x98,0x60,0xf0,
  0x00,0x00,0x00,0x00,0x00,0x08,0xf0,0xf8,0x00,0x60,0x80,0xb8,0x40,0xc8,0x30,0x78,
  0x00,0x00,0x00,0x00,0x00,0x00,0x00,0x38,0x00,0x2d,0x10,0x77,0x08,0x40,0x3f,0x7d,
  0x02,0x05,0x02,0xfd,0x02,0x00,0x00,0xe0,0x00,0xa0,0x40,0x70,0x80,0x10,0xe0,0xf0,
  0x00,0x00,0x00,0xf8,0x00,0x80,0x7f,0xfa,0x05,0x37,0x08,0xed,0x10,0x98,0x60,0xf0,
  0x00,0x00,0x00,0x00,0x00,0x08,0xf0,0xf8,0x00,0x60,0x80,0xb8,0x40,0xc8,0x30,0x78,
  0x00,0x00,0x00,0x00,0x00,0x00,0x00,0x0e,0x00,0x7b,0x04,0x5d,0x22,0x6d,0x12,0x2f,
  0x10,0x39,0x00,0xff,0x00,0x00,0x00,0x70,0x00,0x50,0x20,0xd0,0x20,0xb0,0x40,0xa0,
  0x40,0x60,0x80,0xf8,0x00,0x80,0x7f,0xff,0x00,0x35,0x08,0xed,0x10,0x98,0x60,0xf0,
  0x00,0x00,0x00,0x00,0x00,0x08,0xf0,0xf8,0x00,0x60,0x80,0xb8,0x40,0xc8,0x30,0x78,
  0x00,0x00,0x00,0x00,0x00,0x00,0x00,0x01,0x00,0x3f,0x00,0x20,0x1f,0x2f,0x10,0x20,
  0x1f,0x2f,0x10,0x29,0x10,0x00,0x00,0xe0,0x00,0x20,0xc0,0xe0,0x00,0xf0,0x00,0x10,
  0xe0,0x70,0x80,0x40,0x80,0xef,0x10,0x80,0x7f,0xff,0x00,0xe8,0x10,0x98,0x60,0xf0,
  0x00,0x00,0x00,0x00,0x00,0x78,0x80,0x08,0xf0,0xf8,0x00,0xb8,0x40,0xc8,0x30,0x78,
  0x00,0x00,0x00,0x00,0x00,0x00,0x00,0x38,0x00,0xef,0x10,0x80,0x7f,0xef,0x10,0x20,
  0x1f,0x2f,0x10,0x20,0x1f,0x00,0x00,0xe0,0x00,0xb8,0x40,0x08,0xf0,0xb8,0x40,0x20,
  0xc0,0xa0,0x40,0x20,0xc0,0xef,0x10,0x80,0x7f,0xff,0x00,0xe8,0x10,0x98,0x60,0xf0,
  0x00,0x00,0x00,0x00,0x00,0xb8,0x40,0x08,0xf0,0xf8,0x00,0xb8,0x40,0xc8,0x30,0x78,
  0x00,0x00,0x00,0x00,0x00,0x00,0x00,0x3f,0x00,0x20,0x1f,0x2f,0x10,0x20,0x1f,0x2f,
  0x10,0x20,0x1f,0x2f,0x10,0x00,0x00,0xe0,0x00,0x20,0xc0,0xa0,0x40,0x20,0xc0,0xa0,
  0x40,0x20,0xc0,0xa0,0x40,0x20,0x1f,0xef,0x10,0x80,0x7f,0xef,0x10,0x98,0x60,0xf0,
  0x00,0x00,0x00,0x00,0x00,0x20,0xc0,0xb8,0x40,0x08,0xf0,0xb8,0x40,0xc8,0x30,0x78,
  0x00,0x00,0x00,0x00,0x00,0x00,0x00,0x07,0x00,0x05,0x02,0xfd,0x02,0x80,0x7f,0xbd,
  0x42,0xad,0x42,0xba,0x45,0x00,0x00,0x00,0x00,0x00,0x00,0xf8,0x00,0x08,0xf0,0xe8,
  0x10,0xa8,0x10,0xe8,0x10,0xb7,0x48,0xad,0x50,0xb8,0x40,0xa0,0x40,0xa0,0x40,0xe0,
  0x00,0x00,0x00,0x00,0x00,0x68,0x90,0xa8,0x50,0xe8,0x10,0xe8,0x10,0x88,0x70,0xf8,
  0x00,0x00,0x00,0x00,0x00,0x00,0x00,0xff,0x00,0x80,0x7f,0xfd,0x02,0x40,0x3f,0x5d,
  0x22,0x40,0x3f,0x5d,0x22,0x00,0x00,0xf8,0x00,0x08,0xf0,0xf8,0x00,0x10,0xe0,0xd0,
  0x20,0x10,0xe0,0xd0,0x20,0xdd,0x22,0x80,0x7f,0xdf,0x20,0x51,0x20,0x51,0x20,0x71,
  0x00,0x00,0x00,0x00,0x00,0xd8,0x20,0x08,0xf0,0xd8,0x20,0xd0,0x20,0x10,0xe0,0xf0,
  0x00,0x00,0x00,0x00,0x00,0x00,0x00,0xff,0x00,0x80,0x7f,0xbf,0x40,0xa0,0x5f,0xbf,
  0x40,0xa0,0x5f,0xef,0x10,0x00,0x00,0xf8,0x00,0x08,0xf0,0xe8,0x10,0x28,0xd0,0xe8,
  0x10,0x28,0xd0,0xb8,0x40,0x20,0x1f,0x2f,0x10,0x20,0x1f,0x2f,0x10,0x20,0x1f,0x3f,
  0x00,0x00,0x00,0x00,0x00,0x20,0xc0,0xa0,0x40,0x20,0xc0,0xa0,0x40,0x20,0xc0,0xe0,
  0x00,0x00,0x00,0x00,0x00,0x00,0x00,0xff,0x00,0x80,0x7f,0xbf,0x40,0xb7,0x48,0xf0,
  0x0f,0x2f,0x10,0x20,0x1f,0x00,0x00,0xf8,0x00,0x08,0xf0,0xe8,0x10,0xe8,0x10,0x38,
  0xc0,0xf0,0x00,0x10,0xe0,0x3f,0x00,0xff,0x00,0x80,0x7f,0xff,0x00,0x02,0x01,0x03,
  0x00,0x00,0x00,0x00,0x00,0xd0,0x20,0xd0,0x20,0x50,0xa0,0xd0,0x20,0x30,0xc0,0xe0,
  0x00,0x00,0x00,0x00,0x00,0x00,0x00,0xff,0x00,0x80,0x7f,0xbf,0x40,0xbb,0x44,0xc0,
  0x3f,0x77,0x08,0x6d,0x12,0x00,0x00,0xf8,0x00,0x08,0xf0,0xe8,0x10,0xe8,0x10,0x18,
  0xe0,0xf0,0x00,0xf0,0x00,0x40,0x3f,0xfd,0x02,0x80,0x7f,0xfd,0x02,0x05,0x02,0x07,
  0x00,0x00,0x00,0x00,0x00,0x10,0xe0,0xf8,0x00,0x08,0xf0,0xf8,0x00,0x00,0x00,0x00,
  0x00,0x00,0x00,0x00,0x00,0x00,0x00,0xe3,0x00,0xb2,0x41,0xd2,0x21,0x5e,0x21,0x62,
  0x1d,0x3a,0x05,0x7a,0x05,0x00,0x00,0x80,0x00,0x80,0x00,0xb8,0x00,0xe8,0x10,0x58,
  0xa0,0x50,0xa0,0xb0,0x40,0x5a,0x25,0x56,0x29,0xd6,0x29,0xae,0x51,0xbc,0x43,0xe7,
  0x00,0x00,0x00,0x00,0x00,0xb0,0x40,0xd0,0x20,0xd8,0x20,0xe8,0x10,0xb8,0x00,0x80,
  0x00,0x00,0x00,0x00,0x00,0x00,0x00,0xe1,0x00,0xb1,0x40,0xdf,0x20,0x50,0x2f,0x77,
  0x08,0x15,0x08,0x77,0x08,0x00,0x00,0xc0,0x00,0x40,0x80,0x78,0x80,0x08,0xf0,0x68,
  0x90,0x68,0x90,0x68,0x90,0x50,0x2f,0x5f,0x20,0xd1,0x20,0xb1,0x40,0xa1,0x40,0xe1,
  0x00,0x00,0x00,0x00,0x00,0x08,0xf0,0x78,0x80,0x40,0x80,0x40,0x80,0x40,0x80,0xc0,
  0x00,0x00,0x00,0x00,0x00,0x00,0x00,0xe3,0x00,0xb2,0x41,0xde,0x21,0x58,0x27,0x7e,
  0x01,0x02,0x01,0x7e,0x01,0x00,0x00,0x80,0x00,0x80,0x00,0xf0,0x00,0x10,0xe0,0xd0,
  0x20,0xd0,0x20,0xd8,0x20,0x50,0x2f,0x5e,0x21,0xdd,0x22,0xbb,0x44,0xa6,0x58,0xfc,
  0x00,0x00,0x00,0x00,0x00,0x08,0xf0,0xf8,0x00,0x60,0x80,0xb8,0x40,0xc8,0x30,0x78,
  0x00,0x00,0x00,0x00,0x00,0x00,0x00,0xe3,0x00,0xbe,0x41,0xd0,0x2f,0x5d,0x22,0x7b,
  0x04,0x17,0x08,0x70,0x0f,0x00,0x00,0x80,0x00,0xf8,0x00,0x08,0xf0,0xf8,0x00,0x40,
  0x80,0x78,0x80,0x08,0xf0,0x5f,0x20,0x5b,0x24,0xdb,0x24,0xb7,0x48,0xbe,0x41,0xe3,
  0x00,0x00,0x00,0x00,0x00,0x78,0x80,0x58,0xa0,0x68,0x90,0x68,0x90,0x78,0x80,0xc0,
  0x00,0x00,0x00,0x00,0x00,0x00,0x00,0xff,0x00,0xb0,0x4f,0xdb,0x24,0x5b,0x24,0x78,
  0x07,0x16,0x09,0x76,0x09,0x00,0x00,0xb8,0x00,0xe8,0x10,0xa8,0x50,0xa8,0x50,0xa8,
  0x50,0xa8,0x50,0xa8,0x50,0x5a,0x25,0x5d,0x22,0xdd,0x22,0xbb,0x44,0xb6,0x48,0xfc,
  0x00,0x00,0x00,0x00,0x00,0xa8,0x50,0xa8,0x50,0xe8,0x10,0xe8,0x10,0x88,0x70,0xf8,
  0x00,0x00,0x00,0x00,0x00,0x00,0x00,0xe7,0x00,0xb5,0x42,0xdd,0x22,0x58,0x27,0x73,
  0x0c,0x18,0x07,0x7b,0x04,0x00,0x00,0xc0,0x00,0x60,0x80,0xb8,0x40,0x08,0xf0,0xb8,
  0x40,0x08,0xf0,0xb8,0x40,0x5b,0x24,0x58,0x27,0xdb,0x24,0xbb,0x44,0xa8,0x47,0xef,
  0x00,0x00,0x00,0x00,0x00,0xb8,0x40,0x08,0xf0,0xb8,0x40,0xb8,0x40,0x08,0xf0,0xf8,
  0x00,0x00,0x00,0x00,0x00,0x00,0x00,0xe0,0x00,0xb0,0x40,0xdf,0x20,0x58,0x27,0x7b,
  0x04,0x08,0x07,0x7b,0x04,0x00,0x00,0xf8,0x00,0xa8,0x50,0xa8,0x50,0x08,0xf0,0xb8,
  0x40,0xa8,0x50,0xa8,0x50,0x58,0x27,0x5a,0x25,0xd8,0x27,0xbb,0x44,0xb6,0x49,0xff,
  0x00,0x00,0x00,0x00,0x00,0xa8,0x50,0xd8,0x20,0xd8,0x20,0xa8,0x50,0x68,0x90,0xf8,
  0x00,0x00,0x00,0x00,0x00,0x00,0x00,0xe1,0x00,0xbf,0x40,0xd0,0x2f,0x5a,0x25,0x7a,
  0x05,0x0b,0x04,0x78,0x07,0x00,0x00,0xc0,0x00,0x78,0x80,0x08,0xf0,0xa8,0x50,0x28,
  0xd0,0xe8,0x10,0x08,0xf0,0x5f,0x20,0x50,0x2f,0xdf,0x20,0xbb,0x44,0xb6,0x49,0xff,
  0x00,0x00,0x00,0x00,0x00,0xf8,0x00,0x08,0xf0,0x78,0x80,0x58,0xa0,0x68,0x90,0xf8,
  0x00,0x00,0x00,0x00,0x00,0x00,0x00,0xff,0x00,0xb6,0x49,0xd1,0x2e,0x57,0x28,0x71,
  0x0e,0x1e,0x01,0x31,0x0e,0x00,0x00,0xf8,0x00,0x08,0xf0,0xe8,0x10,0x58,0xa0,0xb8,
  0x40,0x08,0xf0,0xa8,0x50,0x6b,0x14,0x50,0x2f,0xda,0x25,0xb5,0x4a,0xad,0x52,0xff,
  0x00,0x00,0x00,0x00,0x00,0xb8,0x40,0x88,0x70,0xb8,0x40,0x38,0xc0,0xc8,0x30,0x78,
  0x00,0x00,0x00,0x00,0x00,0x00,0x00,0x3f,0x00,0x20,0x1f,0x2f,0x10,0x29,0x10,0x29,
  0x10,0x29,0x10,0x29,0x10,0x00,0x00,0xc0,0x00,0x40,0x80,0x40,0x80,0x40,0x80,0x40,
  0x80,0x40,0x80,0x40,0x80,0x29,0x10,0x69,0x10,0x59,0x20,0xd1,0x20,0xb1,0x40,0xe1,
  0x00,0x00,0x00,0x00,0x00,0x40,0x80,0x78,0x80,0x68,0x90,0x68,0x90,0x08,0xf0,0xf8,
  0x00,0x00,0x00,0x00,0x00,0x00,0x00,0x3f,0x00,0x20,0x1f,0x2f,0x10,0x29,0x10,0x2f,
  0x10,0x2b,0x14,0x2d,0x12,0x00,0x00,0xc0,0x00,0x40,0x80,0x40,0x80,0x40,0x80,0x40,
  0x80,0x40,0x80,0x40,0x80,0x2d,0x12,0x6f,0x10,0x59,0x20,0xd1,0x20,0xb1,0x40,0xe1,
  0x00,0x00,0x00,0x00,0x00,0x40,0x80,0x78,0x80,0x68,0x90,0x68,0x90,0x08,0xf0,0xf8,
  0x00,0x00,0x00,0x00,0x00,0x00,0x00,0x38,0x00,0x2f,0x10,0x68,0x17,0xdf,0x20,0x90,
  0x6f,0xdf,0x20,0x58,0x27,0x00,0x00,0xf0,0x00,0x90,0x60,0x70,0x80,0x78,0x80,0x08,
  0xf0,0x78,0x80,0x10,0xe0,0x7f,0x00,0x20,0x1f,0x2f,0x10,0xe9,0x10,0x99,0x60,0xf1,
  0x00,0x00,0x00,0x00,0x00,0xf0,0x00,0x40,0x80,0x78,0x80,0x68,0x90,0x08,0xf0,0xf8,
  0x00,0x00,0x00,0x00,0x00,0x00,0x00,0x07,0x00,0x75,0x02,0x55,0x22,0x55,0x22,0x5d,
  0x22,0x40,0x3f,0x7d,0x02,0x00,0x00,0x00,0x00,0x70,0x00,0x50,0x20,0x50,0x20,0xd0,
  0x20,0x10,0xe0,0xf0,0x00,0xe5,0x02,0xa5,0x42,0xa5,0x42,0xbd,0x42,0x80,0x7f,0xff,
  0x00,0x00,0x00,0x00,0x00,0x38,0x00,0x28,0x10,0x28,0x10,0xe8,0x10,0x08,0xf0,0xf8,
  0x00,0x00,0x00,0x00,0x00,0x00,0x00,0x07,0x00,0x05,0x02,0x7d,0x02,0x40,0x3f,0x7d,
  0x02,0xfd,0x02,0x80,0x7f,0x00,0x00,0x00,0x00,0x00,0x00,0xf0,0x00,0x10,0xe0,0xf0,
  0x00,0xf8,0x00,0x08,0xf0,0xfd,0x02,0x55,0x22,0x55,0x22,0x5d,0x22,0x40,0x3f,0x7f,
  0x00,0x00,0x00,0x00,0x00,0xf8,0x00,0x50,0x20,0x50,0x20,0xd0,0x20,0x10,0xe0,0xf0,
  0x00,0x00,0x00,0x00,0x00,0x00,0x00,0x1d,0x00,0x15,0x08,0x35,0x08,0x2d,0x10,0x68,
  0x10,0xdf,0x20,0xa0,0x5f,0x00,0x00,0xc0,0x00,0x40,0x80,0x60,0x80,0xa0,0x40,0xb0,
  0x40,0xd8,0x20,0x28,0xd0,0xfb,0x04,0x1a,0x04,0x36,0x08,0xef,0x10,0x9a,0x61,0xf3,
  0x00,0x00,0x00,0x00,0x00,0xb8,0x40,0xa0,0x40,0xa0,0x40,0xa0,0x40,0x60,0x80,0xc0,
  0x00,0x00,0x00,0x00,0x00,0x00,0x00,0x7f,0x00,0x58,0x27,0x5e,0x21,0x5e,0x21,0xc6,
  0x39,0x9e,0x61,0xd2,0x21,0x00,0x00,0xf8,0x00,0x08,0xf0,0xe8,0x10,0xa8,0x10,0xa8,
  0x10,0xa8,0x10,0xa8,0x10,0x5e,0x21,0x56,0x29,0x4d,0x32,0x5d,0x22,0x7b,0x04,0x0e,
  0x00,0x00,0x00,0x00,0x00,0xa8,0x10,0xa8,0x10,0xa8,0x10,0xe8,0x10,0x98,0x60,0xf0,
  0x00,0x00,0x00,0x00,0x00,0x00,0x00,0x3e,0x00,0x2b,0x14,0x2d,0x12,0x2f,0x10,0xe0,
  0x1f,0x8f,0x70,0xed,0x12,0x00,0x00,0x38,0x00,0xe8,0x10,0xa8,0x50,0xa8,0x50,0xa8,
  0x50,0xa8,0x50,0xa8,0x50,0x2b,0x14,0x37,0x08,0x36,0x09,0xea,0x15,0x9c,0x63,0xf7,
  0x00,0x00,0x00,0x00,0x00,0xa8,0x50,0xa8,0x50,0xe8,0x10,0xe8,0x10,0x88,0x70,0xf8,
  0x00,0x00,0x00,0x00,0x00,0x00,0x00,0xff,0x00,0x80,0x7f,0xbe,0x41,0xb6,0x41,0x9c,
  0x63,0xaa,0x55,0xb6,0x49,0x00,0x00,0xb8,0x00,0xe8,0x10,0xa8,0x50,0xa8,0x50,0xa8,
  0x50,0xa8,0x50,0xa8,0x50,0xaa,0x55,0x9c,0x63,0xb6,0x41,0xa6,0x41,0xa4,0x43,0xe7,
  0x00,0x00,0x00,0x00,0x00,0xa8,0x50,0xa8,0x50,0xe8,0x10,0xe8,0x10,0x88,0x70,0xf8,
  0x00,0x00,0x00,0x00,0x00,0x00,0x00,0x1c,0x00,0x36,0x08,0x6b,0x14,0xdd,0x22,0xbe,
  0x41,0xc1,0x3e,0x5d,0x22,0x00,0x00,0x38,0x00,0xe8,0x10,0xa8,0x50,0xa8,0x50,0xa8,
  0x50,0xa8,0x50,0xa8,0x50,0x5d,0x22,0x51,0x2e,0x5f,0x20,0x5e,0x21,0x60,0x1f,0x3f,
  0x00,0x00,0x00,0x00,0x00,0xa8,0x50,0xa8,0x50,0xe8,0x10,0xe8,0x10,0x88,0x70,0xf8,
  0x00,0x00,0x00,0x00,0x00,0x00,0x00,0x0f,0x00,0x79,0x06,0x47,0x38,0x75,0x08,0xf7,
  0x08,0x81,0x7e,0xf7,0x08,0x00,0x00,0x38,0x00,0x28,0x10,0xe8,0x10,0x68,0x90,0x68,
  0x90,0x68,0x90,0x68,0x90,0x27,0x18,0x63,0x1c,0xd5,0x2a,0xb7,0x48,0xf4,0x08,0x1c,
  0x00,0x00,0x00,0x00,0x00,0x68,0x90,0x68,0x90,0xe8,0x10,0xe8,0x10,0x88,0x70,0xf8,
  0x00,0x00,0x00,0x00,0x00,0x00,0x00,0xff,0x00,0x81,0x7e,0xbd,0x42,0xbd,0x42,0x81,
  0x7e,0xef,0x10,0x81,0x7e,0x00,0x00,0x38,0x00,0xe8,0x10,0x68,0x90,0x68,0x90,0x68,
  0x90,0x68,0x90,0x68,0x90,0xed,0x12,0x6d,0x12,0x5d,0x22,0xdd,0x22,0xb3,0x4c,0xfe,
  0x00,0x00,0x00,0x00,0x00,0x68,0x90,0x68,0x90,0xe8,0x10,0xe8,0x10,0x88,0x70,0xf8,
  0x00,0x00,0x00,0x00,0x00,0x00,0x00,0xff,0x00,0x80,0x7f,0xf7,0x08,0x6f,0x10,0xdd,
  0x22,0x82,0x7d,0xf7,0x08,0x00,0x00,0xb8,0x00,0xe8,0x10,0xa8,0x50,0xa8,0x50,0xa8,
  0x50,0xa8,0x50,0xa8,0x50,0xf7,0x08,0x80,0x7f,0xf7,0x08,0xf0,0x0f,0x8f,0x70,0xf8,
  0x00,0x00,0x00,0x00,0x00,0xa8,0x50,0xa8,0x50,0xe8,0x10,0xe8,0x10,0x88,0x70,0xf8,
  0x00,0x00,0x00,0x00,0x00,0x00,0x00,0x7c,0x00,0x57,0x28,0xc0,0x3f,0xb7,0x48,0xf7,
  0x08,0x80,0x7f,0xf7,0x08,0x00,0x00,0x38,0x00,0xe8,0x10,0xa8,0x50,0xa8,0x50,0xa8,
  0x50,0xa8,0x50,0xa8,0x50,0x80,0x7f,0xb6,0x49,0xb6,0x49,0xb4,0x4b,0xf7,0x08,0x1c,
  0x00,0x00,0x00,0x00,0x00,0xa8,0x50,0xa8,0x50,0xe8,0x10,0xe8,0x10,0x88,0x70,0xf8,
  0x00,0x00,0x00,0x00,0x00,0x00,0x00,0x1c,0x00,0xf7,0x08,0x80,0x7f,0xf7,0x08,0x80,
  0x7f,0xb6,0x49,0xb6,0x49,0x00,0x00,0x38,0x00,0xe8,0x10,0xa8,0x50,0xa8,0x50,0xa8,
  0x50,0xa8,0x50,0xa8,0x50,0xb4,0x4b,0xe3,0x1c,0xd5,0x2a,0xb6,0x49,0xf7,0x08,0x1c,
  0x00,0x00,0x00,0x00,0x00,0xa8,0x50,0xa8,0x50,0xe8,0x10,0xe8,0x10,0x88,0x70,0xf8,
  0x00,0x00,0x00,0x00,0x00,0x00,0x00,0x1c,0x00,0xf7,0x08,0x80,0x7f,0xef,0x10,0xdd,
  0x22,0x83,0x7c,0xf7,0x08,0x00,0x00,0x38,0x00,0xe8,0x10,0xa8,0x50,0xa8,0x50,0xa8,
  0x50,0xa8,0x50,0xa8,0x50,0xee,0x11,0x9d,0x62,0xfb,0x04,0xe5,0x1a,0x9e,0x61,0xf3,
  0x00,0x00,0x00,0x00,0x00,0xa8,0x50,0xa8,0x50,0xe8,0x10,0xe8,0x10,0x88,0x70,0xf8,
  0x00,0x00,0x00,0x00,0x00,0x00,0x00,0xff,0x00,0xb6,0x49,0xd5,0x2a,0xf7,0x08,0x80,
  0x7f,0xbe,0x41,0x80,0x7f,0x00,0x00,0xb8,0x00,0xe8,0x10,0xa8,0x50,0xa8,0x50,0xa8,
  0x50,0xa8,0x50,0xa8,0x50,0xbe,0x41,0x80,0x7f,0xbe,0x41,0xa6,0x41,0xa4,0x43,0xe7,
  0x00,0x00,0x00,0x00,0x00,0xa8,0x50,0xa8,0x50,0xe8,0x10,0xe8,0x10,0x88,0x70,0xf8,
  0x00,0x00,0x00,0x00,0x00,0x00,0x00,0x38,0x00,0x2d,0x10,0xf7,0x08,0x80,0x7f,0xff,
  0x00,0x41,0x3e,0x5d,0x22,0x00,0x00,0xe0,0x00,0xa0,0x40,0x78,0x80,0x08,0xf0,0xf8,
  0x00,0x50,0xa0,0x50,0xa0,0x41,0x3e,0x5d,0x22,0x41,0x3e,0x5d,0x22,0x59,0x26,0x7f,
  0x00,0x00,0x00,0x00,0x00,0x50,0xa0,0x50,0xa0,0x50,0xa0,0xd0,0x20,0x90,0x60,0xf0,
  0x00,0x00,0x00,0x00,0x00,0x00,0x00,0x1c,0x00,0x36,0x08,0x6b,0x14,0xdd,0x22,0xbe,
  0x41,0xc1,0x3e,0xfe,0x01,0x00,0x00,0x38,0x00,0xe8,0x10,0xa8,0x50,0xa8,0x50,0xa8,
  0x50,0xa8,0x50,0xa8,0x50,0xae,0x51,0xd5,0x2a,0x55,0x2a,0xf8,0x07,0x87,0x78,0xfc,
  0x00,0x00,0x00,0x00,0x00,0xa8,0x50,0xa8,0x50,0xe8,0x10,0xe8,0x10,0x88,0x70,0xf8,
  0x00,0x00,0x00,0x00,0x00,0x00,0x00,0xff,0x00,0x80,0x7f,0xf7,0x08,0x80,0x7f,0xd5,
  0x2a,0x94,0x6b,0xd5,0x2a,0x00,0x00,0xb8,0x00,0xe8,0x10,0xa8,0x50,0xa8,0x50,0xa8,
  0x50,0xa8,0x50,0xa8,0x50,0x94,0x6b,0xf3,0x0c,0xe5,0x1a,0x96,0x69,0xf7,0x08,0x1c,
  0x00,0x00,0x00,0x00,0x00,0xa8,0x50,0xa8,0x50,0xe8,0x10,0xe8,0x10,0xc8,0x30,0x78,
  0x00,0x00,0x00,0x00,0x00,0x00,0x00,0xff,0x00,0x80,0x7f,0xff,0x00,0x41,0x3e,0x5d,
  0x22,0x41,0x3e,0xff,0x00,0x00,0x00,0xb8,0x00,0xe8,0x10,0xa8,0x50,0xa8,0x50,0xa8,
  0x50,0xa8,0x50,0xa8,0x50,0x80,0x7f,0xb6,0x49,0x80,0x7f,0xb6,0x49,0x80,0x7f,0xff,
  0x00,0x00,0x00,0x00,0x00,0xa8,0x50,0xa8,0x50,0xe8,0x10,0xe8,0x10,0x88,0x70,0xf8,
  0x00,0x00,0x00,0x00,0x00,0x00,0x00,0x07,0x00,0x05,0x02,0x7d,0x02,0x40,0x3f,0x7d,
  0x02,0x05,0x02,0x0d,0x02,0x00,0x00,0x00,0x00,0x00,0x00,0xf8,0x00,0x08,0xf0,0xe8,
  0x10,0x28,0x10,0x28,0x10,0x0b,0x04,0x1a,0x04,0x36,0x08,0xed,0x10,0x99,0x60,0xf1,
  0x00,0x00,0x00,0x00,0x00,0x28,0x10,0x28,0x10,0x28,0x10,0xe8,0x10,0x18,0xe0,0xf0,
  0x00,0x00,0x00,0x00,0x00,0x00,0x00,0x0e,0x00,0x0a,0x04,0x7b,0x04,0x40,0x3f,0x7b,
  0x04,0x5a,0x24,0xda,0x24,0x00,0x00,0x00,0x00,0x00,0x00,0xe0,0x00,0x20,0xc0,0xb0,
  0x40,0x98,0x60,0xa8,0x50,0xba,0x44,0xf6,0x08,0x34,0x08,0xef,0x10,0x9a,0x61,0xf3,
  0x00,0x00,0x00,0x00,0x00,0xa8,0x50,0xb8,0x40,0xa0,0x40,0xa0,0x40,0x60,0x80,0xc0,
  0x00,0x00,0x00,0x00,0x00,0x00,0x00,0x03,0x00,0xfe,0x01,0x86,0x79,0xe8,0x17,0x2e,
  0x11,0x2a,0x11,0x2a,0x11,0x00,0x00,0x80,0x00,0x80,0x00,0xf8,0x00,0x08,0xf0,0xe8,
  0x10,0xa8,0x10,0xa8,0x10,0x2e,0x11,0xe6,0x19,0x9d,0x62,0xfd,0x02,0x0b,0x04,0x0e,
  0x00,0x00,0x00,0x00,0x00,0xa8,0x10,0xa8,0x10,0xa8,0x10,0xe8,0x10,0x98,0x60,0xf0,
  0x00,0x00,0x00,0x00,0x00,0x00,0x00,0x38,0x00,0x29,0x10,0xef,0x10,0x81,0x7e,0xed,
  0x12,0x2d,0x12,0x2d,0x12,0x00,0x00,0x00,0x00,0xf8,0x00,0x08,0xf0,0x68,0x90,0x68,
  0x90,0x68,0x90,0x68,0x90,0x2d,0x12,0x6d,0x12,0x5d,0x22,0xdd,0x22,0xb3,0x4c,0xff,
  0x00,0x00,0x00,0x00,0x00,0x68,0x90,0x68,0x90,0x68,0x90,0x68,0x90,0x08,0xf0,0xf8,
  0x00,0x00,0x00,0x00,0x00,0x00,0x00,0x1c,0x00,0x17,0x08,0x30,0x0f,0xef,0x10,0x97,
  0x68,0xf8,0x07,0x87,0x78,0x00,0x00,0x00,0x00,0xe0,0x00,0x20,0xc0,0xa0,0x40,0x60,
  0x80,0xf8,0x00,0x08,0xf0,0xfb,0x04,0x40,0x3f,0x7b,0x04,0xf7,0x08,0x8d,0x70,0xf9,
  0x00,0x00,0x00,0x00,0x00,0xf8,0x00,0x10,0xe0,0xd0,0x20,0xd0,0x20,0x30,0xc0,0xe0,
  0x00,0x00,0x00,0x00,0x00,0x00,0x00,0x01,0x00,0x7f,0x00,0x43,0x3c,0x7c,0x03,0xff,
  0x00,0x83,0x7c,0xef,0x10,0x00,0x00,0xc0,0x00,0x40,0x80,0x78,0x80,0x08,0xf0,0x68,
  0x90,0x68,0x90,0x68,0x90,0x5f,0x20,0xdb,0x24,0xb2,0x4d,0x8a,0x75,0xfd,0x02,0x07,
  0x00,0x00,0x00,0x00,0x00,0x68,0x90,0x68,0x90,0xe8,0x10,0xe8,0x10,0x98,0x60,0xf0,
  0x00,0x00,0x00,0x00,0x00,0x00,0x00,0x7f,0x00,0x43,0x3c,0x5b,0x24,0x58,0x27,0x43,
  0x3c,0x5b,0x24,0x5b,0x24,0x00,0x00,0xc0,0x00,0x40,0x80,0x78,0x80,0x08,0xf0,0x68,
  0x90,0x68,0x90,0x68,0x90,0x43,0x3c,0x5b,0x24,0xd8,0x27,0x86,0x79,0xfd,0x02,0x07,
  0x00,0x00,0x00,0x00,0x00,0x68,0x90,0x68,0x90,0xe8,0x10,0xe8,0x10,0x98,0x60,0xf0,
  0x00,0x00,0x00,0x00,0x00,0x00,0x00,0x38,0x00,0xef,0x10,0x82,0x7d,0xea,0x15,0x5b,
  0x24,0xe7,0x18,0x9a,0x65,0x00,0x00,0x00,0x00,0xf8,0x00,0x08,0xf0,0xe8,0x10,0x58,
  0xa0,0xb8,0x40,0x48,0xb0,0xfd,0x02,0x80,0x7f,0xfb,0x04,0xe7,0x18,0x9d,0x60,0xf1,
  0x00,0x00,0x00,0x00,0x00,0xf8,0x00,0x08,0xf0,0xe8,0x10,0xe8,0x10,0x18,0xe0,0xf0,
  0x00,0x00,0x00,0x00,0x00,0x00,0x00,0xff,0x00,0x81,0x7e,0xbf,0x40,0x82,0x7d,0xaf,
  0x50,0xaf,0x50,0xa1,0x5e,0x00,0x00,0xc0,0x00,0x40,0x80,0x78,0x80,0x08,0xf0,0x68,
  0x90,0x68,0x90,0x68,0x90,0xad,0x52,0xad,0x52,0xad,0x52,0xac,0x53,0xd9,0x26,0x7f,
  0x00,0x00,0x00,0x00,0x00,0x68,0x90,0x68,0x90,0x68,0x90,0xe8,0x10,0x98,0x60,0xf0,
  0x00,0x00,0x00,0x00,0x00,0x00,0x00,0x1d,0x00,0xf7,0x08,0x80,0x7f,0xf7,0x08,0x80,
  0x7f,0xbf,0x40,0xfb,0x04,0x00,0x00,0xc0,0x00,0x78,0x80,0x08,0xf0,0x78,0x80,0x08,
  0xf0,0xe8,0x10,0xf8,0x00,0x40,0x3f,0x7b,0x04,0x1a,0x04,0xf7,0x08,0x8d,0x70,0xf9,
  0x00,0x00,0x00,0x00,0x00,0x10,0xe0,0xd0,0x20,0x50,0x20,0xd0,0x20,0x30,0xc0,0xe0,
  0x00,0x00,0x00,0x00,0x00,0x00,0x00,0x39,0x00,0xef,0x10,0x82,0x7d,0xef,0x10,0xe5,
  0x1a,0x8e,0x71,0xed,0x12,0x00,0x00,0xc0,0x00,0x70,0x80,0x10,0xe0,0x50,0xa0,0x50,
  0xa0,0xd8,0x20,0x68,0x90,0xdd,0x22,0x80,0x7f,0xfb,0x04,0x77,0x08,0x4d,0x30,0x79,
  0x00,0x00,0x00,0x00,0x00,0xe8,0x10,0x18,0xe0,0xd0,0x20,0xd0,0x20,0x30,0xc0,0xe0,
  0x00,0x00,0x00,0x00,0x00,0x00,0x00,0x7f,0x00,0x40,0x3f,0x7b,0x04,0x40,0x3f,0x5d,
  0x22,0x40,0x3f,0x5d,0x22,0x00,0x00,0xe0,0x00,0x20,0xc0,0x70,0x80,0x10,0xe0,0xd0,
  0x20,0x10,0xe0,0xd0,0x20,0xdd,0x22,0x80,0x7f,0xfb,0x04,0xe7,0x18,0x9d,0x60,0xf1,
  0x00,0x00,0x00,0x00,0x00,0xd8,0x20,0x08,0xf0,0xe8,0x10,0xe8,0x10,0x18,0xe0,0xf0,
  0x00,0x00,0x00,0x00,0x00,0x00,0x00,0x38,0x00,0x2e,0x10,0x63,0x1c,0xda,0x25,0x81,
  0x7e,0xd5,0x2a,0x55,0x2a,0x00,0x00,0xe0,0x00,0xa0,0x40,0xb8,0x40,0x08,0xf0,0xa8,
  0x50,0xa8,0x50,0xa8,0x50,0x41,0x3e,0x6b,0x14,0x6a,0x15,0xdb,0x24,0xb8,0x47,0xef,
  0x00,0x00,0x00,0x00,0x00,0x68,0x90,0x68,0x90,0xc8,0x30,0xf8,0x00,0x08,0xf0,0xf8,
  0x00,0x00,0x00,0x00,0x00,0x00,0x00,0x7f,0x00,0xdb,0x24,0x81,0x7e,0xda,0x25,0x81,
  0x7e,0xb5,0x4a,0x81,0x7e,0x00,0x00,0xc0,0x00,0x40,0x80,0x78,0x80,0x08,0xf0,0x68,
  0x90,0x68,0x90,0x68,0x90,0xf7,0x08,0x81,0x7e,0xf7,0x08,0xf1,0x0e,0x8e,0x71,0xfb,
  0x00,0x00,0x00,0x00,0x00,0x68,0x90,0x68,0x90,0x68,0x90,0x68,0x90,0xc8,0x30,0xf8,
  0x00,0x00,0x00,0x00,0x00,0x00,0x00,0x38,0x00,0x2f,0x10,0x20,0x1f,0x6f,0x10,0xda,
  0x24,0xba,0x44,0xf7,0x08,0x00,0x00,0x00,0x00,0xf8,0x00,0x08,0xf0,0xe8,0x10,0x28,
  0x10,0x28,0x10,0xe8,0x10,0x35,0x08,0x6f,0x10,0x40,0x3f,0x7f,0x00,0x00,0x00,0x00,
  0x00,0x00,0x00,0x00,0x00,0x68,0x90,0x68,0x90,0xa8,0x50,0xe8,0x10,0x98,0x60,0xf0,
  0x00,0x00,0x00,0x00,0x00,0x00,0x00,0xff,0x00,0x82,0x7d,0xba,0x45,0x82,0x7d,0xba,
  0x45,0x82,0x7d,0xfe,0x01,0x00,0x00,0x80,0x00,0x80,0x00,0xb8,0x00,0xe8,0x10,0xd8,
  0x20,0x30,0xc0,0xf8,0x00,0x82,0x7d,0xee,0x11,0xa3,0x5c,0x8f,0x70,0xb0,0x4f,0xff,
  0x00,0x00,0x00,0x00,0x00,0xa8,0x10,0xe8,0x10,0x08,0xf0,0xf8,0x00,0x08,0xf0,0xf8,
  0x00,0x00,0x00,0x00,0x00,0x00,0x00,0xff,0x00,0x80,0x7f,0xbf,0x40,0xbf,0x40,0xb0,
  0x4f,0xb7,0x48,0xb7,0x48,0x00,0x00,0xf8,0x00,0x08,0xf0,0xf8,0x00,0x20,0xc0,0xe0,
  0x00,0x80,0x00,0xf0,0x00,0xb0,0x4f,0xb7,0x48,0xb5,0x48,0xaf,0x50,0x80,0x7f,0xff,
  0x00,0x00,0x00,0x00,0x00,0x10,0xe0,0x70,0x80,0x40,0x80,0x78,0x80,0x08,0xf0,0xf8,
  0x00,0x00,0x00,0x00,0x00,0x00,0x00,0xff,0x00,0x80,0x7f,0xbf,0x40,0xb6,0x48,0xbb,
  0x44,0xad,0x42,0xa6,0x41,0x00,0x00,0xf8,0x00,0x08,0xf0,0xf8,0x00,0xd0,0x20,0xb0,
  0x40,0x60,0x80,0xc0,0x00,0xad,0x42,0xbb,0x44,0xb6,0x48,0xbf,0x40,0x80,0x7f,0xff,
  0x00,0x00,0x00,0x00,0x00,0x60,0x80,0xb0,0x40,0xd0,0x20,0xf8,0x00,0x08,0xf0,0xf8,
  0x00,0x00,0x00,0x00,0x00,0x00,0x00,0xff,0x00,0x80,0x7f,0xbb,0x44,0xa0,0x5f,0xbb,
  0x44,0xbd,0x42,0xa0,0x5f,0x00,0x00,0xf8,0x00,0x08,0xf0,0xb8,0x40,0x08,0xf0,0xb8,
  0x40,0xf8,0x00,0x08,0xf0,0xbb,0x44,0xb0,0x4f,0xab,0x54,0xbb,0x44,0x80,0x7f,0xff,
  0x00,0x00,0x00,0x00,0x00,0xf8,0x00,0x10,0xe0,0xd0,0x20,0xd8,0x20,0x08,0xf0,0xf8,
  0x00,0x00,0x00,0x00,0x00,0x00,0x00,0x07,0x00,0x05,0x02,0x05,0x02,0x05,0x02,0xfd,
  0x02,0x80,0x7f,0xfd,0x02,0x00,0x00,0x00,0x00,0x00,0x00,0x00,0x00,0x00,0x00,0xf8,
  0x00,0x08,0xf0,0xf8,0x00,0x05,0x02,0x05,0x02,0x05,0x02,0x05,0x02,0x05,0x02,0x07,
  0x00,0x00,0x00,0x00,0x00,0x00,0x00,0x00,0x00,0x00,0x00,0x00,0x00,0x00,0x00,0x00,
  0x00,0x00,0x00,0x00,0x00,0x00,0x00,0x03,0x00,0x7e,0x01,0x41,0x3e,0x7d,0x02,0x05,
  0x02,0xfd,0x02,0x80,0x7f,0x00,0x00,0xf0,0x00,0x10,0xe0,0xf0,0x00,0x00,0x00,0x00,
  0x00,0xf8,0x00,0x08,0xf0,0xfd,0x02,0x05,0x02,0x05,0x02,0x05,0x02,0x05,0x02,0x07,
  0x00,0x00,0x00,0x00,0x00,0xf8,0x00,0x00,0x00,0x00,0x00,0x00,0x00,0x00,0x00,0x00,
  0x00,0x00,0x00,0x00,0x00,0x00,0x00,0x0f,0x00,0x79,0x06,0x47,0x38,0x74,0x08,0x14,
  0x08,0xf7,0x08,0x80,0x7f,0x00,0x00,0xe0,0x00,0xa0,0x40,0xa0,0x40,0xa0,0x40,0xa0,
  0x40,0xb8,0x40,0x08,0xf0,0xf7,0x08,0x14,0x08,0x34,0x08,0xec,0x10,0x98,0x60,0xf0,
  0x00,0x00,0x00,0x00,0x00,0xb8,0x40,0xa0,0x40,0xa0,0x40,0xa0,0x40,0xa0,0x40,0xe0,
  0x00,0x00,0x00,0x00,0x00,0x00,0x00,0x70,0x00,0x5f,0x20,0x40,0x3f,0xdd,0x22,0xb5,
  0x42,0xfd,0x02,0x80,0x7f,0x00,0x00,0x00,0x00,0xf0,0x00,0x10,0xe0,0xf0,0x00,0x00,
  0x00,0xf8,0x00,0x08,0xf0,0xfd,0x02,0x05,0x02,0x05,0x02,0x05,0x02,0x05,0x02,0x07,
  0x00,0x00,0x00,0x00,0x00,0xf8,0x00,0x00,0x00,0x00,0x00,0x00,0x00,0x00,0x00,0x00,
  0x00,0x00,0x00,0x00,0x00,0x00,0x00,0x07,0x00,0x75,0x02,0x5d,0x22,0x6d,0x12,0x7d,
  0x02,0x40,0x3f,0x7d,0x02,0x00,0x00,0x00,0x00,0x70,0x00,0xd0,0x20,0xb0,0x40,0xf0,
  0x00,0x10,0xe0,0xf0,0x00,0xfd,0x02,0x80,0x7f,0xfd,0x02,0x05,0x02,0x05,0x02,0x07,
  0x00,0x00,0x00,0x00,0x00,0xf8,0x00,0x08,0xf0,0xf8,0x00,0x00,0x00,0x00,0x00,0x00,
  0x00,0x00,0x00,0x00,0x00,0x00,0x00,0x1f,0x00,0x36,0x09,0x6e,0x11,0xce,0x31,0xa8,
  0x57,0xee,0x11,0x2f,0x10,0x00,0x00,0x80,0x00,0xf8,0x00,0xc8,0x30,0x38,0xc0,0xf8,
  0x00,0xe8,0x10,0x08,0xf0,0xfd,0x02,0x80,0x7f,0xfd,0x02,0x05,0x02,0x05,0x02,0x07,
  0x00,0x00,0x00,0x00,0x00,0xf8,0x00,0x08,0xf0,0xf8,0x00,0x00,0x00,0x00,0x00,0x00,
  0x00,0x00,0x00,0x00,0x00,0x00,0x00,0x07,0x00,0x05,0x02,0x04,0x03,0x7d,0x02,0x40,
  0x3f,0x5f,0x20,0x40,0x3f,0x00,0x00,0x00,0x00,0xf8,0x00,0x08,0xf0,0xf8,0x00,0x10,
  0xe0,0xd0,0x20,0x10,0xe0,0x5f,0x20,0x40,0x3f,0xfd,0x02,0x80,0x7f,0xfd,0x02,0x07,
  0x00,0x00,0x00,0x00,0x00,0xd0,0x20,0x10,0xe0,0xf8,0x00,0x08,0xf0,0xf8,0x00,0x00,
  0x00,0x00,0x00,0x00,0x00,0x00,0x00,0x07,0x00,0x7d,0x02,0x40,0x3f,0xfd,0x02,0x80,
  0x7f,0xf6,0x09,0x5a,0x25,0x00,0x00,0x00,0x00,0xf0,0x00,0x10,0xe0,0xf8,0x00,0x08,
  0xf0,0xe8,0x10,0xd8,0x20,0xee,0x11,0x80,0x7f,0xfd,0x02,0xf3,0x0c,0x8e,0x70,0xf8,
  0x00,0x00,0x00,0x00,0x00,0xf8,0x00,0x08,0xf0,0x78,0x80,0xb8,0x40,0xc8,0x30,0x78,
  0x00,0x00,0x00,0x00,0x00,0x00,0x00,0x0e,0x00,0x0a,0x04,0x0a,0x04,0x0a,0x04,0x0b,
  0x04,0x09,0x06,0x0a,0x05,0x00,0x00,0x00,0x00,0x00,0x00,0x00,0x00,0x00,0x00,0x00,
  0x00,0xc0,0x00,0x70,0x80,0x0b,0x04,0x0a,0x04,0x0a,0x04,0x0a,0x04,0x0a,0x04,0x0e,
  0x00,0x00,0x00,0x00,0x00,0x90,0x60,0xf0,0x00,0x00,0x00,0x00,0x00,0x00,0x00,0x00,
  0x00,0x00,0x00,0x00,0x00,0x00,0x00,0x07,0x00,0x05,0x02,0x05,0x02,0x04,0x03,0x05,
  0x02,0x05,0x02,0x7d,0x02,0x00,0x00,0x00,0x00,0x00,0x00,0xf8,0x00,0x08,0xf0,0xf8,
  0x00,0x00,0x00,0xf0,0x00,0x40,0x3f,0x5f,0x20,0x50,0x20,0x5f,0x20,0x40,0x3f,0x7f,
  0x00,0x00,0x00,0x00,0x00,0x10,0xe0,0xd0,0x20,0x50,0x20,0xd0,0x20,0x10,0xe0,0xf0,
  0x00,0x00,0x00,0x00,0x00,0x00,0x00,0x07,0x00,0x05,0x02,0x05,0x02,0x04,0x03,0x05,
  0x02,0xfd,0x02,0x80,0x7f,0x00,0x00,0x00,0x00,0x00,0x00,0xf0,0x00,0x10,0xe0,0xf0,
  0x00,0xf8,0x00,0x08,0xf0,0xfd,0x02,0x05,0x02,0x05,0x02,0x05,0x02,0x05,0x02,0x07,
  0x00,0x00,0x00,0x00,0x00,0xf8,0x00,0x60,0x80,0xb0,0x40,0xd0,0x20,0x70,0x00,0x00,
  0x00,0x00,0x00,0x00,0x00,0x00,0x00,0x07,0x00,0x05,0x02,0x04,0x03,0x7d,0x02,0x40,
  0x3f,0x5f,0x20,0x5f,0x20,0x00,0x00,0x00,0x00,0xf8,0x00,0x08,0xf0,0xf8,0x00,0x10,
  0xe0,0xd0,0x20,0xd0,0x20,0x40,0x3f,0x5f,0x20,0x50,0x20,0xd0,0x20,0xb0,0x40,0xe0,
  0x00,0x00,0x00,0x00,0x00,0x10,0xe0,0xf0,0x00,0x00,0x00,0x00,0x00,0x00,0x00,0x00,
  0x00,0x00,0x00,0x00,0x00,0x00,0x00,0x1c,0x00,0x77,0x08,0x41,0x3e,0x77,0x08,0xf7,
  0x08,0x80,0x7f,0xff,0x00,0x00,0x00,0xe0,0x00,0xa0,0x40,0xa0,0x40,0xa0,0x40,0xb0,
  0x40,0x98,0x60,0xa8,0x50,0x77,0x08,0x41,0x3e,0x77,0x08,0xf0,0x0f,0x8f,0x70,0xf8,
  0x00,0x00,0x00,0x00,0x00,0xb8,0x40,0xa0,0x40,0xa0,0x40,0xa0,0x40,0xa0,0x40,0xe0,
  0x00,0x00,0x00,0x00,0x00,0x00,0x00,0x7f,0x00,0x40,0x3f,0x7b,0x04,0x0a,0x04,0x0a,
  0x04,0x0a,0x04,0x0b,0x04,0x00,0x00,0xf0,0x00,0x10,0xe0,0xd0,0x20,0x50,0x20,0x50,
  0x20,0x50,0x20,0xd0,0x20,0x0b,0x04,0x0b,0x04,0x0a,0x04,0xfb,0x04,0x80,0x7f,0xff,
  0x00,0x00,0x00,0x00,0x00,0x10,0xe0,0xf0,0x00,0x00,0x00,0xf8,0x00,0x08,0xf0,0xf8,
  0x00,0x00,0x00,0x00,0x00,0x00,0x00,0x1e,0x00,0xf3,0x0c,0x8e,0x71,0xba,0x41,0xbe,
  0x41,0x82,0x7d,0xbe,0x41,0x00,0x00,0x00,0x00,0xf8,0x00,0x08,0xf0,0xe8,0x10,0xa8,
  0x10,0xa8,0x10,0xa8,0x10,0xbe,0x41,0xb2,0x4d,0x8e,0x71,0xfa,0x01,0x02,0x01,0x03,
  0x00,0x00,0x00,0x00,0x00,0xa8,0x10,0xe8,0x10,0x88,0x70,0xf8,0x00,0x80,0x00,0x80,
  0x00,0x00,0x00,0x00,0x00,0x00,0x00,0x1c,0x00,0x17,0x08,0x30,0x0f,0x6f,0x10,0xc0,
  0x3f,0xaf,0x50,0xe8,0x17,0x00,0x00,0x00,0x00,0xc0,0x00,0x40,0x80,0x78,0x80,0x08,
  0xf0,0xf8,0x00,0x20,0xc0,0x2b,0x14,0x6b,0x14,0x5b,0x24,0xdb,0x24,0xbc,0x43,0xe7,
  0x00,0x00,0x00,0x00,0x00,0xa0,0x40,0x20,0xc0,0xf8,0x00,0xe8,0x10,0x08,0xf0,0xf8,
  0x00,0x00,0x00,0x00,0x00,0x00,0x00,0xff,0x00,0x82,0x7d,0xba,0x45,0xba,0x45,0x82,
  0x7d,0xba,0x45,0xba,0x45,0x00,0x00,0xf8,0x00,0x08,0xf0,0xe8,0x10,0xa8,0x10,0xa8,
  0x10,0xa8,0x10,0xa8,0x10,0x82,0x7d,0xb6,0x49,0xb6,0x49,0xaa,0x55,0x9a,0x65,0xff,
  0x00,0x00,0x00,0x00,0x00,0xa8,0x10,0xa8,0x10,0xe8,0x10,0x88,0x70,0xf8,0x00,0x80,
  0x00,0x00,0x00,0x00,0x00,0x00,0x00,0x1c,0x00,0x15,0x08,0x77,0x08,0x41,0x3e,0x77,
  0x08,0xf7,0x08,0x81,0x7e,0x00,0x00,0x00,0x00,0xf8,0x00,0x08,0xf0,0x68,0x90,0x68,
  0x90,0x68,0x90,0x68,0x90,0xef,0x10,0x5b,0x24,0xdb,0x24,0xb5,0x4a,0x8d,0x72,0xff,
  0x00,0x00,0x00,0x00,0x00,0x68,0x90,0x68,0x90,0x48,0xb0,0x78,0x80,0x40,0x80,0xc0,
  0x00,0x00,0x00,0x00,0x00,0x00,0x00,0x7f,0x00,0x40,0x3f,0x5f,0x20,0x5f,0x20,0x50,
  0x2f,0x5f,0x20,0x51,0x20,0x00,0x00,0xf8,0x00,0x08,0xf0,0xf8,0x00,0xf8,0x00,0x08,
  0xf0,0x78,0x80,0x40,0x80,0x51,0x20,0x51,0x20,0x51,0x20,0xd7,0x20,0xb4,0x43,0xe7,
  0x00,0x00,0x00,0x00,0x00,0x40,0x80,0x40,0x80,0x40,0x80,0x40,0x80,0x40,0x80,0xc0,
  0x00,0x00,0x00,0x00,0x00,0x00,0x00,0x7f,0x00,0x40,0x3f,0x5f,0x20,0x52,0x21,0x5e,
  0x21,0x50,0x2f,0x5e,0x21,0x00,0x00,0xf8,0x00,0x08,0xf0,0xf8,0x00,0x80,0x00,0xf8,
  0x00,0x08,0xf0,0xe8,0x10,0x56,0x21,0x55,0x22,0x5d,0x22,0xdb,0x24,0xa6,0x58,0xfc,
  0x00,0x00,0x00,0x00,0x00,0xa8,0x10,0xa8,0x10,0x28,0x10,0xe8,0x10,0x98,0x60,0xf0,
  0x00,0x00,0x00,0x00,0x00,0x00,0x00,0x7f,0x00,0x40,0x3f,0x5f,0x20,0x52,0x21,0x52,
  0x21,0x5e,0x21,0x40,0x3f,0x00,0x00,0xf8,0x00,0x08,0xf0,0xf8,0x00,0xb0,0x40,0xd0,
  0x20,0xf8,0x00,0x08,0xf0,0x5e,0x21,0x55,0x22,0x5d,0x22,0xdb,0x24,0xa6,0x58,0xfc,
  0x00,0x00,0x00,0x00,0x00,0xf8,0x00,0x40,0x80,0x60,0x80,0xb8,0x40,0xc8,0x30,0x78,
  0x00,0x00,0x00,0x00,0x00,0x00,0x00,0x7f,0x00,0x40,0x3f,0x57,0x28,0x50,0x2f,0x57,
  0x28,0x50,0x2f,0x5f,0x20,0x00,0x00,0xf8,0x00,0x08,0xf0,0xd8,0x20,0x10,0xe0,0xd0,
  0x20,0x10,0xe0,0xf0,0x00,0x50,0x2f,0x5f,0x20,0x40,0x3f,0xdf,0x20,0xb4,0x43,0xe7,
  0x00,0x00,0x00,0x00,0x00,0x10,0xe0,0xb8,0x40,0x08,0xf0,0x78,0x80,0x40,0x80,0xc0,
  0x00,0x00,0x00,0x00,0x00,0x00,0x00,0x7f,0x00,0x40,0x3f,0x5e,0x21,0x50,0x2f,0x57,
  0x28,0x50,0x2f,0x57,0x28,0x00,0x00,0xf8,0x00,0x08,0xf0,0xf8,0x00,0x10,0xe0,0xd0,
  0x20,0x10,0xe0,0xd0,0x20,0x50,0x2f,0x5e,0x21,0x56,0x29,0xd6,0x29,0xac,0x53,0xff,
  0x00,0x00,0x00,0x00,0x00,0x10,0xe0,0xf0,0x00,0xd8,0x20,0xe8,0x10,0xa8,0x10,0xb8,
  0x00,0x00,0x00,0x00,0x00,0x00,0x00,0x07,0x00,0x05,0x02,0x7d,0x02,0x40,0x3f,0x7d,
  0x02,0xfd,0x02,0x80,0x7f,0x00,0x00,0x00,0x00,0x00,0x00,0xf0,0x00,0x10,0xe0,0xf0,
  0x00,0xf8,0x00,0x08,0xf0,0xfb,0x04,0x16,0x08,0x37,0x08,0x6e,0x11,0x41,0x3e,0x7f,
  0x00,0x00,0x00,0x00,0x00,0xf8,0x00,0xa0,0x40,0xb0,0x40,0x50,0xa0,0xd0,0x20,0x70,
  0x00,0x00,0x00,0x00,0x00,0x00,0x00,0x7f,0x00,0x40,0x3f,0x5f,0x20,0x58,0x20,0x68,
  0x10,0x2d,0x10,0x37,0x08,0x00,0x00,0xf0,0x00,0x10,0xe0,0xd0,0x20,0xd0,0x20,0xb0,
  0x40,0xa0,0x40,0x60,0x80,0x1a,0x05,0x0d,0x02,0x3a,0x05,0xe7,0x18,0x9d,0x60,0xf0,
  0x00,0x00,0x00,0x00,0x00,0xc0,0x00,0x80,0x00,0xe0,0x00,0x38,0xc0,0xc8,0x30,0x78,
  0x00,0x00,0x00,0x00,0x00,0x00,0x00,0xff,0x00,0x80,0x7f,0xef,0x10,0x2b,0x10,0x2a,
  0x11,0x2e,0x11,0x27,0x18,0x00,0x00,0xe0,0x00,0x20,0xc0,0xa0,0x40,0x60,0x80,0xf0,
  0x00,0x10,0xe0,0xd0,0x20,0x2b,0x14,0x6d,0x12,0x5e,0x21,0xd9,0x26,0xa7,0x58,0xfc,
  0x00,0x00,0x00,0x00,0x00,0xb0,0x40,0x60,0x80,0xe0,0x00,0x38,0xc0,0xc8,0x30,0x78,
  0x00,0x00,0x00,0x00,0x00,0x00,0x00,0x0e,0x00,0x0a,0x04,0xfb,0x04,0x80,0x7f,0xf7,
  0x08,0x17,0x08,0x30,0x0f,0x00,0x00,0x00,0x00,0x00,0x00,0xf8,0x00,0x08,0xf0,0xf8,
  0x00,0xf0,0x00,0x10,0xe0,0x2b,0x14,0x6d,0x12,0x5e,0x21,0xd9,0x26,0xa7,0x58,0xfc,
  0x00,0x00,0x00,0x00,0x00,0xd0,0x20,0xb0,0x40,0x60,0x80,0xb8,0x40,0xc8,0x30,0x78,
  0x00,0x00,0x00,0x00,0x00,0x00,0x00,0xff,0x00,0x82,0x7d,0xfa,0x05,0xaa,0x45,0xaa,
  0x45,0xaa,0x45,0xba,0x45,0x00,0x00,0xf8,0x00,0x08,0xf0,0xe8,0x10,0xa8,0x10,0xa8,
  0x10,0xa8,0x10,0xe8,0x10,0xd7,0x28,0x55,0x28,0x6d,0x10,0xd7,0x28,0xba,0x45,0xef,
  0x00,0x00,0x00,0x00,0x00,0x58,0xa0,0x50,0xa0,0xb0,0x40,0x58,0xa0,0xe8,0x10,0xb8,
  0x00,0x00,0x00,0x00,0x00,0x00,0x00,0x03,0x00,0x7e,0x01,0x41,0x3e,0x5f,0x20,0x5f,
  0x20,0x40,0x3f,0x57,0x28,0x00,0x00,0xf0,0x00,0x10,0xe0,0xf0,0x00,0x00,0x00,0xf0,
  0x00,0x10,0xe0,0xd0,0x20,0x5b,0x24,0x5d,0x22,0x5e,0x21,0xd9,0x26,0xa7,0x58,0xfc,
  0x00,0x00,0x00,0x00,0x00,0xb0,0x40,0x60,0x80,0xe0,0x00,0x38,0xc0,0xc8,0x30,0x78,
  0x00,0x00,0x00,0x00,0x00,0x00,0x00,0x7f,0x00,0x5b,0x24,0xdb,0x24,0xbb,0x44,0x80,
  0x7f,0xf7,0x08,0x30,0x0f,0x00,0x00,0xc0,0x00,0x60,0x80,0xa0,0x40,0xf8,0x00,0x08,
  0xf0,0xf8,0x00,0x20,0xc0,0x2b,0x14,0x6d,0x12,0x5e,0x21,0xd9,0x26,0xa7,0x58,0xfc,
  0x00,0x00,0x00,0x00,0x00,0xa0,0x40,0x60,0x80,0xe0,0x00,0x38,0xc0,0xc8,0x30,0x78,
  0x00,0x00,0x00,0x00,0x00,0x00,0x00,0x38,0x00,0x2b,0x10,0x2e,0x11,0x22,0x1d,0x2e,
  0x11,0xee,0x11,0x82,0x7d,0x00,0x00,0x00,0x00,0xf8,0x00,0x08,0xf0,0xe8,0x10,0xa8,
  0x10,0xa8,0x10,0xe8,0x10,0xef,0x10,0xcb,0x34,0xad,0x52,0xef,0x10,0x4c,0x33,0x7f,
  0x00,0x00,0x00,0x00,0x00,0x58,0xa0,0x50,0xa0,0xb0,0x40,0x58,0xa0,0xe8,0x10,0xb8,
  0x00,0x00,0x00,0x00,0x00,0x00,0x00,0xff,0x00,0x81,0x7e,0xda,0x25,0x42,0x3d,0x5a,
  0x25,0x5a,0x25,0x42,0x3d,0x00,0x00,0x00,0x00,0xf8,0x00,0x08,0xf0,0xe8,0x10,0xa8,
  0x10,0xa8,0x10,0xe8,0x10,0x5b,0x24,0x5b,0x24,0xd1,0x2e,0x8b,0x74,0xfa,0x05,0x0f,
  0x00,0x00,0x00,0x00,0x00,0x58,0xa0,0x50,0xa0,0xb0,0x40,0x58,0xa0,0xe8,0x10,0xb8,
  0x00,0x00,0x00,0x00,0x00,0x00,0x00,0x01,0x00,0x7f,0x00,0x40,0x3f,0x6d,0x12,0xf6,
  0x09,0x80,0x7f,0xbf,0x40,0x00,0x00,0xf0,0x00,0x10,0xe0,0xf0,0x00,0xd0,0x20,0xb8,
  0x40,0x08,0xf0,0xe8,0x10,0xa0,0x5f,0xef,0x10,0x37,0x08,0xf8,0x07,0x87,0x78,0xfd,
  0x00,0x00,0x00,0x00,0x00,0x28,0xd0,0xb8,0x40,0x60,0x80,0xf8,0x00,0x08,0xf0,0xf8,
  0x00,0x00,0x00,0x00,0x00,0x00,0x00,0x07,0x00,0xfd,0x02,0x80,0x7f,0xf7,0x08,0xd5,
  0x28,0xb5,0x48,0xf7,0x08,0x00,0x00,0x00,0x00,0xf8,0x00,0x08,0xf0,0x78,0x80,0x58,
  0xa0,0x68,0x90,0x78,0x80,0x40,0x3f,0x6f,0x10,0x37,0x08,0xf8,0x07,0x87,0x78,0xfd,
  0x00,0x00,0x00,0x00,0x00,0x10,0xe0,0xb0,0x40,0x60,0x80,0xf8,0x00,0x08,0xf0,0xf8,
  0x00,0x00,0x00,0x00,0x00,0x00,0x00,0x00,0x00,0x7f,0x00,0x40,0x3f,0x5f,0x20,0x50,
  0x20,0x50,0x20,0x50,0x20,0x00,0x00,0x00,0x00,0xf0,0x00,0x10,0xe0,0xd0,0x20,0x50,
  0x20,0x50,0x20,0x50,0x20,0x50,0x20,0x50,0x20,0x5f,0x20,0x40,0x3f,0x7f,0x00,0x00,
  0x00,0x00,0x00,0x00,0x00,0x50,0x20,0x50,0x20,0xd0,0x20,0x10,0xe0,0xf0,0x00,0x00,
  0x00,0x00,0x00,0x00,0x00,0x00,0x00,0x07,0x00,0x05,0x02,0xfd,0x02,0x80,0x7f,0xfd,
  0x02,0x05,0x02,0x7d,0x02,0x00,0x00,0x00,0x00,0x00,0x00,0xf8,0x00,0x08,0xf0,0xf8,
  0x00,0x00,0x00,0xf0,0x00,0x40,0x3f,0x5f,0x20,0x50,0x20,0x5f,0x20,0x40,0x3f,0x7f,
  0x00,0x00,0x00,0x00,0x00,0x10,0xe0,0xd0,0x20,0x50,0x20,0xd0,0x20,0x10,0xe0,0xf0,
  0x00,0x00,0x00,0x00,0x00,0x00,0x00,0x7f,0x00,0x40,0x3f,0x5f,0x20,0x5f,0x20,0x40,
  0x3f,0xfb,0x04,0x80,0x7f,0x00,0x00,0xf0,0x00,0x10,0xe0,0xd0,0x20,0xd0,0x20,0x10,
  0xe0,0xf8,0x00,0x08,0xf0,0xfb,0x04,0x1a,0x04,0x36,0x08,0xed,0x10,0x99,0x60,0xf1,
  0x00,0x00,0x00,0x00,0x00,0xe8,0x10,0x28,0x10,0x28,0x10,0xe8,0x10,0x18,0xe0,0xf0,
  0x00,0x00,0x00,0x00,0x00,0x00,0x00,0x7f,0x00,0x40,0x3f,0x5f,0x20,0x50,0x20,0x50,
  0x20,0x5f,0x20,0x40,0x3f,0x00,0x00,0xf0,0x00,0x10,0xe0,0xd0,0x20,0x50,0x20,0x50,
  0x20,0xd0,0x20,0x10,0xe0,0x7f,0x00,0x38,0x00,0x68,0x10,0xd8,0x20,0xb0,0x40,0xe0,
  0x00,0x00,0x00,0x00,0x00,0xf0,0x00,0xe0,0x00,0xb0,0x40,0xd8,0x20,0x68,0x10,0x38,
  0x00,0x00,0x00,0x00,0x00,0x00,0x00,0x00,0x00,0xff,0x00,0x86,0x79,0xb6,0x49,0xb6,
  0x49,0xb6,0x49,0xb6,0x49,0x00,0x00,0x38,0x00,0xa8,0x10,0xa8,0x10,0xa8,0x10,0xa8,
  0x10,0xa8,0x10,0xa8,0x10,0xb6,0x49,0xb6,0x49,0x86,0x79,0xff,0x00,0x00,0x00,0x00,
  0x00,0x00,0x00,0x00,0x00,0xe8,0x10,0x88,0x70,0x68,0x90,0xe8,0x10,0x28,0x10,0x38,
  0x00,0x00,0x00,0x00,0x00,0x00,0x00,0xff,0x00,0x80,0x7f,0xfd,0x02,0x3b,0x04,0xe7,
  0x18,0x9d,0x60,0xff,0x00,0x00,0x00,0xf8,0x00,0x08,0xf0,0xe8,0x10,0x28,0x10,0xe8,
  0x10,0x18,0xe0,0xf0,0x00,0x40,0x3f,0x5f,0x20,0x50,0x20,0x5f,0x20,0x40,0x3f,0x7f,
  0x00,0x00,0x00,0x00,0x00,0x10,0xe0,0xd0,0x20,0x50,0x20,0xd0,0x20,0x10,0xe0,0xf0,
  0x00,0x00,0x00,0x00,0x00,0x00,0x00,0x07,0x00,0xfc,0x03,0x87,0x78,0xb4,0x48,0xb4,
  0x48,0xb4,0x48,0xb4,0x48,0x00,0x00,0xf8,0x00,0x08,0xf0,0xb8,0x40,0xa0,0x40,0xa0,
  0x40,0xa0,0x40,0xa0,0x40,0xb4,0x48,0xb4,0x48,0x84,0x78,0xff,0x00,0x02,0x01,0x03,
  0x00,0x00,0x00,0x00,0x00,0xa0,0x40,0xa0,0x40,0xa0,0x40,0xa0,0x40,0x20,0xc0,0xe0,
  0x00,0x00,0x00,0x00,0x00,0x00,0x00,0xff,0x00,0x80,0x7f,0xff,0x00,0x3f,0x00,0x20,
  0x1f,0x2e,0x11,0x2a,0x11,0x00,0x00,0xf8,0x00,0x08,0xf0,0xd8,0x20,0xd0,0x20,0xd0,
  0x20,0xd0,0x20,0xd0,0x20,0x2e,0x11,0x20,0x1f,0x3f,0x00,0x01,0x00,0x01,0x00,0x01,
  0x00,0x00,0x00,0x00,0x00,0xd0,0x20,0xd0,0x20,0xd0,0x20,0xd0,0x20,0x10,0xe0,0xf0,
  0x00,0x00,0x00,0x00,0x00,0x00,0x00,0x07,0x00,0x7d,0x02,0x40,0x3f,0x5d,0x22,0x55,
  0x22,0x5d,0x22,0x40,0x3f,0x00,0x00,0x00,0x00,0xf0,0x00,0x10,0xe0,0xd0,0x20,0x50,
  0x20,0xd0,0x20,0x10,0xe0,0x7d,0x02,0x2b,0x14,0x33,0x0c,0xec,0x13,0x9f,0x60,0xf1,
  0x00,0x00,0x00,0x00,0x00,0xf0,0x00,0x00,0x00,0x80,0x00,0xf8,0x00,0x08,0xf0,0xf8,
  0x00,0x00,0x00,0x00,0x00,0x00,0x00,0x0e,0x00,0x0a,0x04,0xfb,0x04,0x80,0x7f,0xf7,
  0x08,0x34,0x08,0x2f,0x10,0x00,0x00,0x00,0x00,0x00,0x00,0xf8,0x00,0x08,0xf0,0xf8,
  0x00,0x00,0x00,0xf0,0x00,0x60,0x1f,0xcf,0x30,0xa8,0x50,0xef,0x10,0x20,0x1f,0x3f,
  0x00,0x00,0x00,0x00,0x00,0x10,0xe0,0xd0,0x20,0x50,0x20,0xd0,0x20,0x10,0xe0,0xf0,
  0x00,0x00,0x00,0x00,0x00,0x00,0x00,0x3f,0x00,0x20,0x1f,0x2f,0x10,0x2f,0x10,0x20,
  0x1f,0xff,0x00,0x80,0x7f,0x00,0x00,0xe0,0x00,0x20,0xc0,0xa0,0x40,0xa0,0x40,0x20,
  0xc0,0xf8,0x00,0x08,0xf0,0xf7,0x08,0x10,0x0f,0x1f,0x00,0x07,0x00,0x04,0x03,0x07,
  0x00,0x00,0x00,0x00,0x00,0xf8,0x00,0x20,0xc0,0xa0,0x40,0xa0,0x40,0x60,0x80,0xc0,
  0x00,0x00,0x00,0x00,0x00,0x00,0x00,0x07,0x00,0xfd,0x02,0x8c,0x73,0xab,0x54,0xa7,
  0x58,0xa8,0x57,0xaf,0x50,0x00,0x00,0x00,0x00,0xf8,0x00,0x08,0xf0,0xf8,0x00,0xf0,
  0x00,0x10,0xe0,0xb0,0x40,0xab,0x50,0xae,0x51,0x8d,0x72,0xfb,0x04,0x0c,0x03,0x07,
  0x00,0x00,0x00,0x00,0x00,0x60,0x80,0xc0,0x00,0xb8,0x00,0xe8,0x10,0x08,0xf0,0xf8,
  0x00,0x00,0x00,0x00,0x00,0x00,0x00,0x1c,0x00,0x17,0x08,0x30,0x0f,0x6f,0x10,0x57,
  0x28,0x78,0x07,0xe7,0x18,0x00,0x00,0x00,0x00,0xe0,0x00,0x20,0xc0,0xa0,0x40,0x60,
  0x80,0xe0,0x00,0x38,0xc0,0x9f,0x60,0xe0,0x1f,0x2f,0x10,0x2f,0x10,0x20,0x1f,0x3f,
  0x00,0x00,0x00,0x00,0x00,0xc8,0x30,0x38,0xc0,0xa0,0x40,0xa0,0x40,0x20,0xc0,0xe0,
  0x00,0x00,0x00,0x00,0x00,0x00,0x00,0x07,0x00,0x0d,0x02,0x3a,0x05,0xe7,0x18,0x9f,
  0x60,0xe0,0x1f,0x7f,0x00,0x00,0x00,0x00,0x00,0x80,0x00,0xe0,0x00,0x38,0xc0,0xc8,
  0x30,0x38,0xc0,0xf0,0x00,0x40,0x3f,0x5f,0x20,0x50,0x20,0x5f,0x20,0x40,0x3f,0x7f,
  0x00,0x00,0x00,0x00,0x00,0x10,0xe0,0xd0,0x20,0x50,0x20,0xd0,0x20,0x10,0xe0,0xf0,
  0x00,0x00,0x00,0x00,0x00,0x00,0x00,0x07,0x00,0x05,0x02,0xfd,0x02,0x80,0x7f,0xfd,
  0x02,0x7d,0x02,0x40,0x3f,0x00,0x00,0x00,0x00,0x00,0x00,0xf8,0x00,0x08,0xf0,0xf8,
  0x00,0xf0,0x00,0x10,0xe0,0x7f,0x00,0x40,0x3f,0x5f,0x20,0x5f,0x20,0x40,0x3f,0x7f,
  0x00,0x00,0x00,0x00,0x00,0xf0,0x00,0x10,0xe0,0xd0,0x20,0xd0,0x20,0x10,0xe0,0xf0,
  0x00,0x00,0x00,0x00,0x00,0x00,0x00,0xff,0x00,0x80,0x7f,0xbf,0x40,0xa0,0x5f,0xbf,
  0x40,0xb0,0x4f,0xb7,0x48,0x00,0x00,0xf8,0x00,0x08,0xf0,0xe8,0x10,0x28,0xd0,0xe8,
  0x10,0x68,0x90,0x68,0x90,0xb5,0x48,0xb7,0x48,0xb0,0x4f,0xbf,0x40,0xa0,0x40,0xe0,
  0x00,0x00,0x00,0x00,0x00,0x68,0x90,0x68,0x90,0x68,0x90,0xe8,0x10,0x88,0x70,0xf8,
  0x00,0x00,0x00,0x00,0x00,0x00,0x00,0x0e,0x00,0x0b,0x04,0x18,0x07,0x77,0x08,0x4b,
  0x34,0x7d,0x02,0x1e,0x01,0x00,0x00,0x00,0x00,0xf0,0x00,0x10,0xe0,0xd0,0x20,0xb0,
  0x40,0x60,0x80,0xf8,0x00,0xf0,0x0f,0x87,0x78,0xf4,0x08,0x17,0x08,0x10,0x0f,0x1f,
  0x00,0x00,0x00,0x00,0x00,0x08,0xf0,0xe8,0x10,0x28,0x10,0xe8,0x10,0x08,0xf0,0xf8,
  0x00,0x00,0x00,0x00,0x00,0x00,0x00,0x03,0x00,0x7e,0x01,0x41,0x3e,0x5f,0x20,0x5f,
  0x20,0x40,0x3f,0x5f,0x20,0x00,0x00,0xf0,0x00,0x10,0xe0,0xf0,0x00,0x00,0x00,0xf8,
  0x00,0x08,0xf0,0xf8,0x00,0x50,0x2f,0x57,0x28,0x54,0x28,0xd7,0x28,0xb0,0x4f,0xff,
  0x00,0x00,0x00,0x00,0x00,0x10,0xe0,0xd0,0x20,0x50,0x20,0xd0,0x20,0x10,0xe0,0xf0,
  0x00,0x00,0x00,0x00,0x00,0x00,0x00,0x0e,0x00,0x1a,0x04,0xf7,0x08,0x80,0x7f,0xbf,
  0x40,0xb0,0x4f,0xb7,0x48,0x00,0x00,0x00,0x00,0x00,0x00,0xf8,0x00,0x08,0xf0,0xe8,
  0x10,0x68,0x90,0x68,0x90,0xb5,0x48,0xb7,0x48,0xb0,0x4f,0xbf,0x40,0xa0,0x40,0xe0,
  0x00,0x00,0x00,0x00,0x00,0x68,0x90,0x68,0x90,0x68,0x90,0xe8,0x10,0x88,0x70,0xf8,
  0x00,0x00,0x00,0x00,0x00,0x00,0x00,0x0f,0x00,0xf8,0x07,0x8f,0x70,0xad,0x52,0xad,
  0x52,0xad,0x52,0xac,0x53,0x00,0x00,0xf0,0x00,0x10,0xe0,0xd0,0x20,0x50,0x20,0x50,
  0x20,0xd8,0x20,0x08,0xf0,0xaf,0x50,0xaf,0x50,0x88,0x77,0xff,0x00,0x01,0x00,0x01,
  0x00,0x00,0x00,0x00,0x00,0xe8,0x10,0xe8,0x10,0x28,0xd0,0xe8,0x10,0x18,0xe0,0xf0,
  0x00,0x00,0x00,0x00,0x00,0x00,0x00,0x7f,0x00,0x40,0x3f,0x7d,0x02,0xfd,0x02,0x80,
  0x7f,0xf7,0x08,0x6f,0x10,0x00,0x00,0xf0,0x00,0x10,0xe0,0xf0,0x00,0xf8,0x00,0x08,
  0xf0,0x78,0x80,0xb0,0x40,0xc0,0x3f,0xaf,0x50,0xe8,0x10,0x2f,0x10,0x20,0x1f,0x3f,
  0x00,0x00,0x00,0x00,0x00,0x18,0xe0,0xa8,0x50,0xb8,0x40,0xa0,0x40,0x20,0xc0,0xe0,
  0x00,0x00,0x00,0x00,0x00,0x00,0x00,0x0f,0x00,0xf8,0x07,0x8b,0x74,0xab,0x54,0xab,
  0x54,0xab,0x54,0xa8,0x57,0x00,0x00,0xf8,0x00,0x08,0xf0,0x68,0x90,0x68,0x90,0x68,
  0x90,0x68,0x90,0x08,0xf0,0xab,0x54,0xaa,0x54,0x8a,0x74,0xfb,0x04,0x0c,0x03,0x07,
  0x00,0x00,0x00,0x00,0x00,0xf8,0x00,0x38,0x00,0x28,0x10,0xe8,0x10,0x08,0xf0,0xf8,
  0x00,0x00,0x00,0x00,0x00,0x00,0x00,0x00,0x00,0xff,0x00,0x88,0x77,0xab,0x54,0xab,
  0x54,0xa8,0x57,0xab,0x54,0x00,0x00,0xf0,0x00,0x90,0x60,0x70,0x80,0xc0,0x00,0xf8,
  0x00,0x08,0xf0,0xb8,0x40,0xaa,0x54,0xaa,0x54,0x8a,0x74,0xfa,0x04,0x16,0x08,0x1c,
  0x00,0x00,0x00,0x00,0x00,0xa0,0x40,0xa0,0x40,0xa0,0x40,0xa0,0x40,0xa0,0x40,0xe0,
  0x00,0x00,0x00,0x00,0x00,0x00,0x00,0x01,0x00,0xf9,0x00,0x8f,0x70,0xa0,0x5f,0xaf,
  0x50,0xaf,0x50,0xa8,0x57,0x00,0x00,0xc0,0x00,0x40,0x80,0x78,0x80,0x08,0xf0,0x78,
  0x80,0x70,0x80,0x10,0xe0,0xab,0x54,0xab,0x54,0x8d,0x72,0xfe,0x01,0x11,0x0e,0x1f,
  0x00,0x00,0x00,0x00,0x00,0xd0,0x20,0xd0,0x20,0xb0,0x40,0x78,0x80,0x88,0x70,0xf8,
  0x00,0x00,0x00,0x00,0x00,0x00,0x00,0x01,0x00,0xf9,0x00,0x8f,0x70,0xab,0x54,0xab,
  0x54,0xab,0x54,0xa7,0x58,0x00,0x00,0xc0,0x00,0x40,0x80,0x70,0x80,0x58,0xa0,0x68,
  0x90,0x68,0x90,0x78,0x80,0xad,0x50,0xa9,0x50,0x8b,0x70,0xfe,0x01,0x09,0x06,0x0f,
  0x00,0x00,0x00,0x00,0x00,0x68,0x90,0xd8,0x20,0xb0,0x40,0x60,0x80,0xc0,0x00,0x00,
  0x00,0x00,0x00,0x00,0x00,0x00,0x00,0x0f,0x00,0xf8,0x07,0x8d,0x72,0xad,0x52,0xad,
  0x52,0xad,0x52,0xad,0x52,0x00,0x00,0xf0,0x00,0x10,0xe0,0xd0,0x20,0xd0,0x20,0xb8,
  0x40,0x88,0x70,0xe8,0x10,0xac,0x53,0xad,0x52,0x8b,0x74,0xfb,0x04,0x14,0x0b,0x1f,
  0x00,0x00,0x00,0x00,0x00,0xe8,0x10,0x58,0xa0,0xb0,0x40,0x58,0xa0,0xe8,0x10,0xb8,
  0x00,0x00,0x00,0x00,0x00,0x00,0x00,0x07,0x00,0xfd,0x02,0x8d,0x72,0xac,0x53,0xab,
  0x54,0xa7,0x58,0xad,0x50,0x00,0x00,0x00,0x00,0x00,0x00,0xf8,0x00,0x08,0xf0,0xe8,
  0x10,0x58,0xa0,0x70,0x80,0xab,0x50,0xaa,0x51,0x8e,0x71,0xfd,0x02,0x13,0x0c,0x1e,
  0x00,0x00,0x00,0x00,0x00,0x60,0x80,0xa0,0x40,0xb0,0x40,0xd8,0x20,0x68,0x10,0x38,
  0x00,0x00,0x00,0x00,0x00,0x00,0x00,0x0f,0x00,0xf8,0x07,0x8d,0x72,0xad,0x52,0xab,
  0x54,0xa8,0x57,0xaf,0x50,0x00,0x00,0xf8,0x00,0x08,0xf0,0xd8,0x20,0x50,0x20,0xd8,
  0x20,0x08,0xf0,0x58,0xa0,0xab,0x50,0xae,0x51,0x8d,0x72,0xf3,0x0c,0x1e,0x00,0x00,
  0x00,0x00,0x00,0x00,0x00,0x50,0xa0,0xd0,0x20,0xd0,0x20,0xd0,0x20,0x90,0x60,0xf0,
  0x00,0x00,0x00,0x00,0x00,0x00,0x00,0x0f,0x00,0xf8,0x07,0x8b,0x74,0xab,0x54,0xaa,
  0x55,0xaa,0x55,0xaa,0x55,0x00,0x00,0xf8,0x00,0x08,0xf0,0xf8,0x00,0xf0,0x00,0x10,
  0xe0,0xd0,0x20,0xd0,0x20,0xaa,0x55,0xaa,0x55,0x8a,0x75,0xfa,0x05,0x17,0x08,0x1d,
  0x00,0x00,0x00,0x00,0x00,0x90,0x60,0xf8,0x00,0xa8,0x10,0xe8,0x10,0x08,0xf0,0xf8,
  0x00,0x00,0x00,0x00,0x00,0x00,0x00,0x7f,0x00,0x40,0x3f,0x5f,0x20,0x5f,0x20,0x40,
  0x3f,0x7d,0x02,0xfd,0x02,0x00,0x00,0xf0,0x00,0x10,0xe0,0xd0,0x20,0xd0,0x20,0x10,
  0xe0,0xf0,0x00,0xf8,0x00,0x80,0x7f,0xf5,0x0a,0xed,0x12,0x9d,0x62,0xf5,0x02,0x07,
  0x00,0x00,0x00,0x00,0x00,0x08,0xf0,0x78,0x80,0xb8,0x40,0xc8,0x30,0x78,0x00,0x00,
  0x00,0x00,0x00,0x00,0x00,0x00,0x00,0x77,0x00,0x5d,0x22,0xc0,0x3f,0xbd,0x42,0xfd,
  0x02,0x80,0x7f,0xff,0x00,0x00,0x00,0x00,0x00,0xf0,0x00,0x10,0xe0,0xf0,0x00,0xf8,
  0x00,0x08,0xf0,0xf8,0x00,0x40,0x3f,0x5f,0x20,0x50,0x20,0x5f,0x20,0x40,0x3f,0x7f,
  0x00,0x00,0x00,0x00,0x00,0x10,0xe0,0xd0,0x20,0x50,0x20,0xd0,0x20,0x10,0xe0,0xf0,
  0x00,0x00,0x00,0x00,0x00,0x00,0x00,0x0f,0x00,0xf8,0x07,0x8b,0x74,0xab,0x54,0xa8,
  0x57,0xab,0x54,0xaa,0x55,0x00,0x00,0xf8,0x00,0x08,0xf0,0xe8,0x10,0xe8,0x10,0x08,
  0xf0,0xf8,0x00,0xf8,0x00,0xaa,0x55,0xaa,0x55,0x8a,0x75,0xfa,0x05,0x17,0x08,0x1d,
  0x00,0x00,0x00,0x00,0x00,0xc8,0x30,0x38,0xc0,0xf8,0x00,0xe8,0x10,0x08,0xf0,0xf8,
  0x00,0x00,0x00,0x00,0x00,0x00,0x00,0x0f,0x00,0xf8,0x07,0x8b,0x74,0xaa,0x55,0xab,
  0x54,0xa0,0x5f,0xab,0x54,0x00,0x00,0xf0,0x00,0x10,0xe0,0xd0,0x20,0xd0,0x20,0x58,
  0xa0,0x08,0xf0,0xd8,0x20,0xaa,0x55,0xab,0x54,0x88,0x77,0xff,0x00,0x01,0x00,0x01,
  0x00,0x00,0x00,0x00,0x00,0xd0,0x20,0x58,0xa0,0x08,0xf0,0xd8,0x20,0x30,0xc0,0xe0,
  0x00,0x00,0x00,0x00,0x00,0x00,0x00,0x3f,0x00,0x20,0x1f,0x2e,0x11,0x28,0x17,0x2e,
  0x11,0x28,0x17,0x2f,0x10,0x00,0x00,0xf8,0x00,0x08,0xf0,0xe8,0x10,0x28,0xd0,0xe8,
  0x10,0x28,0xd0,0xe8,0x10,0x28,0x17,0x6b,0x14,0x58,0x27,0xdf,0x20,0xb0,0x40,0xe0,
  0x00,0x00,0x00,0x00,0x00,0x28,0xd0,0xa8,0x50,0x28,0xd0,0xe8,0x10,0x88,0x70,0xf8,
  0x00,0x00,0x00,0x00,0x00,0x00,0x00,0x00,0x00,0xff,0x00,0x88,0x77,0xab,0x54,0xab,
  0x54,0xab,0x54,0xab,0x54,0x00,0x00,0xf8,0x00,0x88,0x70,0x58,0xa0,0x50,0xa0,0x50,
  0xa0,0x50,0xa0,0x50,0xa0,0xab,0x54,0xab,0x54,0x8a,0x75,0xfa,0x05,0x14,0x0b,0x1f,
  0x00,0x00,0x00,0x00,0x00,0x50,0xa0,0x50,0xa0,0xd8,0x20,0xa8,0x50,0x48,0xb0,0xf8,
  0x00,0x00,0x00,0x00,0x00,0x00,0x00,0x01,0x00,0xf9,0x00,0x8f,0x70,0xa8,0x57,0xaf,
  0x50,0xaf,0x50,0xa0,0x5f,0x00,0x00,0xc0,0x00,0x40,0x80,0x70,0x80,0x10,0xe0,0x70,
  0x80,0x78,0x80,0x08,0xf0,0xaf,0x50,0xae,0x51,0x8d,0x72,0xf3,0x0c,0x1f,0x00,0x01,
  0x00,0x00,0x00,0x00,0x00,0x78,0x80,0x30,0xc0,0x58,0xa0,0x68,0x90,0x78,0x80,0xc0,
  0x00,0x00,0x00,0x00,0x00,0x00,0x00,0x1f,0x00,0xf0,0x0f,0x8f,0x70,0xaf,0x50,0xa8,
  0x57,0xab,0x54,0xab,0x54,0x00,0x00,0xf8,0x00,0x08,0xf0,0xd8,0x20,0xd0,0x20,0x50,
  0xa0,0x50,0xa0,0x50,0xa0,0xab,0x54,0xa8,0x57,0x8f,0x70,0xf9,0x00,0x01,0x00,0x01,
  0x00,0x00,0x00,0x00,0x00,0x50,0xa0,0x50,0xa0,0xd0,0x20,0xd0,0x20,0x10,0xe0,0xf0,
  0x00,0x00,0x00,0x00,0x00,0x00,0x00,0x00,0x00,0xff,0x00,0x88,0x77,0xaf,0x50,0xab,
  0x54,0xad,0x52,0xaf,0x50,0x00,0x00,0xf8,0x00,0x88,0x70,0x78,0x80,0x78,0x80,0x68,
  0x90,0x58,0xa0,0x78,0x80,0xa8,0x57,0xaf,0x50,0x89,0x70,0xff,0x00,0x04,0x03,0x07,
  0x00,0x00,0x00,0x00,0x00,0x08,0xf0,0x78,0x80,0x40,0x80,0x40,0x80,0x40,0x80,0xc0,
  0x00,0x00,0x00,0x00,0x00,0x00,0x00,0x07,0x00,0x0d,0x02,0x3a,0x05,0xe7,0x18,0x90,
  0x6f,0xff,0x00,0x42,0x3d,0x00,0x00,0x00,0x00,0x80,0x00,0xe0,0x00,0x38,0xc0,0x48,
  0xb0,0xf8,0x00,0x10,0xe0,0x5a,0x25,0x5a,0x25,0x5a,0x25,0x42,0x3d,0x7e,0x01,0x03,
  0x00,0x00,0x00,0x00,0x00,0xd0,0x20,0xd0,0x20,0xd0,0x20,0x90,0x60,0xf0,0x00,0x80,
  0x00,0x00,0x00,0x00,0x00,0x00,0x00,0x0f,0x00,0x79,0x06,0x47,0x38,0x75,0x08,0xf7,
  0x08,0x81,0x7e,0xf7,0x08,0x00,0x00,0x00,0x00,0xf8,0x00,0x08,0xf0,0x68,0x90,0x68,
  0x90,0x68,0x90,0x68,0x90,0x67,0x18,0xd3,0x2c,0xb5,0x4a,0xf7,0x08,0x15,0x08,0x1c,
  0x00,0x00,0x00,0x00,0x00,0x68,0x90,0x68,0x90,0x68,0x90,0x08,0xf0,0xf8,0x00,0x00,
  0x00,0x00,0x00,0x00,0x00,0x00,0x00,0x7f,0x00,0x42,0x3d,0x5a,0x25,0x5a,0x25,0x42,
  0x3d,0x7f,0x00,0x10,0x0f,0x00,0x00,0xf0,0x00,0x10,0xe0,0xd0,0x20,0xd0,0x20,0x10,
  0xe0,0xf0,0x00,0x40,0x80,0x17,0x08,0x15,0x08,0x35,0x08,0xed,0x10,0x99,0x60,0xf1,
  0x00,0x00,0x00,0x00,0x00,0x40,0x80,0x78,0x80,0x68,0x90,0x68,0x90,0x08,0xf0,0xf8,
  0x00,0x00,0x00,0x00,0x00,0x00,0x00,0x03,0x00,0xfa,0x01,0x8a,0x71,0xaa,0x51,0xaa,
  0x51,0xae,0x51,0xa0,0x5f,0x00,0x00,0x80,0x00,0x80,0x00,0xf0,0x00,0x10,0xe0,0xf0,
  0x00,0xf8,0x00,0x08,0xf0,0xae,0x51,0xaa,0x51,0x8a,0x71,0xfa,0x01,0x02,0x01,0x03,
  0x00,0x00,0x00,0x00,0x00,0xf8,0x00,0x60,0x80,0xb0,0x40,0xd0,0x20,0xf0,0x00,0x80,
  0x00,0x00,0x00,0x00,0x00,0x00,0x00,0x01,0x00,0xf9,0x00,0x8f,0x70,0xa0,0x5f,0xaf,
  0x50,0xa9,0x50,0xaf,0x50,0x00,0x00,0xc0,0x00,0x40,0x80,0x78,0x80,0x08,0xf0,0x78,
  0x80,0x40,0x80,0x70,0x80,0xa8,0x57,0xab,0x54,0x8a,0x74,0xfb,0x04,0x08,0x07,0x0f,
  0x00,0x00,0x00,0x00,0x00,0x10,0xe0,0xd0,0x20,0x50,0x20,0xd0,0x20,0x10,0xe0,0xf0,
  0x00,0x00,0x00,0x00,0x00,0x00,0x00,0x07,0x00,0xfd,0x02,0x8c,0x73,0xab,0x54,0xa5,
  0x5a,0xae,0x51,0xad,0x52,0x00,0x00,0x00,0x00,0xf0,0x00,0x10,0xe0,0xd0,0x20,0xb0,
  0x40,0x60,0x80,0xb8,0x40,0xa3,0x5c,0xa8,0x57,0x8b,0x74,0xfb,0x04,0x08,0x07,0x0f,
  0x00,0x00,0x00,0x00,0x00,0xc8,0x30,0x18,0xe0,0xd0,0x20,0xd0,0x20,0x10,0xe0,0xf0,
  0x00,0x00,0x00,0x00,0x00,0x00,0x00,0x01,0x00,0xff,0x00,0x88,0x77,0xae,0x51,0xad,
  0x52,0xa8,0x57,0xaf,0x50,0x00,0x00,0xc0,0x00,0x78,0x80,0x08,0xf0,0xf8,0x00,0xd0,
  0x20,0x30,0xc0,0x78,0x80,0xae,0x51,0xa9,0x56,0x8f,0x70,0xfe,0x01,0x09,0x06,0x0f,
  0x00,0x00,0x00,0x00,0x00,0xe8,0x10,0xd8,0x20,0xb0,0x40,0x58,0xa0,0xe8,0x10,0x38,
  0x00,0x00,0x00,0x00,0x00,0x00,0x00,0x07,0x00,0xfd,0x02,0x8d,0x72,0xab,0x54,0xa8,
  0x57,0xa3,0x5c,0xab,0x54,0x00,0x00,0xe0,0x00,0xa0,0x40,0xa0,0x40,0xb8,0x40,0x08,
  0xf0,0xb8,0x40,0xa0,0x40,0xab,0x54,0xaa,0x55,0xa9,0x56,0x8b,0x74,0xfa,0x04,0x0e,
  0x00,0x00,0x00,0x00,0x00,0x30,0xc0,0x98,0x60,0xa8,0x50,0xb8,0x40,0xa0,0x40,0xe0,
  0x00,0x00,0x00,0x00,0x00,0x00,0x00,0x3f,0x00,0x20,0x1f,0x2f,0x10,0x28,0x10,0x2f,
  0x10,0x20,0x1f,0xff,0x00,0x00,0x00,0xe0,0x00,0x20,0xc0,0xa0,0x40,0xa0,0x40,0xa0,
  0x40,0x20,0xc0,0xf8,0x00,0x82,0x7d,0xba,0x45,0xaa,0x45,0xba,0x45,0x82,0x7d,0xff,
  0x00,0x00,0x00,0x00,0x00,0x08,0xf0,0xe8,0x10,0xa8,0x10,0xe8,0x10,0x08,0xf0,0xf8,
  0x00,0x00,0x00,0x00,0x00,0x00,0x00,0x01,0x00,0xff,0x00,0x8c,0x73,0xaf,0x50,0xaf,
  0x50,0xa8,0x57,0xaf,0x50,0x00,0x00,0xc0,0x00,0x70,0x80,0x10,0xe0,0x70,0x80,0x78,
  0x80,0x08,0xf0,0xf8,0x00,0xaf,0x50,0xac,0x53,0x8f,0x70,0xff,0x00,0x08,0x07,0x0f,
  0x00,0x00,0x00,0x00,0x00,0x70,0x80,0x10,0xe0,0x70,0x80,0x78,0x80,0x08,0xf0,0xf8,
  0x00,0x00,0x00,0x00,0x00,0x00,0x00,0x01,0x00,0xfb,0x00,0x8e,0x71,0xad,0x52,0xa3,
  0x5c,0xac,0x53,0xaf,0x50,0x00,0x00,0xc0,0x00,0x60,0x80,0xb0,0x40,0xd8,0x20,0xe8,
  0x10,0x18,0xe0,0xf8,0x00,0xa8,0x57,0xab,0x54,0x8a,0x74,0xfb,0x04,0x08,0x07,0x0f,
  0x00,0x00,0x00,0x00,0x00,0x08,0xf0,0xe8,0x10,0x28,0x10,0xe8,0x10,0x08,0xf0,0xf8,
  0x00,0x00,0x00,0x00,0x00,0x00,0x00,0x01,0x00,0xfb,0x00,0x8e,0x71,0xa8,0x57,0xab,
  0x54,0xaa,0x55,0xaa,0x55,0x00,0x00,0xc0,0x00,0x40,0x80,0xf8,0x00,0x08,0xf0,0xe8,
  0x10,0x28,0xd0,0xa8,0x50,0xaa,0x55,0xaa,0x55,0x8a,0x75,0xfb,0x04,0x0a,0x04,0x0e,
  0x00,0x00,0x00,0x00,0x00,0xa8,0x50,0xa8,0x50,0x28,0xd0,0xe8,0x10,0x48,0x30,0x78,
  0x00,0x00,0x00,0x00,0x00,0x00,0x00,0x07,0x00,0xfd,0x02,0x88,0x77,0xad,0x52,0xaf,
  0x50,0xad,0x52,0xad,0x52,0x00,0x00,0x70,0x00,0xd8,0x20,0x08,0xf0,0xd8,0x20,0x70,
  0x00,0x50,0x20,0xd0,0x20,0xae,0x51,0xaa,0x51,0x8b,0x70,0xfe,0x01,0x09,0x06,0x0f,
  0x00,0x00,0x00,0x00,0x00,0xb0,0x40,0xa0,0x40,0x60,0x80,0xb8,0x40,0xc8,0x30,0x78,
  0x00,0x00,0x00,0x00,0x00,0x00,0x00,0x07,0x00,0xfd,0x02,0x8d,0x72,0xab,0x54,0xaa,
  0x55,0xa9,0x56,0xad,0x52,0x00,0x00,0xc0,0x00,0x40,0x80,0x78,0x80,0x08,0xf0,0xe8,
  0x10,0xe8,0x10,0x68,0x90,0xab,0x54,0xa8,0x57,0x8f,0x70,0xfe,0x01,0x09,0x06,0x0f,
  0x00,0x00,0x00,0x00,0x00,0xa8,0x50,0xa8,0x50,0xe8,0x10,0xe8,0x10,0x98,0x60,0xf0,
  0x00,0x00,0x00,0x00,0x00,0x00,0x00,0xff,0x00,0x80,0x7f,0xee,0x11,0x2e,0x11,0x20,
  0x1f,0xff,0x00,0x80,0x7f,0x00,0x00,0xf8,0x00,0x08,0xf0,0xd8,0x20,0xd0,0x20,0xd0,
  0x20,0xd8,0x20,0x08,0xf0,0xee,0x11,0x2e,0x11,0x20,0x1f,0x3f,0x00,0x01,0x00,0x01,
  0x00,0x00,0x00,0x00,0x00,0xd8,0x20,0xd0,0x20,0xd0,0x20,0xd0,0x20,0x10,0xe0,0xf0,
  0x00,0x00,0x00,0x00,0x00,0x00,0x00,0x03,0x00,0xfe,0x01,0x89,0x76,0xad,0x52,0xa0,
  0x5f,0xad,0x52,0xad,0x52,0x00,0x00,0xf0,0x00,0x98,0x60,0xa8,0x50,0xb8,0x40,0x08,
  0xf0,0xb8,0x40,0xa8,0x50,0xac,0x53,0xa1,0x5e,0x8d,0x72,0xfd,0x02,0x09,0x06,0x0f,
  0x00,0x00,0x00,0x00,0x00,0xa8,0x50,0xd8,0x20,0xd8,0x20,0xa8,0x50,0x68,0x90,0xf8,
  0x00,0x00,0x00,0x00,0x00,0x00,0x00,0x1f,0x00,0xf0,0x0f,0x8a,0x75,0xaa,0x55,0xa0,
  0x5f,0xaa,0x55,0xaa,0x55,0x00,0x00,0xf8,0x00,0x88,0x70,0xa8,0x50,0xa8,0x50,0xa8,
  0x50,0x98,0x60,0xa8,0x50,0xa0,0x5f,0xaa,0x55,0x8a,0x75,0xf6,0x09,0x2c,0x13,0x3f,
  0x00,0x00,0x00,0x00,0x00,0xa8,0x50,0xa8,0x50,0x88,0x70,0xb8,0x40,0xa0,0x40,0xe0,
  0x00,0x00,0x00,0x00,0x00,0x00,0x00,0x01,0x00,0xff,0x00,0x88,0x77,0xad,0x52,0xad,
  0x52,0xac,0x53,0xaf,0x50,0x00,0x00,0xc0,0x00,0x78,0x80,0x08,0xf0,0xd8,0x20,0xd0,
  0x20,0x10,0xe0,0xf0,0x00,0xac,0x53,0xaf,0x50,0x89,0x70,0xfb,0x00,0x02,0x01,0x03,
  0x00,0x00,0x00,0x00,0x00,0x10,0xe0,0xb0,0x40,0x60,0x80,0x40,0x80,0x40,0x80,0xc0,
  0x00,0x00,0x00,0x00,0x00,0x00,0x00,0x03,0x00,0xfe,0x01,0x8d,0x72,0xa8,0x57,0xad,
  0x52,0xac,0x53,0xab,0x54,0x00,0x00,0x80,0x00,0xf0,0x00,0xd8,0x20,0x28,0xd0,0xf8,
  0x00,0x10,0xe0,0x70,0x80,0xaf,0x50,0xa8,0x57,0x8e,0x71,0xfd,0x02,0x0b,0x04,0x0e,
  0x00,0x00,0x00,0x00,0x00,0x78,0x80,0x08,0xf0,0xb8,0x40,0xd8,0x20,0x68,0x10,0x38,
  0x00,0x00,0x00,0x00,0x00,0x00,0x00,0x0f,0x00,0xf8,0x07,0x8e,0x71,0xa8,0x57,0xad,
  0x52,0xad,0x52,0xa0,0x5f,0x00,0x00,0xf8,0x00,0x08,0xf0,0xf8,0x00,0x10,0xe0,0xd0,
  0x20,0xd8,0x20,0x08,0xf0,0xaf,0x50,0xa8,0x57,0x8b,0x74,0xfb,0x04,0x08,0x07,0x0f,
  0x00,0x00,0x00,0x00,0x00,0xf8,0x00,0x08,0xf0,0xe8,0x10,0xe8,0x10,0x08,0xf0,0xf8,
  0x00,0x00,0x00,0x00,0x00,0x00,0x00,0x07,0x00,0xfd,0x02,0x8d,0x72,0xa8,0x57,0xa3,
  0x5c,0xa8,0x57,0xab,0x54,0x00,0x00,0xc0,0x00,0x60,0x80,0xb8,0x40,0x08,0xf0,0xb8,
  0x40,0x08,0xf0,0xb8,0x40,0xab,0x54,0xa8,0x57,0x8b,0x74,0xfb,0x04,0x08,0x07,0x0f,
  0x00,0x00,0x00,0x00,0x00,0xb8,0x40,0x08,0xf0,0xb8,0x40,0xb8,0x40,0x08,0xf0,0xf8,
  0x00,0x00,0x00,0x00,0x00,0x00,0x00,0x07,0x00,0xfd,0x02,0x80,0x7f,0xef,0x10,0xf7,
  0x08,0x80,0x7f,0xb7,0x48,0x00,0x00,0x00,0x00,0xf8,0x00,0x08,0xf0,0xb8,0x40,0x78,
  0x80,0x08,0xf0,0x68,0x90,0xaf,0x50,0x90,0x6f,0xb7,0x48,0xb0,0x4f,0xbf,0x40,0xe0,
  0x00,0x00,0x00,0x00,0x00,0xa8,0x50,0x48,0xb0,0x68,0x90,0x68,0x90,0xc8,0x30,0x78,
  0x00,0x00,0x00,0x00,0x00,0x00,0x00,0x0f,0x00,0xf8,0x07,0x8a,0x75,0xaa,0x55,0xaa,
  0x55,0xa9,0x56,0xaa,0x55,0x00,0x00,0xf8,0x00,0x88,0x70,0xe8,0x10,0xe8,0x10,0x88,
  0x70,0xa8,0x50,0xa8,0x50,0xaa,0x55,0xaa,0x55,0x88,0x77,0xfb,0x04,0x0a,0x04,0x0e,
  0x00,0x00,0x00,0x00,0x00,0xa8,0x50,0x88,0x70,0xe8,0x10,0xe8,0x10,0x48,0x30,0x78,
  0x00,0x00,0x00,0x00,0x00,0x00,0x00,0x0f,0x00,0xfb,0x04,0x8b,0x74,0xa0,0x5f,0xab,
  0x54,0xaa,0x55,0xa9,0x56,0x00,0x00,0xc0,0x00,0x60,0x80,0xb8,0x40,0x08,0xf0,0xf8,
  0x00,0xe8,0x10,0x68,0x90,0xa3,0x5c,0xab,0x54,0x8b,0x74,0xfb,0x04,0x12,0x0d,0x1f,
  0x00,0x00,0x00,0x00,0x00,0x68,0x90,0x68,0x90,0x58,0xa0,0xd8,0x20,0x08,0xf0,0xf8,
  0x00,0x00,0x00,0x00,0x00,0x00,0x00,0x0f,0x00,0xf8,0x07,0x8b,0x74,0xa8,0x57,0xab,
  0x54,0xa8,0x57,0xaf,0x50,0x00,0x00,0xf8,0x00,0x08,0xf0,0x68,0x90,0x08,0xf0,0x68,
  0x90,0x08,0xf0,0xf8,0x00,0xa0,0x5f,0xab,0x54,0x8b,0x74,0xfa,0x05,0x09,0x06,0x0f,
  0x00,0x00,0x00,0x00,0x00,0x08,0xf0,0x78,0x80,0xa8,0x50,0xd8,0x20,0xe8,0x10,0x38,
  0x00,0x00,0x00,0x00,0x00,0x00,0x00,0x1d,0x00,0xf7,0x08,0x80,0x7f,0xfd,0x02,0x40,
  0x3f,0xfd,0x02,0x80,0x7f,0x00,0x00,0xc0,0x00,0x78,0x80,0x08,0xf0,0xf8,0x00,0x10,
  0xe0,0xf8,0x00,0x08,0xf0,0xed,0x12,0x80,0x7f,0xdf,0x20,0x5f,0x20,0x40,0x3f,0x7f,
  0x00,0x00,0x00,0x00,0x00,0xb8,0x40,0x08,0xf0,0xd8,0x20,0xd0,0x20,0x10,0xe0,0xf0,
  0x00,0x00,0x00,0x00,0x00,0x00,0x00,0x0f,0x00,0xf8,0x07,0x8b,0x74,0xa8,0x57,0xab,
  0x54,0xa8,0x57,0xaa,0x55,0x00,0x00,0xf8,0x00,0x08,0xf0,0xe8,0x10,0x08,0xf0,0xf8,
  0x00,0x08,0xf0,0xd8,0x20,0xa8,0x57,0xab,0x54,0x8a,0x75,0xfb,0x04,0x14,0x0b,0x1f,
  0x00,0x00,0x00,0x00,0x00,0x28,0xd0,0xb8,0x40,0x08,0xf0,0xb8,0x40,0x08,0xf0,0xf8,
  0x00,0x00,0x00,0x00,0x00,0x00,0x00,0x07,0x00,0xfd,0x02,0x80,0x7f,0xfd,0x02,0x40,
  0x3f,0x6f,0x10,0x20,0x1f,0x00,0x00,0x00,0x00,0xf8,0x00,0x08,0xf0,0xf8,0x00,0x10,
  0xe0,0xb0,0x40,0x20,0xc0,0xf7,0x08,0x80,0x7f,0xef,0x10,0x2f,0x10,0x20,0x1f,0x3f,
  0x00,0x00,0x00,0x00,0x00,0x78,0x80,0x08,0xf0,0xb8,0x40,0xa0,0x40,0x20,0xc0,0xe0,
  0x00,0x00,0x00,0x00,0x00,0x00,0x00,0x0f,0x00,0xf8,0x07,0x8b,0x74,0xa8,0x57,0xab,
  0x54,0xa8,0x57,0xad,0x52,0x00,0x00,0xf0,0x00,0x10,0xe0,0xd0,0x20,0x10,0xe0,0xd0,
  0x20,0x10,0xe0,0xf8,0x00,0xa8,0x57,0xa7,0x58,0x8a,0x75,0xf8,0x07,0x0f,0x00,0x00,
  0x00,0x00,0x00,0x00,0x00,0x08,0xf0,0x68,0x90,0xa8,0x50,0x28,0xd0,0xc8,0x30,0x78,
  0x00,0x00,0x00,0x00,0x00,0x00,0x00,0x01,0x00,0xff,0x00,0x88,0x77,0xad,0x52,0xa8,
  0x57,0xad,0x52,0xa8,0x57,0x00,0x00,0xc0,0x00,0x78,0x80,0x08,0xf0,0x58,0xa0,0x08,
  0xf0,0xd8,0x20,0x08,0xf0,0xab,0x54,0xab,0x54,0x8b,0x74,0xfe,0x01,0x09,0x06,0x0f,
  0x00,0x00,0x00,0x00,0x00,0xe8,0x10,0x68,0x90,0x68,0x90,0xb8,0x40,0xc8,0x30,0x78,
  0x00,0x00,0x00,0x00,0x00,0x00,0x00,0x0f,0x00,0xf8,0x07,0x8b,0x74,0xa8,0x57,0xab,
  0x54,0xaa,0x55,0xa9,0x56,0x00,0x00,0xf8,0x00,0x08,0xf0,0x68,0x90,0x08,0xf0,0x68,
  0x90,0xa8,0x50,0xc8,0x30,0xa8,0x57,0xae,0x51,0x8d,0x72,0xf5,0x0a,0x16,0x09,0x1f,
  0x00,0x00,0x00,0x00,0x00,0x08,0xf0,0xf8,0x00,0x58,0xa0,0xa8,0x50,0x28,0xd0,0xf8,
  0x00,0x00,0x00,0x00,0x00,0x00,0x00,0x01,0x00,0xff,0x00,0x88,0x77,0xaa,0x55,0xaa,
  0x55,0xa8,0x57,0xaa,0x55,0x00,0x00,0xc0,0x00,0x78,0x80,0x08,0xf0,0xd8,0x20,0xd8,
  0x20,0x08,0xf0,0xd8,0x20,0xa8,0x57,0xa8,0x57,0x8a,0x75,0xfa,0x05,0x16,0x09,0x1f,
  0x00,0x00,0x00,0x00,0x00,0x98,0x60,0x88,0x70,0x58,0xa0,0xd0,0x20,0xd0,0x20,0xf0,
  0x00,0x00,0x00,0x00,0x00,0x00,0x00,0x07,0x00,0xfd,0x02,0x80,0x7f,0xad,0x52,0xac,
  0x53,0xa0,0x5f,0xad,0x52,0x00,0x00,0xf8,0x00,0x88,0x70,0xa8,0x50,0x28,0xd0,0xa8,
  0x50,0x18,0xe0,0xa8,0x50,0xa8,0x57,0xa2,0x5d,0x88,0x77,0xfa,0x05,0x08,0x07,0x0f,
  0x00,0x00,0x00,0x00,0x00,0xa8,0x50,0xa8,0x50,0x88,0x70,0xb8,0x40,0xa0,0x40,0xe0,
  0x00,0x00,0x00,0x00,0x00,0x00,0x00,0x01,0x00,0xff,0x00,0x8b,0x74,0xa8,0x57,0xaf,
  0x50,0xa8,0x57,0xaa,0x55,0x00,0x00,0xc0,0x00,0x78,0x80,0x68,0x90,0x08,0xf0,0xf8,
  0x00,0x88,0x70,0xa8,0x50,0xa8,0x57,0xaa,0x55,0x88,0x77,0xfa,0x05,0x14,0x0b,0x1f,
  0x00,0x00,0x00,0x00,0x00,0x88,0x70,0xa8,0x50,0x88,0x70,0xa8,0x50,0x48,0xb0,0xf8,
  0x00,0x00,0x00,0x00,0x00,0x00,0x00,0x0f,0x00,0xf8,0x07,0x8b,0x74,0xa9,0x56,0xab,
  0x54,0xa8,0x57,0xaf,0x50,0x00,0x00,0xf8,0x00,0x08,0xf0,0x68,0x90,0x48,0xb0,0x68,
  0x90,0x08,0xf0,0x78,0x80,0xa8,0x57,0xaf,0x50,0x88,0x77,0xff,0x00,0x0a,0x05,0x0f,
  0x00,0x00,0x00,0x00,0x00,0x08,0xf0,0x78,0x80,0x08,0xf0,0xf8,0x00,0xa8,0x50,0xf8,
  0x00,0x00,0x00,0x00,0x00,0x00,0x00,0x07,0x00,0xfc,0x03,0x8b,0x74,0xa0,0x5f,0xab,
  0x54,0xa8,0x57,0xab,0x54,0x00,0x00,0xe0,0x00,0x20,0xc0,0xb8,0x40,0x08,0xf0,0x68,
  0x90,0x08,0xf0,0x68,0x90,0xa0,0x5f,0xad,0x52,0x8c,0x73,0xfd,0x02,0x04,0x03,0x07,
  0x00,0x00,0x00,0x00,0x00,0x08,0xf0,0xd8,0x20,0x10,0xe0,0xd0,0x20,0x10,0xe0,0xf0,
  0x00,0x00,0x00,0x00,0x00,0x00,0x00,0x01,0x00,0xff,0x00,0x88,0x77,0xa9,0x56,0xab,
  0x54,0xa8,0x57,0xaa,0x55,0x00,0x00,0xc0,0x00,0x78,0x80,0x08,0xf0,0x48,0xb0,0x68,
  0x90,0x08,0xf0,0x28,0xd0,0xa9,0x56,0xa0,0x5f,0x8e,0x71,0xfd,0x02,0x13,0x0c,0x1e,
  0x00,0x00,0x00,0x00,0x00,0x48,0xb0,0x08,0xf0,0xb8,0x40,0xd8,0x20,0x68,0x10,0x38,
  0x00,0x00,0x00,0x00,0x00,0x00,0x00,0x7f,0x00,0x42,0x3d,0x5a,0x25,0x5a,0x25,0x42,
  0x3d,0xfd,0x02,0x80,0x7f,0x00,0x00,0xf0,0x00,0x10,0xe0,0xd0,0x20,0xd0,0x20,0x10,
  0xe0,0x78,0x80,0x08,0xf0,0xef,0x10,0x82,0x7d,0xda,0x25,0x5a,0x25,0x42,0x3d,0x7f,
  0x00,0x00,0x00,0x00,0x00,0xb8,0x40,0x08,0xf0,0xd8,0x20,0xd0,0x20,0x10,0xe0,0xf0,
  0x00,0x00,0x00,0x00,0x00,0x00,0x00,0x0e,0x00,0xfb,0x04,0x88,0x77,0xa5,0x5a,0xaf,
  0x50,0xa8,0x57,0xaf,0x50,0x00,0x00,0xe0,0x00,0xb8,0x40,0x88,0x70,0x58,0xa0,0xf8,
  0x00,0x08,0xf0,0x78,0x80,0xad,0x52,0xad,0x52,0x8a,0x75,0xff,0x00,0x08,0x07,0x0f,
  0x00,0x00,0x00,0x00,0x00,0x50,0xa0,0x58,0xa0,0x28,0xd0,0x78,0x80,0x08,0xf0,0xf8,
  0x00,0x00,0x00,0x00,0x00,0x00,0x00,0xff,0x00,0x80,0x7f,0xbf,0x40,0xa5,0x42,0xa5,
  0x42,0xad,0x42,0xaa,0x45,0x00,0x00,0xf8,0x00,0x08,0xf0,0xe8,0x10,0x28,0x10,0x28,
  0x10,0xa8,0x10,0xa8,0x10,0xba,0x45,0xb7,0x48,0xad,0x50,0xbf,0x40,0x80,0x7f,0xff,
  0x00,0x00,0x00,0x00,0x00,0xe8,0x10,0x68,0x90,0xa8,0x50,0xe8,0x10,0x08,0xf0,0xf8,
  0x00,0x00,0x00,0x00,0x00,0x00,0x00,0xff,0x00,0x80,0x7f,0xb7,0x48,0xb5,0x48,0xb5,
  0x48,0xb5,0x48,0xb5,0x48,0x00,0x00,0xf8,0x00,0x08,0xf0,0x68,0x90,0x68,0x90,0x68,
  0x90,0x68,0x90,0x68,0x90,0xad,0x50,0x99,0x60,0xb0,0x40,0xbf,0x40,0x80,0x7f,0xff,
  0x00,0x00,0x00,0x00,0x00,0x08,0xf0,0xe8,0x10,0x28,0x10,0xe8,0x10,0x08,0xf0,0xf8,
  0x00,0x00,0x00,0x00,0x00,0x00,0x00,0xff,0x00,0x80,0x7f,0xbf,0x40,0xbf,0x40,0xb0,
  0x4f,0xb7,0x48,0xb5,0x48,0x00,0x00,0xf8,0x00,0x08,0xf0,0xe8,0x10,0xe8,0x10,0x68,
  0x90,0x68,0x90,0x68,0x90,0xb7,0x48,0xb0,0x4f,0xbf,0x40,0xbf,0x40,0x80,0x7f,0xff,
  0x00,0x00,0x00,0x00,0x00,0x68,0x90,0x68,0x90,0xe8,0x10,0xe8,0x10,0x08,0xf0,0xf8,
  0x00,0x00,0x00,0x00,0x00,0x00,0x00,0xff,0x00,0x80,0x7f,0xbf,0x40,0xa5,0x42,0xbd,
  0x42,0xa0,0x5f,0xbd,0x42,0x00,0x00,0xf8,0x00,0x08,0xf0,0xe8,0x10,0x28,0x10,0xe8,
  0x10,0x28,0xd0,0xe8,0x10,0xba,0x45,0xb7,0x48,0xad,0x50,0xbf,0x40,0x80,0x7f,0xff,
  0x00,0x00,0x00,0x00,0x00,0xe8,0x10,0x68,0x90,0xa8,0x50,0xe8,0x10,0x08,0xf0,0xf8,
  0x00,0x00,0x00,0x00,0x00,0x00,0x00,0xff,0x00,0x80,0x7f,0xbf,0x40,0xbe,0x41,0xa0,
  0x5f,0xbc,0x43,0xba,0x45,0x00,0x00,0xf8,0x00,0x08,0xf0,0xe8,0x10,0xe8,0x10,0x28,
  0xd0,0xe8,0x10,0xa8,0x10,0xb6,0x49,0xae,0x51,0xbc,0x43,0xbf,0x40,0x80,0x7f,0xff,
  0x00,0x00,0x00,0x00,0x00,0xa8,0x10,0xa8,0x10,0xa8,0x10,0xe8,0x10,0x08,0xf0,0xf8,
  0x00,0x00,0x00,0x00,0x00,0x00,0x00,0xff,0x00,0x80,0x7f,0xbf,0x40,0xb0,0x4f,0xbf,
  0x40,0xa0,0x5f,0xba,0x45,0x00,0x00,0xf8,0x00,0x08,0xf0,0xe8,0x10,0x68,0x90,0xe8,
  0x10,0x28,0xd0,0xe8,0x10,0xba,0x45,0xb6,0x49,0xae,0x51,0xbf,0x40,0x80,0x7f,0xff,
  0x00,0x00,0x00,0x00,0x00,0xe8,0x10,0xa8,0x50,0x28,0xd0,0xe8,0x10,0x08,0xf0,0xf8,
  0x00,0x00,0x00,0x00,0x00,0x00,0x00,0xff,0x00,0x80,0x7f,0xbf,0x40,0xa5,0x42,0xbd,
  0x42,0xa0,0x5f,0xb8,0x47,0x00,0x00,0xf8,0x00,0x08,0xf0,0xe8,0x10,0x28,0x10,0xe8,
  0x10,0x28,0xd0,0xe8,0x10,0xb5,0x4a,0xad,0x52,0xbd,0x42,0xbf,0x40,0x80,0x7f,0xff,
  0x00,0x00,0x00,0x00,0x00,0x68,0x90,0xa8,0x50,0xe8,0x10,0xe8,0x10,0x08,0xf0,0xf8,
  0x00,0x00,0x00,0x00,0x00,0x00,0x00,0xff,0x00,0x80,0x7f,0xbd,0x42,0xa0,0x5f,0xbd,
  0x42,0xb0,0x4f,0xbd,0x42,0x00,0x00,0xf8,0x00,0x08,0xf0,0xe8,0x10,0x28,0xd0,0xe8,
  0x10,0x68,0x90,0xe8,0x10,0xa0,0x5f,0xbd,0x42,0xa5,0x42,0xbd,0x42,0x80,0x7f,0xff,
  0x00,0x00,0x00,0x00,0x00,0x28,0xd0,0xa8,0x50,0x28,0xd0,0xe8,0x10,0x08,0xf0,0xf8,
  0x00,0x00,0x00,0x00,0x00,0x00,0x00,0xff,0x00,0x80,0x7f,0xbd,0x42,0xbd,0x42,0xa0,
  0x5f,0xbd,0x42,0xb0,0x4f,0x00,0x00,0xf8,0x00,0x08,0xf0,0xe8,0x10,0xe8,0x10,0x28,
  0xd0,0xe8,0x10,0x68,0x90,0xb7,0x48,0xb7,0x48,0xb0,0x4f,0xbf,0x40,0x80,0x7f,0xff,
  0x00,0x00,0x00,0x00,0x00,0x68,0x90,0x68,0x90,0x68,0x90,0xe8,0x10,0x08,0xf0,0xf8,
  0x00,0x00,0x00,0x00,0x00,0x00,0x00,0xff,0x00,0x80,0x7f,0xbf,0x40,0xa0,0x5f,0xbd,
  0x42,0xbd,0x42,0xb0,0x4f,0x00,0x00,0xf8,0x00,0x08,0xf0,0xe8,0x10,0x28,0xd0,0xe8,
  0x10,0xe8,0x10,0x68,0x90,0xbd,0x42,0xbd,0x42,0xa0,0x5f,0xbf,0x40,0x80,0x7f,0xff,
  0x00,0x00,0x00,0x00,0x00,0xe8,0x10,0x68,0x90,0x28,0xd0,0xe8,0x10,0x08,0xf0,0xf8,
  0x00,0x00,0x00,0x00,0x00,0x00,0x00,0xff,0x00,0x80,0x7f,0xbb,0x44,0xb8,0x47,0xa7,
  0x58,0xb8,0x47,0x87,0x78,0x00,0x00,0xf8,0x00,0x08,0xf0,0xe8,0x10,0x68,0x90,0x68,
  0x90,0xe8,0x10,0x08,0xf0,0xb9,0x46,0xbe,0x41,0xb3,0x4c,0xbc,0x43,0x80,0x7f,0xff,
  0x00,0x00,0x00,0x00,0x00,0xe8,0x10,0x68,0x90,0xe8,0x10,0xe8,0x10,0x08,0xf0,0xf8,
  0x00,0x00,0x00,0x00,0x00,0x00,0x00,0x07,0x00,0x05,0x02,0x05,0x02,0x05,0x02,0x7d,
  0x02,0x40,0x3f,0x7d,0x02,0x00,0x00,0x00,0x00,0x00,0x00,0x00,0x00,0x00,0x00,0xf0,
  0x00,0x10,0xe0,0xf0,0x00,0x05,0x02,0x05,0x02,0x05,0x02,0xfd,0x02,0x80,0x7f,0xff,
  0x00,0x00,0x00,0x00,0x00,0x00,0x00,0x00,0x00,0x00,0x00,0xf8,0x00,0x08,0xf0,0xf8,
  0x00,0x00,0x00,0x00,0x00,0x00,0x00,0x7f,0x00,0x40,0x3f,0x6f,0x10,0x37,0x08,0x38,
  0x07,0xe7,0x18,0x9d,0x62,0x00,0x00,0xf0,0x00,0x10,0xe0,0xb0,0x40,0x60,0x80,0xe0,
  0x00,0x38,0xc0,0xc8,0x30,0xfd,0x02,0x40,0x3f,0x7d,0x02,0xfd,0x02,0x80,0x7f,0xff,
  0x00,0x00,0x00,0x00,0x00,0xf8,0x00,0x10,0xe0,0xf0,0x00,0xf8,0x00,0x08,0xf0,0xf8,
  0x00,0x00,0x00,0x00,0x00,0x00,0x00,0x0e,0x00,0x0a,0x04,0xfb,0x04,0x80,0x7f,0xf7,
  0x08,0x35,0x08,0x6f,0x10,0x00,0x00,0x00,0x00,0x00,0x00,0xf8,0x00,0x08,0xf0,0xf8,
  0x00,0x40,0x80,0x78,0x80,0xc8,0x37,0xaf,0x50,0xe9,0x10,0x2f,0x10,0x28,0x17,0x3f,
  0x00,0x00,0x00,0x00,0x00,0x08,0xf0,0x78,0x80,0x40,0x80,0x78,0x80,0x08,0xf0,0xf8,
  0x00,0x00,0x00,0x00,0x00,0x00,0x00,0x71,0x00,0x5f,0x20,0x5b,0x24,0xdb,0x24,0x8a,
  0x75,0xd1,0x2e,0x5b,0x24,0x00,0x00,0xc0,0x00,0x40,0x80,0x78,0x80,0x48,0xb0,0x28,
  0xd0,0x68,0x90,0x68,0x90,0x5b,0x24,0xcb,0x34,0x9b,0x64,0xfb,0x04,0x0c,0x03,0x07,
  0x00,0x00,0x00,0x00,0x00,0x48,0xb0,0x78,0x80,0xe8,0x10,0xe8,0x10,0x08,0xf0,0xf8,
  0x00,0x00,0x00,0x00,0x00,0x00,0x00,0x7f,0x00,0x58,0x27,0x5f,0x20,0xdb,0x20,0x8e,
  0x71,0xd8,0x27,0x5e,0x21,0x00,0x00,0xf0,0x00,0x10,0xe0,0xb0,0x40,0x60,0x80,0xf8,
  0x00,0x08,0xf0,0xa8,0x50,0x5d,0x22,0xcb,0x34,0x9f,0x60,0xf6,0x01,0x05,0x02,0x07,
  0x00,0x00,0x00,0x00,0x00,0xa8,0x50,0x68,0x90,0x68,0x90,0xe8,0x10,0x98,0x60,0xf0,
  0x00,0x00,0x00,0x00,0x00,0x00,0x00,0x3f,0x00,0x28,0x17,0x2f,0x10,0xed,0x10,0x87,
  0x78,0xee,0x11,0x2d,0x12,0x00,0x00,0xf8,0x00,0x08,0xf0,0xb8,0x40,0x60,0x80,0x70,
  0x80,0x58,0xa0,0x68,0x90,0x2b,0x14,0xe7,0x18,0x9d,0x60,0xf1,0x00,0x01,0x00,0x01,
  0x00,0x00,0x00,0x00,0x00,0x68,0x90,0x78,0x80,0x40,0x80,0x40,0x80,0x40,0x80,0xc0,
  0x00,0x00,0x00,0x00,0x00,0x00,0x00,0x07,0x00,0x3d,0x02,0x2d,0x12,0x2d,0x12,0x6d,
  0x12,0xd5,0x2a,0xb8,0x47,0x00,0x00,0x00,0x00,0xe0,0x00,0xa0,0x40,0xa0,0x40,0xb0,
  0x40,0x58,0xa0,0xe8,0x10,0xfd,0x02,0x40,0x3f,0x7d,0x02,0xfd,0x02,0x80,0x7f,0xff,
  0x00,0x00,0x00,0x00,0x00,0xf8,0x00,0x10,0xe0,0xf0,0x00,0xf8,0x00,0x08,0xf0,0xf8,
  0x00,0x00,0x00,0x00,0x00,0x00,0x00,0x73,0x00,0x52,0x21,0x5e,0x21,0xd8,0x27,0x8e,
  0x71,0xda,0x21,0x5e,0x21,0x00,0x00,0x80,0x00,0x80,0x00,0xf0,0x00,0x10,0xe0,0xd0,
  0x20,0xd0,0x20,0xd8,0x20,0x50,0x2f,0xce,0x31,0x9d,0x62,0xfb,0x04,0x26,0x18,0x3c,
  0x00,0x00,0x00,0x00,0x00,0x08,0xf0,0xf8,0x00,0x60,0x80,0xb8,0x40,0xc8,0x30,0x78,
  0x00,0x00,0x00,0x00,0x00,0x00,0x00,0x7f,0x00,0x58,0x27,0x5b,0x24,0xda,0x24,0x8b,
  0x74,0xd8,0x27,0x5b,0x24,0x00,0x00,0xf0,0x00,0x10,0xe0,0xd0,0x20,0x50,0x20,0xd0,
  0x20,0x10,0xe0,0xd0,0x20,0x5a,0x24,0xcb,0x34,0x98,0x67,0xff,0x00,0x10,0x0f,0x1f,
  0x00,0x00,0x00,0x00,0x00,0x50,0x20,0xd0,0x20,0x10,0xe0,0xf8,0x00,0x08,0xf0,0xf8,
  0x00,0x00,0x00,0x00,0x00,0x00,0x00,0xff,0x00,0x80,0x7f,0xed,0x12,0xed,0x12,0x80,
  0x7f,0xed,0x12,0xdd,0x22,0x00,0x00,0xb8,0x00,0xe8,0x10,0xa8,0x50,0xa8,0x50,0xa8,
  0x50,0xa8,0x50,0xe8,0x10,0xb7,0x40,0xfd,0x02,0x40,0x3f,0xfd,0x02,0x80,0x7f,0xff,
  0x00,0x00,0x00,0x00,0x00,0x48,0x30,0xf8,0x00,0x10,0xe0,0xf8,0x00,0x08,0xf0,0xf8,
  0x00,0x00,0x00,0x00,0x00,0x00,0x00,0x7f,0x00,0x58,0x27,0x5b,0x24,0xdb,0x24,0x88,
  0x77,0xdb,0x24,0x5b,0x24,0x00,0x00,0xf8,0x00,0x08,0xf0,0x68,0x90,0x68,0x90,0x08,
  0xf0,0x68,0x90,0x68,0x90,0x58,0x27,0xcf,0x30,0x98,0x67,0xff,0x00,0x10,0x0f,0x1f,
  0x00,0x00,0x00,0x00,0x00,0x08,0xf0,0x78,0x80,0x08,0xf0,0x78,0x80,0x08,0xf0,0xf8,
  0x00,0x00,0x00,0x00,0x00,0x00,0x00,0x70,0x00,0x50,0x20,0x5f,0x20,0xd8,0x27,0x8b,
  0x74,0xd8,0x27,0x5a,0x25,0x00,0x00,0xf8,0x00,0xa8,0x50,0xa8,0x50,0x08,0xf0,0xb8,
  0x40,0xa8,0x50,0xa8,0x50,0x5a,0x25,0xca,0x35,0x98,0x67,0xfb,0x04,0x16,0x09,0x1f,
  0x00,0x00,0x00,0x00,0x00,0xa8,0x50,0xd8,0x20,0xd8,0x20,0xa8,0x50,0x68,0x90,0xf8,
  0x00,0x00,0x00,0x00,0x00,0x00,0x00,0x38,0x00,0xef,0x10,0x80,0x7f,0xef,0x10,0x20,
  0x1f,0xef,0x10,0x80,0x7f,0x00,0x00,0xe0,0x00,0xb8,0x40,0x08,0xf0,0xb8,0x40,0x20,
  0xc0,0xb8,0x40,0x08,0xf0,0xef,0x10,0xdd,0x22,0xa0,0x5f,0xfd,0x02,0x40,0x3f,0x7f,
  0x00,0x00,0x00,0x00,0x00,0xb8,0x40,0xd8,0x20,0x28,0xd0,0xf8,0x00,0x10,0xe0,0xf0,
  0x00,0x00,0x00,0x00,0x00,0x00,0x00,0x77,0x00,0x5d,0x22,0xed,0x12,0x80,0x7f,0xbf,
  0x40,0xa0,0x5f,0xef,0x10,0x00,0x00,0x70,0x00,0xd0,0x20,0xb8,0x40,0x08,0xf0,0xe8,
  0x10,0x28,0xd0,0xb8,0x40,0x20,0x1f,0x7d,0x02,0x40,0x3f,0xfd,0x02,0x80,0x7f,0xff,
  0x00,0x00,0x00,0x00,0x00,0x20,0xc0,0xf0,0x00,0x10,0xe0,0xf8,0x00,0x08,0xf0,0xf8,
  0x00,0x00,0x00,0x00,0x00,0x00,0x00,0xfd,0x00,0x87,0x78,0xb4,0x4b,0xae,0x51,0xb4,
  0x4b,0xb2,0x4d,0x86,0x79,0x00,0x00,0xc0,0x00,0x78,0x80,0x08,0xf0,0xf8,0x00,0x08,
  0xf0,0xe8,0x10,0x08,0xf0,0xbe,0x41,0xfd,0x02,0x40,0x3f,0xfd,0x02,0x80,0x7f,0xff,
  0x00,0x00,0x00,0x00,0x00,0xe8,0x10,0xf8,0x00,0x10,0xe0,0xf8,0x00,0x08,0xf0,0xf8,
  0x00,0x00,0x00,0x00,0x00,0x00,0x00,0x3f,0x00,0x28,0x17,0x6b,0x14,0xd8,0x27,0x9f,
  0x60,0xd0,0x2f,0x5d,0x22,0x00,0x00,0xf0,0x00,0x10,0xe0,0xd0,0x20,0x10,0xe0,0x78,
  0x80,0x08,0xf0,0x58,0xa0,0x53,0x2c,0x7d,0x02,0x40,0x3f,0xfd,0x02,0x80,0x7f,0xff,
  0x00,0x00,0x00,0x00,0x00,0x68,0x90,0xf8,0x00,0x10,0xe0,0xf8,0x00,0x08,0xf0,0xf8,
  0x00,0x00,0x00,0x00,0x00,0x00,0x00,0x73,0x00,0x5e,0x21,0x58,0x27,0xde,0x21,0x8e,
  0x71,0xd0,0x2f,0x5e,0x21,0x00,0x00,0x80,0x00,0xf8,0x00,0x28,0xd0,0xd8,0x20,0xb8,
  0x40,0x08,0xf0,0xf8,0x00,0x5c,0x23,0xc9,0x36,0x94,0x6b,0xfd,0x02,0x04,0x03,0x07,
  0x00,0x00,0x00,0x00,0x00,0x10,0xe0,0xd0,0x20,0x10,0xe0,0xd0,0x20,0x10,0xe0,0xf0,
  0x00,0x00,0x00,0x00,0x00,0x00,0x00,0x77,0x00,0x5d,0x22,0x50,0x2f,0xdd,0x22,0x8e,
  0x71,0xdd,0x22,0x52,0x2d,0x00,0x00,0x70,0x00,0xd8,0x20,0x08,0xf0,0xd8,0x20,0x30,
  0xc0,0xd8,0x20,0x28,0xd0,0x5f,0x20,0xc8,0x37,0x9b,0x64,0xfb,0x04,0x08,0x07,0x0f,
  0x00,0x00,0x00,0x00,0x00,0xf8,0x00,0x08,0xf0,0xe8,0x10,0xe8,0x10,0x08,0xf0,0xf8,
  0x00,0x00,0x00,0x00,0x00,0x00,0x00,0x71,0x00,0x5f,0x20,0x58,0x27,0xdb,0x24,0x8a,
  0x75,0xdb,0x24,0x58,0x27,0x00,0x00,0xc0,0x00,0x78,0x80,0x08,0xf0,0xb8,0x40,0x08,
  0xf0,0xa8,0x50,0x08,0xf0,0x5b,0x24,0xca,0x35,0x9a,0x65,0xfa,0x05,0x16,0x09,0x1f,
  0x00,0x00,0x00,0x00,0x00,0xa8,0x50,0x08,0xf0,0xe8,0x10,0xe8,0x10,0x08,0xf0,0xf8,
  0x00,0x00,0x00,0x00,0x00,0x00,0x00,0x07,0x00,0xfd,0x02,0x80,0x7f,0xb7,0x48,0xc0,
  0x3f,0xf7,0x08,0x80,0x7f,0x00,0x00,0x00,0x00,0xf8,0x00,0x08,0xf0,0x68,0x90,0x18,
  0xe0,0x78,0x80,0x08,0xf0,0xef,0x10,0xdd,0x22,0xa0,0x5f,0xfd,0x02,0x80,0x7f,0xff,
  0x00,0x00,0x00,0x00,0x00,0xb8,0x40,0xd8,0x20,0x28,0xd0,0xf8,0x00,0x08,0xf0,0xf8,
  0x00,0x00,0x00,0x00,0x00,0x00,0x00,0x1d,0x00,0xf7,0x08,0x80,0x7f,0xf7,0x08,0x40,
  0x3f,0xdf,0x20,0x80,0x7f,0x00,0x00,0xc0,0x00,0x78,0x80,0x08,0xf0,0x78,0x80,0x10,
  0xe0,0xd8,0x20,0x08,0xf0,0xf7,0x08,0xed,0x12,0x90,0x6f,0xfd,0x02,0x40,0x3f,0x7f,
  0x00,0x00,0x00,0x00,0x00,0x78,0x80,0xb8,0x40,0x48,0xb0,0xf8,0x00,0x10,0xe0,0xf0,
  0x00,0x00,0x00,0x00,0x00,0x00,0x00,0x71,0x00,0x5f,0x20,0x58,0x27,0xdd,0x22,0x8f,
  0x70,0xd0,0x2f,0x5f,0x20,0x00,0x00,0xc0,0x00,0x78,0x80,0x08,0xf0,0x58,0xa0,0x78,
  0x80,0x08,0xf0,0xf8,0x00,0x58,0x27,0xcb,0x34,0x9a,0x65,0xfa,0x05,0x08,0x07,0x0f,
  0x00,0x00,0x00,0x00,0x00,0x08,0xf0,0xe8,0x10,0x28,0xd0,0xa8,0x50,0x08,0xf0,0xf8,
  0x00,0x00,0x00,0x00,0x00,0x00,0x00,0x77,0x00,0x5d,0x22,0x50,0x2f,0xd7,0x28,0x85,
  0x7a,0xd0,0x2f,0x5f,0x20,0x00,0x00,0x70,0x00,0xd8,0x20,0x08,0xf0,0x68,0x90,0x48,
  0xb0,0x08,0xf0,0xf8,0x00,0x58,0x27,0xcb,0x34,0x98,0x67,0xfb,0x04,0x08,0x07,0x0f,
  0x00,0x00,0x00,0x00,0x00,0x10,0xe0,0xd0,0x20,0x10,0xe0,0xd0,0x20,0x10,0xe0,0xf0,
  0x00,0x00,0x00,0x00,0x00,0x00,0x00,0x07,0x00,0x05,0x02,0x05,0x02,0x05,0x02,0xfd,
  0x02,0x80,0x7f,0xfd,0x02,0x00,0x00,0x00,0x00,0x00,0x00,0x00,0x00,0x00,0x00,0xf8,
  0x00,0x08,0xf0,0xf8,0x00,0x05,0x02,0x05,0x02,0x05,0x02,0x7d,0x02,0x40,0x3f,0x7f,
  0x00,0x00,0x00,0x00,0x00,0x00,0x00,0x00,0x00,0x00,0x00,0xf0,0x00,0x10,0xe0,0xf0,
  0x00,0x00,0x00,0x00,0x00,0x00,0x00,0x39,0x00,0x29,0x10,0xe9,0x10,0xaf,0x50,0xc8,
  0x37,0x6f,0x10,0x29,0x10,0x00,0x00,0xc0,0x00,0x40,0x80,0x40,0x80,0x78,0x80,0x08,
  0xf0,0x78,0x80,0x40,0x80,0x69,0x10,0xc9,0x30,0xa9,0x50,0xef,0x10,0x2c,0x13,0x3f,
  0x00,0x00,0x00,0x00,0x00,0x40,0x80,0x40,0x80,0x40,0x80,0x70,0x80,0x10,0xe0,0xf0,
  0x00,0x00,0x00,0x00,0x00,0x00,0x00,0x07,0x00,0xfd,0x02,0x80,0x7f,0xfd,0x02,0x40,
  0x3f,0x7f,0x00,0x40,0x3f,0x00,0x00,0x00,0x00,0xf8,0x00,0x08,0xf0,0xf8,0x00,0x10,
  0xe0,0xf0,0x00,0x10,0xe0,0x5d,0x22,0x40,0x3f,0x5f,0x20,0xd0,0x20,0xb0,0x40,0xe0,
  0x00,0x00,0x00,0x00,0x00,0xd0,0x20,0x10,0xe0,0xf0,0x00,0x00,0x00,0x00,0x00,0x00,
  0x00,0x00,0x00,0x00,0x00,0x00,0x00,0x38,0x00,0x28,0x10,0x2f,0x10,0x61,0x1e,0x5d,
  0x22,0xdd,0x22,0xad,0x52,0x00,0x00,0xe0,0x00,0xa0,0x40,0xa0,0x40,0xa0,0x40,0xb0,
  0x40,0x98,0x60,0xa8,0x50,0xeb,0x14,0x2a,0x14,0x37,0x08,0xe9,0x16,0x9e,0x61,0xf3,
  0x00,0x00,0x00,0x00,0x00,0xb8,0x40,0xa0,0x40,0xa0,0x40,0xf8,0x00,0x08,0xf0,0xf8,
  0x00,0x00,0x00,0x00,0x00,0x00,0x00,0x1c,0x00,0x37,0x08,0xe0,0x1f,0x97,0x68,0xf8,
  0x07,0xe7,0x18,0x9f,0x60,0x00,0x00,0x00,0x00,0xe0,0x00,0x20,0xc0,0x60,0x80,0xe0,
  0x00,0x38,0xc0,0xc8,0x30,0xc0,0x3f,0x5d,0x22,0x40,0x3f,0x5d,0x22,0x40,0x3f,0x7f,
  0x00,0x00,0x00,0x00,0x00,0x18,0xe0,0xd0,0x20,0x10,0xe0,0xd0,0x20,0x10,0xe0,0xf0,
  0x00,0x00,0x00,0x00,0x00,0x00,0x00,0x70,0x00,0x5f,0x20,0xc0,0x3f,0xaf,0x50,0xe0,
  0x1f,0x2f,0x10,0x20,0x1f,0x00,0x00,0x00,0x00,0xf8,0x00,0x08,0xf0,0xd8,0x20,0x10,
  0xe0,0xd0,0x20,0x10,0xe0,0x3b,0x04,0x70,0x0f,0x47,0x38,0xf8,0x07,0x87,0x78,0xfc,
  0x00,0x00,0x00,0x00,0x00,0xf0,0x00,0x10,0xe0,0xb0,0x40,0x78,0x80,0x88,0x70,0xf8,
  0x00,0x00,0x00,0x00,0x00,0x00,0x00,0x39,0x00,0x29,0x10,0x2f,0x10,0x63,0x1c,0x5b,
  0x24,0xdb,0x24,0xab,0x54,0x00,0x00,0xc0,0x00,0x40,0x80,0x40,0x80,0x40,0x80,0x60,
  0x80,0x30,0xc0,0x58,0xa0,0xf7,0x08,0x35,0x08,0x6d,0x10,0xd9,0x20,0xb1,0x40,0xe1,
  0x00,0x00,0x00,0x00,0x00,0x68,0x90,0x78,0x80,0x40,0x80,0x40,0x80,0x40,0x80,0xc0,
  0x00,0x00,0x00,0x00,0x00,0x00,0x00,0x07,0x00,0x0d,0x02,0x78,0x07,0x47,0x38,0x7b,
  0x04,0x1c,0x03,0xf3,0x0c,0x00,0x00,0x00,0x00,0xe0,0x00,0x20,0xc0,0xa0,0x40,0x60,
  0x80,0xb8,0x40,0x08,0xf0,0x8e,0x71,0xf1,0x0e,0x1e,0x01,0x3f,0x00,0x20,0x1f,0x3f,
  0x00,0x00,0x00,0x00,0x00,0xe8,0x10,0xe8,0x10,0xd8,0x20,0x30,0xc0,0xe0,0x00,0x80,
  0x00,0x00,0x00,0x00,0x00,0x00,0x00,0x07,0x00,0xfd,0x02,0x80,0x7f,0xee,0x11,0x6e,
  0x11,0x5d,0x22,0xdb,0x24,0x00,0x00,0x00,0x00,0xf8,0x00,0x08,0xf0,0xf8,0x00,0x10,
  0xe0,0xd0,0x20,0x50,0xa0,0x95,0x6a,0xde,0x21,0x57,0x20,0x5c,0x23,0x53,0x2c,0x7e,
  0x00,0x00,0x00,0x00,0x00,0xb0,0x40,0xa0,0x40,0x60,0x80,0xb8,0x40,0xc8,0x30,0x78,
  0x00,0x00,0x00,0x00,0x00,0x00,0x00,0x39,0x00,0x2f,0x10,0x61,0x1e,0xdc,0x23,0xbd,
  0x42,0xc5,0x3a,0x54,0x2b,0x00,0x00,0xc0,0x00,0x78,0x80,0x08,0xf0,0xe8,0x10,0x58,
  0xa0,0xb0,0x40,0x78,0x80,0x55,0x2a,0x54,0x2b,0x45,0x3a,0x7d,0x02,0x12,0x0d,0x1f,
  0x00,0x00,0x00,0x00,0x00,0x08,0xf0,0xe8,0x10,0x58,0xa0,0xb0,0x40,0x60,0x80,0xc0,
  0x00,0x00,0x00,0x00,0x00,0x00,0x00,0x07,0x00,0x05,0x02,0x05,0x02,0xfd,0x02,0x80,
  0x7f,0xfd,0x02,0x0a,0x05,0x00,0x00,0x00,0x00,0x00,0x00,0x00,0x00,0xf8,0x00,0x08,
  0xf0,0xf8,0x00,0x80,0x00,0x1a,0x05,0x17,0x08,0x35,0x08,0xed,0x10,0x98,0x60,0xf0,
  0x00,0x00,0x00,0x00,0x00,0xc0,0x00,0x40,0x80,0x60,0x80,0xb8,0x40,0xc8,0x30,0x78,
  0x00,0x00,0x00,0x00,0x00,0x00,0x00,0x7f,0x00,0x40,0x3f,0x7d,0x02,0x05,0x02,0xfd,
  0x02,0x80,0x7f,0xfd,0x02,0x00,0x00,0xf0,0x00,0x10,0xe0,0xf0,0x00,0x00,0x00,0xf8,
  0x00,0x08,0xf0,0xf8,0x00,0x0a,0x05,0x1a,0x05,0x37,0x08,0xed,0x10,0x98,0x60,0xf0,
  0x00,0x00,0x00,0x00,0x00,0x80,0x00,0xc0,0x00,0x60,0x80,0xb8,0x40,0xc8,0x30,0x78,
  0x00,0x00,0x00,0x00,0x00,0x00,0x00,0x07,0x00,0x05,0x02,0x05,0x02,0xfd,0x02,0x80,
  0x7f,0xfd,0x02,0x0a,0x05,0x00,0x00,0x00,0x00,0x00,0x00,0x00,0x00,0xf8,0x00,0x08,
  0xf0,0xf8,0x00,0x80,0x00,0x1a,0x05,0x17,0x08,0x37,0x08,0xeb,0x14,0x9d,0x62,0xf7,
  0x00,0x00,0x00,0x00,0x00,0xc0,0x00,0x40,0x80,0x60,0x80,0xb8,0x40,0xc8,0x30,0x78,
  0x00,0x00,0x00,0x00,0x00,0x00,0x00,0x07,0x00,0x05,0x02,0x7d,0x02,0x40,0x3f,0x7d,
  0x02,0xfd,0x02,0x80,0x7f,0x00,0x00,0x00,0x00,0x00,0x00,0xf0,0x00,0x10,0xe0,0xf0,
  0x00,0xf8,0x00,0x08,0xf0,0xfd,0x02,0x1a,0x05,0x37,0x08,0xed,0x10,0x98,0x60,0xf0,
  0x00,0x00,0x00,0x00,0x00,0xf8,0x00,0xc0,0x00,0x60,0x80,0xb8,0x40,0xc8,0x30,0x78,
  0x00,0x00,0x00,0x00,0x00,0x00,0x00,0x3f,0x00,0x2d,0x12,0x2d,0x12,0x60,0x1f,0xdd,
  0x22,0xb5,0x42,0xfd,0x02,0x00,0x00,0x00,0x00,0x00,0x00,0xf0,0x00,0x10,0xe0,0xf0,
  0x00,0x00,0x00,0xf8,0x00,0x80,0x7f,0xfa,0x05,0x37,0x08,0xed,0x10,0x98,0x60,0xf0,
  0x00,0x00,0x00,0x00,0x00,0x08,0xf0,0xf8,0x00,0x60,0x80,0xb8,0x40,0xc8,0x30,0x78,
  0x00,0x00,0x00,0x00,0x00,0x00,0x00,0x3b,0x00,0x2e,0x11,0x76,0x09,0x5e,0x21,0x6a,
  0x11,0xfe,0x01,0x80,0x7f,0x00,0x00,0x80,0x00,0x80,0x00,0x80,0x00,0x80,0x00,0x80,
  0x00,0xf8,0x00,0x08,0xf0,0xfd,0x02,0x0d,0x02,0x3b,0x04,0xe6,0x18,0x9c,0x60,0xf0,
  0x00,0x00,0x00,0x00,0x00,0xf8,0x00,0x60,0x80,0xb0,0x40,0xd8,0x20,0x68,0x10,0x38,
  0x00,0x00,0x00,0x00,0x00,0x00,0x00,0x0e,0x00,0xfb,0x04,0x80,0x7f,0xf7,0x08,0xed,
  0x10,0x99,0x60,0xff,0x00,0x00,0x00,0x00,0x00,0xf8,0x00,0x08,0xf0,0x78,0x80,0xb8,
  0x40,0x48,0xb0,0x78,0x80,0x80,0x7f,0xef,0x10,0x35,0x08,0x1f,0x00,0x04,0x03,0x07,
  0x00,0x00,0x00,0x00,0x00,0x08,0xf0,0x78,0x80,0x40,0x80,0x40,0x80,0x40,0x80,0xc0,
  0x00,0x00,0x00,0x00,0x00,0x00,0x00,0x07,0x00,0xfd,0x02,0x80,0x7f,0xfa,0x05,0x37,
  0x08,0xef,0x10,0x80,0x7f,0x00,0x00,0x00,0x00,0xf8,0x00,0x08,0xf0,0xf8,0x00,0x60,
  0x80,0xb8,0x40,0x08,0xf0,0xff,0x00,0x20,0x1f,0x2e,0x11,0x20,0x1f,0x3f,0x00,0x01,
  0x00,0x00,0x00,0x00,0x00,0xd8,0x20,0xd0,0x20,0xd0,0x20,0xd0,0x20,0x10,0xe0,0xf0,
  0x00,0x00,0x00,0x00,0x00,0x00,0x00,0x1f,0x00,0xf6,0x09,0xb6,0x49,0xd6,0x29,0x75,
  0x0a,0xe7,0x18,0x94,0x6b,0x00,0x00,0x80,0x00,0xf8,0x00,0x08,0xf0,0xe8,0x10,0x68,
  0x90,0x98,0x60,0x70,0x80,0xfd,0x02,0x80,0x7f,0xfa,0x05,0xe7,0x18,0x9d,0x60,0xf0,
  0x00,0x00,0x00,0x00,0x00,0xf8,0x00,0x08,0xf0,0xf8,0x00,0x38,0xc0,0xc8,0x30,0x78,
  0x00,0x00,0x00,0x00,0x00,0x00,0x00,0x0e,0x00,0xfb,0x04,0x80,0x7f,0xef,0x10,0xc0,
  0x3f,0xaf,0x50,0xe0,0x1f,0x00,0x00,0x00,0x00,0xf8,0x00,0x08,0xf0,0xb8,0x40,0x18,
  0xe0,0xe8,0x10,0x38,0xc0,0xef,0x10,0x80,0x7f,0xf7,0x08,0x6f,0x10,0x40,0x3f,0x7f,
  0x00,0x00,0x00,0x00,0x00,0xf8,0x00,0x08,0xf0,0xf8,0x00,0xb0,0x40,0x50,0xa0,0xf0,
  0x00,0x00,0x00,0x00,0x00,0x00,0x00,0x0e,0x00,0x0a,0x04,0x0a,0x04,0xfb,0x04,0x80,
  0x7f,0xf7,0x08,0x35,0x08,0x00,0x00,0x00,0x00,0x00,0x00,0x00,0x00,0xf8,0x00,0x08,
  0xf0,0xb8,0x40,0xa0,0x40,0x2f,0x10,0x33,0x0c,0x1c,0x03,0xf3,0x0c,0x8f,0x70,0xf8,
  0x00,0x00,0x00,0x00,0x00,0x60,0x80,0x40,0x80,0xe0,0x00,0x38,0xc0,0xc8,0x30,0x78,
  0x00,0x00,0x00,0x00,0x00,0x00,0x00,0x3f,0x00,0x2c,0x13,0xef,0x10,0x85,0x78,0xd5,
  0x28,0x57,0x28,0xd0,0x2f,0x00,0x00,0xf0,0x00,0x10,0xe0,0x70,0x80,0x40,0x80,0x40,
  0x80,0x78,0x80,0x08,0xf0,0xb7,0x48,0xd5,0x28,0x6d,0x10,0xd5,0x28,0xbd,0x40,0xe1,
  0x00,0x00,0x00,0x00,0x00,0x78,0x80,0x40,0x80,0x40,0x80,0x40,0x80,0x40,0x80,0xc0,
  0x00,0x00,0x00,0x00,0x00,0x00,0x00,0x39,0x00,0x2f,0x10,0xed,0x12,0x85,0x7a,0xd4,
  0x2b,0x51,0x2e,0xd5,0x2a,0x00,0x00,0xc0,0x00,0x40,0x80,0x78,0x80,0x48,0xb0,0x28,
  0xd0,0x68,0x90,0x68,0x90,0xb5,0x4a,0xd5,0x2a,0x6d,0x12,0xd5,0x2a,0xbe,0x41,0xe3,
  0x00,0x00,0x00,0x00,0x00,0x48,0xb0,0x78,0x80,0xe8,0x10,0xe8,0x10,0x08,0xf0,0xf8,
  0x00,0x00,0x00,0x00,0x00,0x00,0x00,0x3f,0x00,0x2c,0x13,0xef,0x10,0x85,0x78,0xd5,
  0x28,0x57,0x28,0xd0,0x2f,0x00,0x00,0xf0,0x00,0x10,0xe0,0xd0,0x20,0xb0,0x40,0x60,
  0x80,0x78,0x80,0x08,0xf0,0xb7,0x48,0xd5,0x28,0x6d,0x10,0xd7,0x28,0xbc,0x43,0xe7,
  0x00,0x00,0x00,0x00,0x00,0x78,0x80,0x40,0x80,0x40,0x80,0x40,0x80,0x40,0x80,0xc0,
  0x00,0x00,0x00,0x00,0x00,0x00,0x00,0x38,0x00,0x2b,0x10,0xee,0x11,0x82,0x7d,0xda,
  0x25,0xda,0x25,0xba,0x45,0x00,0x00,0x00,0x00,0xf8,0x00,0x08,0xf0,0xe8,0x10,0xa8,
  0x10,0xa8,0x10,0xa8,0x10,0xb6,0x49,0xd6,0x29,0x6e,0x11,0xd6,0x29,0xbb,0x44,0xee,
  0x00,0x00,0x00,0x00,0x00,0xa8,0x10,0xa8,0x10,0xe8,0x10,0x08,0xf0,0xf8,0x00,0x00,
  0x00,0x00,0x00,0x00,0x00,0x00,0x00,0x38,0x00,0x2f,0x10,0xec,0x13,0x87,0x78,0xd5,
  0x28,0x57,0x28,0xd0,0x2f,0x00,0x00,0xf0,0x00,0x90,0x60,0x70,0x80,0x40,0x80,0x40,
  0x80,0x78,0x80,0x08,0xf0,0xb7,0x48,0xd6,0x29,0x6e,0x11,0xd5,0x2a,0xbb,0x44,0xee,
  0x00,0x00,0x00,0x00,0x00,0x78,0x80,0xa0,0x40,0xb0,0x40,0xd8,0x20,0x68,0x10,0x38,
  0x00,0x00,0x00,0x00,0x00,0x00,0x00,0x39,0x00,0x29,0x10,0xef,0x10,0x85,0x7a,0xd5,
  0x2a,0x55,0x2a,0xd3,0x2c,0x00,0x00,0xc0,0x00,0x40,0x80,0x70,0x80,0x58,0xa0,0x68,
  0x90,0x68,0x90,0x78,0x80,0xb7,0x48,0xd5,0x28,0x6f,0x10,0xd6,0x29,0xb9,0x46,0xef,
  0x00,0x00,0x00,0x00,0x00,0x68,0x90,0xd8,0x20,0xb0,0x40,0x60,0x80,0xc0,0x00,0x00,
  0x00,0x00,0x00,0x00,0x00,0x00,0x00,0x3b,0x00,0x2a,0x11,0xef,0x10,0x80,0x7f,0xd6,
  0x29,0x56,0x29,0xd6,0x29,0x00,0x00,0x80,0x00,0xc0,0x00,0x78,0x80,0x08,0xf0,0xf8,
  0x00,0xf8,0x00,0x08,0xf0,0xb6,0x49,0xd6,0x29,0x6d,0x12,0xd5,0x2a,0xbb,0x44,0xee,
  0x00,0x00,0x00,0x00,0x00,0xe8,0x10,0xa8,0x10,0xa8,0x10,0xe8,0x10,0x98,0x60,0xf0,
  0x00,0x00,0x00,0x00,0x00,0x00,0x00,0x3f,0x00,0x2c,0x13,0xed,0x12,0x85,0x7a,0xd5,
  0x2a,0x50,0x2f,0xd5,0x2a,0x00,0x00,0xf0,0x00,0x10,0xe0,0xd0,0x20,0x50,0xa0,0x98,
  0x60,0x08,0xf0,0xd8,0x20,0xb5,0x4a,0xd5,0x2a,0x6c,0x13,0xd7,0x28,0xbd,0x40,0xe1,
  0x00,0x00,0x00,0x00,0x00,0x50,0xa0,0x98,0x60,0x08,0xf0,0xd8,0x20,0x30,0xc0,0xe0,
  0x00,0x00,0x00,0x00,0x00,0x00,0x00,0x39,0x00,0x29,0x10,0xef,0x10,0x86,0x79,0xd5,
  0x2a,0x50,0x2f,0xd7,0x28,0x00,0x00,0xc0,0x00,0x40,0x80,0x70,0x80,0xd0,0x20,0xd8,
  0x20,0x28,0xd0,0xf8,0x00,0xb4,0x4b,0xd5,0x2a,0x6d,0x12,0xd5,0x2a,0xbc,0x43,0xe7,
  0x00,0x00,0x00,0x00,0x00,0x08,0xf0,0xe8,0x10,0x28,0x10,0xe8,0x10,0x08,0xf0,0xf8,
  0x00,0x00,0x00,0x00,0x00,0x00,0x00,0x39,0x00,0x29,0x10,0xef,0x10,0x84,0x7b,0xd7,
  0x28,0x55,0x28,0xd7,0x28,0x00,0x00,0xc0,0x00,0x40,0x80,0x78,0x80,0x08,0xf0,0x78,
  0x80,0x40,0x80,0x70,0x80,0xb4,0x4b,0xd5,0x2a,0x6d,0x12,0xd5,0x2a,0xbc,0x43,0xe7,
  0x00,0x00,0x00,0x00,0x00,0x10,0xe0,0xd0,0x20,0x50,0x20,0xd0,0x20,0x10,0xe0,0xf0,
  0x00,0x00,0x00,0x00,0x00,0x00,0x00,0x39,0x00,0x2f,0x10,0xec,0x13,0x85,0x7a,0xd4,
  0x2b,0x55,0x2a,0xd4,0x2b,0x00,0x00,0xc0,0x00,0x78,0x80,0x08,0xf0,0xe8,0x10,0x08,
  0xf0,0xe8,0x10,0x08,0xf0,0xb5,0x4a,0xd5,0x2a,0x6d,0x12,0xd5,0x2a,0xbc,0x43,0xe7,
  0x00,0x00,0x00,0x00,0x00,0xb8,0x40,0xa8,0x50,0xd8,0x20,0x58,0xa0,0xe8,0x10,0xb8,
  0x00,0x00,0x00,0x00,0x00,0x00,0x00,0x7f,0x00,0x40,0x3f,0x7f,0x00,0x03,0x00,0x06,
  0x01,0xfd,0x02,0x80,0x7f,0x00,0x00,0xe0,0x00,0x20,0xc0,0xa0,0x40,0x60,0x80,0xc0,
  0x00,0xf8,0x00,0x08,0xf0,0xfd,0x02,0x05,0x02,0x05,0x02,0x1d,0x02,0x11,0x0e,0x1f,
  0x00,0x00,0x00,0x00,0x00,0xf8,0x00,0x00,0x00,0x00,0x00,0x00,0x00,0x00,0x00,0x00,
  0x00,0x00,0x00,0x00,0x00,0x00,0x00,0x07,0x00,0xfd,0x02,0x80,0x7f,0xbf,0x40,0xa0,
  0x5f,0xff,0x00,0x06,0x01,0x00,0x00,0x00,0x00,0xf8,0x00,0x08,0xf0,0xe8,0x10,0x28,
  0xd0,0x78,0x80,0xc0,0x00,0xfd,0x02,0x80,0x7f,0xfd,0x02,0x1d,0x02,0x11,0x0e,0x1f,
  0x00,0x00,0x00,0x00,0x00,0xf8,0x00,0x08,0xf0,0xf8,0x00,0x00,0x00,0x00,0x00,0x00,
  0x00,0x00,0x00,0x00,0x00,0x00,0x00,0x0e,0x00,0xfb,0x04,0x80,0x7f,0xf7,0x08,0x2c,
  0x13,0x6f,0x10,0xc9,0x30,0x00,0x00,0x00,0x00,0xf8,0x00,0x08,0xf0,0xf8,0x00,0x10,
  0xe0,0xb0,0x40,0x60,0x80,0xaf,0x50,0xe8,0x17,0x2f,0x10,0x2b,0x10,0x2a,0x11,0x3b,
  0x00,0x00,0x00,0x00,0x00,0x78,0x80,0x08,0xf0,0x78,0x80,0x40,0x80,0x40,0x80,0xc0,
  0x00,0x00,0x00,0x00,0x00,0x00,0x00,0xff,0x00,0x83,0x7c,0xfb,0x04,0x37,0x08,0x2d,
  0x12,0x2d,0x12,0xe5,0x1a,0x00,0x00,0xc0,0x00,0x40,0x80,0x40,0x80,0x70,0x80,0x50,
  0xa0,0x58,0xa0,0x68,0x90,0x8b,0x74,0xeb,0x14,0x2f,0x10,0xef,0x10,0x8c,0x73,0xff,
  0x00,0x00,0x00,0x00,0x00,0x68,0x90,0x68,0x90,0x78,0x80,0x40,0x80,0x40,0x80,0xc0,
  0x00,0x00,0x00,0x00,0x00,0x00,0x00,0xf8,0x00,0x8f,0x70,0xe8,0x17,0x5b,0x24,0x5b,
  0x24,0x5b,0x24,0xcb,0x34,0x00,0x00,0xf8,0x00,0x88,0x70,0x58,0xa0,0x50,0xa0,0x50,
  0xa0,0x50,0xa0,0x50,0xa0,0x9b,0x64,0xdb,0x24,0x5a,0x25,0xda,0x25,0x94,0x6b,0xff,
  0x00,0x00,0x00,0x00,0x00,0x50,0xa0,0x50,0xa0,0xd8,0x20,0xa8,0x50,0x48,0xb0,0xf8,
  0x00,0x00,0x00,0x00,0x00,0x00,0x00,0xf9,0x00,0x8f,0x70,0xe8,0x17,0x5e,0x21,0x5d,
  0x22,0x58,0x27,0xcf,0x30,0x00,0x00,0xc0,0x00,0x78,0x80,0x08,0xf0,0xf8,0x00,0xd0,
  0x20,0x30,0xc0,0x78,0x80,0x9e,0x61,0xd9,0x26,0x5f,0x20,0xde,0x21,0x99,0x66,0xff,
  0x00,0x00,0x00,0x00,0x00,0xe8,0x10,0xd8,0x20,0xb0,0x40,0x58,0xa0,0xe8,0x10,0x38,
  0x00,0x00,0x00,0x00,0x00,0x00,0x00,0x07,0x00,0xfd,0x02,0x80,0x7f,0xbf,0x40,0xff,
  0x00,0x80,0x7f,0xfd,0x02,0x00,0x00,0x00,0x00,0xf8,0x00,0x08,0xf0,0xe8,0x10,0xf8,
  0x00,0x08,0xf0,0xf8,0x00,0x05,0x02,0x05,0x02,0x05,0x02,0x1d,0x02,0x11,0x0e,0x1f,
  0x00,0x00,0x00,0x00,0x00,0x00,0x00,0x00,0x00,0x00,0x00,0x00,0x00,0x00,0x00,0x00,
  0x00,0x00,0x00,0x00,0x00,0x00,0x00,0x07,0x00,0xfd,0x02,0x80,0x7f,0xbf,0x40,0xa8,
  0x50,0xeb,0x10,0x2e,0x11,0x00,0x00,0x00,0x00,0xf8,0x00,0x08,0xf0,0xe8,0x10,0xe8,
  0x10,0xb8,0x40,0x60,0x80,0x21,0x1e,0x2f,0x10,0x28,0x10,0x2f,0x10,0x30,0x0f,0x1f,
  0x00,0x00,0x00,0x00,0x00,0xc0,0x00,0x38,0x00,0x28,0x10,0xe8,0x10,0x08,0xf0,0xf8,
  0x00,0x00,0x00,0x00,0x00,0x00,0x00,0x07,0x00,0xfd,0x02,0x80,0x7f,0xbf,0x40,0xa0,
  0x5f,0xfd,0x02,0xfd,0x02,0x00,0x00,0x00,0x00,0xf8,0x00,0x08,0xf0,0xe8,0x10,0x28,
  0xd0,0xf8,0x00,0xf8,0x00,0x80,0x7f,0xfd,0x02,0x05,0x02,0x1d,0x02,0x11,0x0e,0x1f,
  0x00,0x00,0x00,0x00,0x00,0x08,0xf0,0xf8,0x00,0x00,0x00,0x00,0x00,0x00,0x00,0x00,
  0x00,0x00,0x00,0x00,0x00,0x00,0x00,0x07,0x00,0xfd,0x02,0x80,0x7f,0xbf,0x40,0xa1,
  0x40,0xff,0x00,0x80,0x7f,0x00,0x00,0x00,0x00,0xf8,0x00,0x08,0xf0,0xe8,0x10,0x68,
  0x90,0x78,0x80,0x08,0xf0,0xff,0x00,0x2d,0x10,0x35,0x08,0x1f,0x00,0x04,0x03,0x07,
  0x00,0x00,0x00,0x00,0x00,0x78,0x80,0x40,0x80,0x40,0x80,0x40,0x80,0x40,0x80,0xc0,
  0x00,0x00,0x00,0x00,0x00,0x00,0x00,0x07,0x00,0xfd,0x02,0x80,0x7f,0xbf,0x40,0xea,
  0x04,0xfb,0x04,0x80,0x7f,0x00,0x00,0x00,0x00,0xf8,0x00,0x08,0xf0,0xe8,0x10,0x38,
  0x00,0xf8,0x00,0x08,0xf0,0xf7,0x08,0x2d,0x10,0x37,0x08,0xf8,0x07,0x87,0x78,0xfd,
  0x00,0x00,0x00,0x00,0x00,0xb8,0x40,0xa0,0x40,0x60,0x80,0xf8,0x00,0x08,0xf0,0xf8,
  0x00,0x00,0x00,0x00,0x00,0x00,0x00,0x07,0x00,0xfd,0x02,0x80,0x7f,0xbf,0x40,0xa0,
  0x5f,0xff,0x00,0xff,0x00,0x00,0x00,0x00,0x00,0xf8,0x00,0x08,0xf0,0xe8,0x10,0x28,
  0xd0,0xf8,0x00,0xf8,0x00,0x80,0x7f,0xf7,0x08,0x35,0x08,0xed,0x10,0x99,0x60,0xf1,
  0x00,0x00,0x00,0x00,0x00,0x08,0xf0,0x78,0x80,0x78,0x80,0x68,0x90,0x08,0xf0,0xf8,
  0x00,0x00,0x00,0x00,0x00,0x00,0x00,0x07,0x00,0xfd,0x02,0x80,0x7f,0xbf,0x40,0xff,
  0x00,0x40,0x3f,0x7d,0x02,0x00,0x00,0x00,0x00,0xf8,0x00,0x08,0xf0,0xe8,0x10,0xf8,
  0x00,0x10,0xe0,0xf0,0x00,0x2d,0x12,0x2c,0x13,0x6d,0x12,0xd1,0x2e,0xbe,0x41,0xe3,
  0x00,0x00,0x00,0x00,0x00,0xf0,0x00,0x10,0xe0,0xf0,0x00,0xf8,0x00,0x08,0xf0,0xf8,
  0x00,0x00,0x00,0x00,0x00,0x00,0x00,0x07,0x00,0xfd,0x02,0x80,0x7f,0xbf,0x40,0xa0,
  0x5f,0xef,0x10,0x20,0x1f,0x00,0x00,0x00,0x00,0xf8,0x00,0x08,0xf0,0xe8,0x10,0x28,
  0xd0,0xb8,0x40,0x20,0xc0,0x2f,0x10,0x20,0x1f,0x2f,0x10,0xef,0x10,0x80,0x7f,0xff,
  0x00,0x00,0x00,0x00,0x00,0xa0,0x40,0x20,0xc0,0xa0,0x40,0xb8,0x40,0x08,0xf0,0xf8,
  0x00,0x00,0x00,0x00,0x00,0x00,0x00,0x07,0x00,0xfd,0x02,0x80,0x7f,0xbf,0x40,0xbf,
  0x40,0xc0,0x3f,0x7d,0x02,0x00,0x00,0x00,0x00,0xf8,0x00,0x08,0xf0,0xe8,0x10,0xe8,
  0x10,0x18,0xe0,0xf0,0x00,0x7d,0x02,0x40,0x3f,0x7d,0x02,0xfd,0x02,0x80,0x7f,0xff,
  0x00,0x00,0x00,0x00,0x00,0xf0,0x00,0x10,0xe0,0xb0,0x40,0xd8,0x20,0x08,0xf0,0xf8,
  0x00,0x00,0x00,0x00,0x00,0x00,0x00,0x07,0x00,0xfd,0x02,0x80,0x7f,0xbf,0x40,0xae,
  0x51,0xf6,0x09,0x5e,0x21,0x00,0x00,0x00,0x00,0xf8,0x00,0x08,0xf0,0xe8,0x10,0xa8,
  0x10,0xb8,0x00,0x80,0x00,0xee,0x11,0x80,0x7f,0xfd,0x02,0xf3,0x0c,0x8e,0x70,0xf8,
  0x00,0x00,0x00,0x00,0x00,0xf8,0x00,0x08,0xf0,0x78,0x80,0xb8,0x40,0xc8,0x30,0x78,
  0x00,0x00,0x00,0x00,0x00,0x00,0x00,0x07,0x00,0xfd,0x02,0x80,0x7f,0xbf,0x40,0xab,
  0x44,0xfb,0x04,0x80,0x7f,0x00,0x00,0x00,0x00,0xf8,0x00,0x08,0xf0,0xe8,0x10,0x68,
  0x90,0xb8,0x40,0x08,0xf0,0xfa,0x05,0x16,0x09,0x36,0x09,0xec,0x13,0x9a,0x65,0xff,
  0x00,0x00,0x00,0x00,0x00,0xf8,0x00,0xa0,0x40,0x78,0x80,0xe8,0x10,0x08,0xf0,0xf8,
  0x00,0x00,0x00,0x00,0x00,0x00,0x00,0x07,0x00,0xfd,0x02,0x80,0x7f,0xbb,0x44,0xb0,
  0x4f,0xc7,0x38,0x78,0x07,0x00,0x00,0x00,0x00,0xf8,0x00,0x08,0xf0,0xe8,0x10,0x68,
  0x90,0x78,0x80,0xe0,0x00,0xe7,0x18,0x80,0x7f,0xef,0x10,0x2f,0x10,0x20,0x1f,0x3f,
  0x00,0x00,0x00,0x00,0x00,0x38,0xc0,0x08,0xf0,0xb8,0x40,0xa0,0x40,0x20,0xc0,0xe0,
  0x00,0x00,0x00,0x00,0x00,0x00,0x00,0x07,0x00,0xfd,0x02,0x80,0x7f,0xbf,0x40,0xa0,
  0x5f,0xfb,0x04,0x77,0x08,0x00,0x00,0x00,0x00,0xf8,0x00,0x08,0xf0,0xe8,0x10,0x28,
  0xd0,0xf8,0x00,0xb0,0x40,0x40,0x3f,0x7d,0x02,0x40,0x3f,0xfd,0x02,0x80,0x7f,0xff,
  0x00,0x00,0x00,0x00,0x00,0x50,0xa0,0xf0,0x00,0x10,0xe0,0xf8,0x00,0x08,0xf0,0xf8,
  0x00,0x00,0x00,0x00,0x00,0x00,0x00,0x07,0x00,0xfd,0x02,0x80,0x7f,0xbf,0x40,0xa0,
  0x5f,0xef,0x10,0x20,0x1f,0x00,0x00,0x00,0x00,0xf8,0x00,0x08,0xf0,0xe8,0x10,0x28,
  0xd0,0xb8,0x40,0x20,0xc0,0x7f,0x00,0x40,0x3f,0x5f,0x20,0x5f,0x20,0x40,0x3f,0x7f,
  0x00,0x00,0x00,0x00,0x00,0xf0,0x00,0x10,0xe0,0xd0,0x20,0xd0,0x20,0x10,0xe0,0xf0,
  0x00,0x00,0x00,0x00,0x00,0x00,0x00,0x07,0x00,0xfd,0x02,0x80,0x7f,0xbd,0x42,0xa0,
  0x5f,0xfd,0x02,0x40,0x3f,0x00,0x00,0x00,0x00,0xf8,0x00,0x08,0xf0,0xe8,0x10,0x28,
  0xd0,0xf8,0x00,0x10,0xe0,0xfd,0x02,0x80,0x7f,0xdf,0x20,0x5f,0x20,0x40,0x3f,0x7f,
  0x00,0x00,0x00,0x00,0x00,0xf8,0x00,0x08,0xf0,0xd8,0x20,0xd0,0x20,0x10,0xe0,0xf0,
  0x00,0x00,0x00,0x00,0x00,0x00,0x00,0x07,0x00,0xfd,0x02,0x80,0x7f,0xbf,0x40,0xa0,
  0x5f,0xf9,0x06,0xe6,0x19,0x00,0x00,0x00,0x00,0xf8,0x00,0x08,0xf0,0xe8,0x10,0x28,
  0xd0,0xf8,0x00,0xd0,0x20,0x98,0x67,0xe6,0x19,0x98,0x67,0xe6,0x19,0x99,0x66,0xff,
  0x00,0x00,0x00,0x00,0x00,0xb0,0x40,0x60,0x80,0xb8,0x40,0xc8,0x30,0xf8,0x00,0x00,
  0x00,0x00,0x00,0x00,0x00,0x00,0x00,0x07,0x00,0xfd,0x02,0x80,0x7f,0xb7,0x48,0xcd,
  0x32,0x7a,0x05,0xe7,0x18,0x00,0x00,0x00,0x00,0xf8,0x00,0x08,0xf0,0x68,0x90,0x98,
  0x60,0xf0,0x00,0x38,0xc0,0x9f,0x60,0xe0,0x1f,0x2f,0x10,0x2f,0x10,0x20,0x1f,0x3f,
  0x00,0x00,0x00,0x00,0x00,0xc8,0x30,0x38,0xc0,0xa0,0x40,0xa0,0x40,0x20,0xc0,0xe0,
  0x00,0x00,0x00,0x00,0x00,0x00,0x00,0x07,0x00,0xfd,0x02,0x80,0x7f,0xbb,0x44,0xd6,
  0x29,0xb1,0x4e,0xe7,0x18,0x00,0x00,0x00,0x00,0xf8,0x00,0x08,0xf0,0x68,0x90,0xd8,
  0x20,0xe8,0x10,0xb8,0x40,0x90,0x6f,0xff,0x00,0x55,0x22,0x5d,0x22,0x40,0x3f,0x7f,
  0x00,0x00,0x00,0x00,0x00,0x20,0xc0,0xf0,0x00,0x50,0x20,0xd0,0x20,0x10,0xe0,0xf0,
  0x00,0x00,0x00,0x00,0x00,0x00,0x00,0x07,0x00,0xfd,0x02,0x80,0x7f,0xb7,0x48,0xc0,
  0x3f,0xf7,0x08,0x80,0x7f,0x00,0x00,0x00,0x00,0xf8,0x00,0x08,0xf0,0x68,0x90,0x18,
  0xe0,0x78,0x80,0x08,0xf0,0xf7,0x08,0xe9,0x16,0x9e,0x61,0xf1,0x0e,0x1e,0x01,0x03,
  0x00,0x00,0x00,0x00,0x00,0x78,0x80,0xb8,0x40,0x48,0xb0,0xf8,0x00,0x40,0x80,0xc0,
  0x00,0x00,0x00,0x00,0x00,0x00,0x00,0x07,0x00,0xfd,0x02,0x80,0x7f,0xaf,0x50,0xe2,
  0x1d,0x8a,0x75,0xd7,0x28,0x00,0x00,0x00,0x00,0xf8,0x00,0x08,0xf0,0xe8,0x10,0x18,
  0xe0,0xd0,0x20,0x38,0xc0,0x88,0x77,0xff,0x00,0x40,0x3f,0xed,0x12,0x99,0x66,0xff,
  0x00,0x00,0x00,0x00,0x00,0x48,0xb0,0xf8,0x00,0x10,0xe0,0xb8,0x40,0xc8,0x30,0x78,
  0x00,0x00,0x00,0x00,0x00,0x00,0x00,0x00,0x00,0xfc,0x00,0x87,0x78,0xf4,0x0b,0xb7,
  0x48,0xd7,0x28,0x55,0x2a,0x00,0x00,0x70,0x00,0x50,0x20,0xd8,0x20,0x08,0xf0,0xd8,
  0x20,0x50,0x20,0xd0,0x20,0x6e,0x11,0x6e,0x11,0x57,0x28,0xd5,0x28,0xbd,0x40,0xe1,
  0x00,0x00,0x00,0x00,0x00,0xd0,0x20,0xd0,0x20,0xd0,0x20,0xd0,0x20,0x10,0xe0,0xf0,
  0x00,0x00,0x00,0x00,0x00,0x00,0x00,0x7f,0x00,0x40,0x3f,0x7f,0x00,0x40,0x3f,0x7f,
  0x00,0x40,0x3f,0xff,0x00,0x00,0x00,0xf0,0x00,0x10,0xe0,0xd0,0x20,0x10,0xe0,0xd0,
  0x20,0x10,0xe0,0xb8,0x40,0x80,0x7f,0xff,0x00,0x2c,0x10,0x37,0x08,0x1e,0x01,0x03,
  0x00,0x00,0x00,0x00,0x00,0x08,0xf0,0xb8,0x40,0xa0,0x40,0xa0,0x40,0x20,0xc0,0xe0,
  0x00,0x00,0x00,0x00,0x00,0x00,0x00,0x38,0x00,0xee,0x10,0x83,0x7c,0xec,0x13,0xef,
  0x10,0x83,0x7c,0xfe,0x01,0x00,0x00,0x70,0x00,0x50,0x20,0xd8,0x20,0x08,0xf0,0xd8,
  0x20,0xd0,0x20,0xd0,0x20,0xef,0x10,0x83,0x7c,0xef,0x10,0xe3,0x1c,0x9f,0x60,0xf1,
  0x00,0x00,0x00,0x00,0x00,0x50,0xa0,0x50,0xa0,0xd0,0x20,0xd0,0x20,0x10,0xe0,0xf0,
  0x00,0x00,0x00,0x00,0x00,0x00,0x00,0x38,0x00,0x6e,0x10,0x43,0x3c,0x5a,0x25,0x43,
  0x3c,0x5b,0x24,0x42,0x3d,0x00,0x00,0x70,0x00,0x50,0x20,0xd8,0x20,0x08,0xf0,0xd8,
  0x20,0xd0,0x20,0xd0,0x20,0xdb,0x24,0x83,0x7c,0xeb,0x14,0xdb,0x24,0xb3,0x4c,0xff,
  0x00,0x00,0x00,0x00,0x00,0x50,0xa0,0x50,0xa0,0xd0,0x20,0xd0,0x20,0x10,0xe0,0xf0,
  0x00,0x00,0x00,0x00,0x00,0x00,0x00,0x39,0x00,0x2f,0x10,0xe8,0x17,0xae,0x51,0xcf,
  0x30,0x68,0x17,0x6f,0x10,0x00,0x00,0xf8,0x00,0x08,0xf0,0xe8,0x10,0xd8,0x20,0x30,
  0xc0,0xf0,0x00,0xd8,0x20,0xc8,0x37,0xaf,0x50,0xed,0x12,0x2e,0x11,0x2b,0x10,0x38,
  0x00,0x00,0x00,0x00,0x00,0x08,0xf0,0xd8,0x20,0xd0,0x20,0xd0,0x20,0x90,0x60,0xf0,
  0x00,0x00,0x00,0x00,0x00,0x00,0x00,0x07,0x00,0x05,0x02,0x05,0x02,0x3d,0x02,0x2d,
  0x12,0x6d,0x12,0x5d,0x22,0x00,0x00,0x00,0x00,0x00,0x00,0x00,0x00,0xe0,0x00,0xb0,
  0x40,0xd0,0x20,0x58,0x20,0xd5,0x22,0xb5,0x42,0xe5,0x02,0x1d,0x02,0x11,0x0e,0x1f,
  0x00,0x00,0x00,0x00,0x00,0x68,0x10,0x28,0x10,0x38,0x00,0x00,0x00,0x00,0x00,0x00,
  0x00,0x00,0x00,0x00,0x00,0x00,0x00,0x07,0x00,0x05,0x02,0x3d,0x02,0x2d,0x12,0x6d,
  0x12,0xdd,0x22,0xb5,0x42,0x00,0x00,0x00,0x00,0x00,0x00,0xe0,0x00,0xb0,0x40,0xd8,
  0x20,0x68,0x10,0xe8,0x10,0xe5,0x02,0x07,0x00,0x1c,0x03,0xf3,0x0c,0x8e,0x70,0xf8,
  0x00,0x00,0x00,0x00,0x00,0xb8,0x40,0x60,0x80,0xc0,0x00,0x80,0x00,0x00,0x00,0x00,
  0x00,0x00,0x00,0x00,0x00,0x00,0x00,0x38,0x00,0x2f,0x10,0x60,0x1f,0xdf,0x20,0xb5,
  0x42,0xfd,0x02,0x2d,0x12,0x00,0x00,0x00,0x00,0xf8,0x00,0x08,0xf0,0xe8,0x10,0x58,
  0x20,0xf0,0x00,0xb0,0x40,0x6d,0x12,0xdd,0x22,0xb5,0x42,0xfd,0x02,0x11,0x0e,0x1f,
  0x00,0x00,0x00,0x00,0x00,0xd8,0x20,0x68,0x10,0x28,0x10,0x38,0x00,0x00,0x00,0x00,
  0x00,0x00,0x00,0x00,0x00,0x00,0x00,0x77,0x00,0x5d,0x22,0xed,0x12,0x80,0x7f,0xbf,
  0x40,0xa0,0x5f,0xff,0x00,0x00,0x00,0x70,0x00,0xd0,0x20,0xb8,0x40,0x08,0xf0,0xe8,
  0x10,0x28,0xd0,0xf8,0x00,0x80,0x7f,0xfb,0x04,0x37,0x08,0x6f,0x10,0x40,0x3f,0x7f,
  0x00,0x00,0x00,0x00,0x00,0x08,0xf0,0xf8,0x00,0x60,0x80,0xb0,0x40,0x50,0xa0,0xf0,
  0x00,0x00,0x00,0x00,0x00,0x00,0x00,0x39,0x00,0xef,0x10,0x83,0x7c,0xff,0x00,0x80,
  0x7f,0xbb,0x44,0xba,0x45,0x00,0x00,0xf0,0x00,0x58,0xa0,0x68,0x90,0x78,0x80,0x08,
  0xf0,0x78,0x80,0xa0,0x40,0x82,0x7d,0xee,0x11,0xaa,0x55,0xaa,0x55,0xcd,0x32,0x7f,
  0x00,0x00,0x00,0x00,0x00,0xa0,0x40,0xb8,0x40,0xa8,0x50,0xa8,0x50,0x88,0x70,0xf8,
  0x00,0x00,0x00,0x00,0x00,0x00,0x00,0x3f,0x00,0x20,0x1f,0x2f,0x10,0x2f,0x10,0x20,
  0x1f,0x2f,0x10,0x6f,0x10,0x00,0x00,0xf0,0x00,0x10,0xe0,0xd0,0x20,0xd0,0x20,0x10,
  0xe0,0xb0,0x40,0xb0,0x40,0xd9,0x26,0xbe,0x41,0xff,0x00,0x13,0x0c,0x1c,0x03,0x07,
  0x00,0x00,0x00,0x00,0x00,0xd8,0x20,0x68,0x90,0xf8,0x00,0xc0,0x00,0x40,0x80,0xc0,
  0x00,0x00,0x00,0x00,0x00,0x00,0x00,0x7f,0x00,0x40,0x3f,0x5f,0x20,0x40,0x3f,0x5f,
  0x20,0x40,0x3f,0x5f,0x20,0x00,0x00,0xf0,0x00,0x10,0xe0,0xd0,0x20,0x10,0xe0,0xf8,
  0x00,0x08,0xf0,0xe8,0x10,0x50,0x2f,0x57,0x28,0x57,0x28,0xd0,0x2f,0xbf,0x40,0xe0,
  0x00,0x00,0x00,0x00,0x00,0x68,0x90,0x68,0x90,0x68,0x90,0x68,0x90,0x98,0x60,0xf0,
  0x00,0x00,0x00,0x00,0x00,0x00,0x00,0x7f,0x00,0x40,0x3f,0x5f,0x20,0x5f,0x20,0x40,
  0x3f,0x5e,0x21,0x40,0x3f,0x00,0x00,0xf0,0x00,0x10,0xe0,0xd0,0x20,0xd0,0x20,0x10,
  0xe0,0xf8,0x00,0x08,0xf0,0x5e,0x21,0x50,0x2f,0x57,0x28,0xd7,0x28,0xb0,0x4f,0xff,
  0x00,0x00,0x00,0x00,0x00,0xf8,0x00,0x10,0xe0,0xd0,0x20,0xd0,0x20,0x10,0xe0,0xf0,
  0x00,0x00,0x00,0x00,0x00,0x00,0x00,0x7f,0x00,0x40,0x3f,0x5f,0x20,0x40,0x3f,0x5f,
  0x20,0x40,0x3f,0x5b,0x24,0x00,0x00,0xf8,0x00,0x08,0xf0,0xe8,0x10,0x08,0xf0,0xf8,
  0x00,0x08,0xf0,0xb8,0x40,0x50,0x2f,0x5e,0x21,0x50,0x2f,0xde,0x21,0xa0,0x5f,0xff,
  0x00,0x00,0x00,0x00,0x00,0x50,0xa0,0xf0,0x00,0x10,0xe0,0xf8,0x00,0x08,0xf0,0xf8,
  0x00,0x00,0x00,0x00,0x00,0x00,0x00,0x7f,0x00,0x40,0x3f,0x5f,0x20,0x40,0x3f,0x5b,
  0x24,0x40,0x3f,0x5b,0x24,0x00,0x00,0xf8,0x00,0x08,0xf0,0xe8,0x10,0x08,0xf0,0xb8,
  0x40,0x08,0xf0,0xb8,0x40,0x40,0x3f,0x57,0x28,0x57,0x28,0xd4,0x2b,0xb3,0x4c,0xfe,
  0x00,0x00,0x00,0x00,0x00,0x08,0xf0,0x78,0x80,0xa8,0x50,0xd8,0x20,0xe8,0x10,0x38,
  0x00,0x00,0x00,0x00,0x00,0x00,0x00,0x07,0x00,0x05,0x02,0x05,0x02,0xe5,0x02,0xa5,
  0x42,0xa5,0x42,0xa5,0x42,0x00,0x00,0x00,0x00,0x00,0x00,0x00,0x00,0x38,0x00,0x28,
  0x10,0x28,0x10,0x28,0x10,0xa5,0x42,0xa5,0x42,0xa5,0x42,0xbd,0x42,0x80,0x7f,0xff,
  0x00,0x00,0x00,0x00,0x00,0x28,0x10,0x28,0x10,0x28,0x10,0xe8,0x10,0x08,0xf0,0xf8,
  0x00,0x00,0x00,0x00,0x00,0x00,0x00,0xe7,0x00,0xa5,0x42,0xbd,0x42,0x80,0x7f,0xfb,
  0x04,0x37,0x08,0xe0,0x1f,0x00,0x00,0x38,0x00,0x28,0x10,0xe8,0x10,0x08,0xf0,0xf8,
  0x00,0xf0,0x00,0x10,0xe0,0x97,0x68,0xfb,0x04,0x0d,0x02,0x7c,0x03,0x43,0x3c,0x7e,
  0x00,0x00,0x00,0x00,0x00,0xd0,0x20,0xb0,0x40,0x60,0x80,0xc0,0x00,0x80,0x00,0x00,
  0x00,0x00,0x00,0x00,0x00,0x00,0x00,0x77,0x00,0x55,0x22,0x5d,0x22,0x40,0x3f,0xff,
  0x00,0x80,0x7f,0xfb,0x04,0x00,0x00,0x70,0x00,0x50,0x20,0xd0,0x20,0x10,0xe0,0xf8,
  0x00,0x08,0xf0,0xf8,0x00,0x37,0x08,0x60,0x1f,0xcf,0x30,0xaf,0x50,0xe0,0x1f,0x3f,
  0x00,0x00,0x00,0x00,0x00,0xf0,0x00,0x10,0xe0,0xd0,0x20,0xd0,0x20,0x10,0xe0,0xf0,
  0x00,0x00,0x00,0x00,0x00,0x00,0x00,0x7f,0x00,0x40,0x3f,0x7d,0x02,0x05,0x02,0x05,
  0x02,0x05,0x02,0x05,0x02,0x00,0x00,0xf0,0x00,0x10,0xe0,0xf0,0x00,0x00,0x00,0x00,
  0x00,0x00,0x00,0x00,0x00,0x05,0x02,0x05,0x02,0x05,0x02,0xfd,0x02,0x80,0x7f,0xff,
  0x00,0x00,0x00,0x00,0x00,0x00,0x00,0x00,0x00,0x00,0x00,0xf8,0x00,0x08,0xf0,0xf8,
  0x00,0x00,0x00,0x00,0x00,0x00,0x00,0x0e,0x00,0x0a,0x04,0xfb,0x04,0x80,0x7f,0xfb,
  0x04,0x16,0x08,0x37,0x08,0x00,0x00,0x00,0x00,0x00,0x00,0xf8,0x00,0x08,0xf0,0xf8,
  0x00,0x00,0x00,0xf8,0x00,0x28,0x17,0x6f,0x10,0xd9,0x20,0xbf,0x40,0xf0,0x0f,0x1f,
  0x00,0x00,0x00,0x00,0x00,0x08,0xf0,0x78,0x80,0x40,0x80,0x78,0x80,0x08,0xf0,0xf8,
  0x00,0x00,0x00,0x00,0x00,0x00,0x00,0x0f,0x00,0xf8,0x07,0x86,0x79,0xee,0x11,0x2d,
  0x12,0x2c,0x13,0x2f,0x10,0x00,0x00,0xf8,0x00,0x08,0xf0,0xf8,0x00,0x80,0x00,0xf8,
  0x00,0x08,0xf0,0xe8,0x10,0x2c,0x10,0xe4,0x18,0x9c,0x60,0xf0,0x00,0x00,0x00,0x00,
  0x00,0x00,0x00,0x00,0x00,0x28,0x10,0x28,0x10,0x28,0x10,0xe8,0x10,0x98,0x60,0xf0,
  0x00,0x00,0x00,0x00,0x00,0x00,0x00,0xff,0x00,0x80,0x7f,0xbf,0x40,0xbf,0x40,0x80,
  0x7f,0xbf,0x40,0xa0,0x40,0x00,0x00,0xf8,0x00,0x08,0xf0,0xf8,0x00,0xf0,0x00,0x10,
  0xe0,0xd0,0x20,0x50,0x20,0xbf,0x40,0x80,0x7f,0xbf,0x40,0xbf,0x40,0x80,0x7f,0xff,
  0x00,0x00,0x00,0x00,0x00,0xd0,0x20,0x10,0xe0,0xf0,0x00,0xf8,0x00,0x08,0xf0,0xf8,
  0x00,0x00,0x00,0x00,0x00,0x00,0x00,0x7f,0x00,0x40,0x3f,0x7d,0x02,0x3d,0x02,0x2d,
  0x12,0x2d,0x12,0x6d,0x12,0x00,0x00,0xf0,0x00,0x10,0xe0,0xf0,0x00,0xe0,0x00,0xa0,
  0x40,0xa0,0x40,0xb0,0x40,0xd5,0x2a,0xb8,0x47,0xed,0x02,0xfd,0x02,0x80,0x7f,0xff,
  0x00,0x00,0x00,0x00,0x00,0x58,0xa0,0xe8,0x10,0xb8,0x00,0xf8,0x00,0x08,0xf0,0xf8,
  0x00,0x00,0x00,0x00,0x00,0x00,0x00,0x1d,0x00,0xf7,0x08,0x80,0x7f,0xfd,0x02,0x40,
  0x3f,0xfb,0x04,0x80,0x7f,0x00,0x00,0xc0,0x00,0x78,0x80,0x08,0xf0,0xf8,0x00,0x10,
  0xe0,0xf8,0x00,0x08,0xf0,0xf7,0x08,0x60,0x1f,0xde,0x21,0xbe,0x41,0xe0,0x1f,0x3f,
  0x00,0x00,0x00,0x00,0x00,0xf8,0x00,0x10,0xe0,0xf0,0x00,0xf8,0x00,0x08,0xf0,0xf8,
  0x00,0x00,0x00,0x00,0x00,0x00,0x00,0x7f,0x00,0x40,0x3f,0x7f,0x00,0x00,0x00,0x00,
  0x00,0x7f,0x00,0x40,0x3f,0x00,0x00,0xf0,0x00,0x10,0xe0,0xd0,0x20,0x50,0x20,0x50,
  0x20,0xd0,0x20,0x10,0xe0,0x5f,0x20,0x50,0x20,0x50,0x20,0x5f,0x20,0x60,0x1f,0x3f,
  0x00,0x00,0x00,0x00,0x00,0xf0,0x00,0x38,0x00,0x28,0x10,0xe8,0x10,0x08,0xf0,0xf8,
  0x00,0x00,0x00,0x00,0x00,0x00,0x00,0x7f,0x00,0x40,0x3f,0x7f,0x00,0x70,0x00,0x50,
  0x20,0x5f,0x20,0x40,0x3f,0x00,0x00,0xf0,0x00,0x10,0xe0,0xd0,0x20,0x50,0x20,0x50,
  0x20,0xd0,0x20,0x10,0xe0,0x5f,0x20,0x50,0x20,0x50,0x20,0x5f,0x20,0x60,0x1f,0x3f,
  0x00,0x00,0x00,0x00,0x00,0xf0,0x00,0x38,0x00,0x28,0x10,0xe8,0x10,0x08,0xf0,0xf8,
  0x00,0x00,0x00,0x00,0x00,0x00,0x00,0x0e,0x00,0xfb,0x04,0x80,0x7f,0xf7,0x08,0x6e,
  0x11,0xde,0x21,0xa0,0x5f,0x00,0x00,0x00,0x00,0xf8,0x00,0x08,0xf0,0xf8,0x00,0x80,
  0x00,0xf0,0x00,0x10,0xe0,0xee,0x11,0x2a,0x11,0x2a,0x11,0x2a,0x11,0x3a,0x01,0x03,
  0x00,0x00,0x00,0x00,0x00,0xd0,0x20,0xd0,0x20,0xd0,0x20,0x90,0x60,0xf0,0x00,0x80,
  0x00,0x00,0x00,0x00,0x00,0x00,0x00,0x3b,0x00,0x2a,0x11,0xee,0x11,0x82,0x7d,0xaa,
  0x55,0xaa,0x55,0xaa,0x55,0x00,0x00,0xf0,0x00,0x10,0xe0,0xd0,0x20,0xd0,0x20,0xd0,
  0x20,0x50,0xa0,0x90,0x60,0xaa,0x55,0xaa,0x55,0xa2,0x5d,0xed,0x12,0x2b,0x14,0x3e,
  0x00,0x00,0x00,0x00,0x00,0xd0,0x20,0xd0,0x20,0xd0,0x20,0xd8,0x20,0x48,0x30,0x78,
  0x00,0x00,0x00,0x00,0x00,0x00,0x00,0x3f,0x00,0xe8,0x17,0xaf,0x50,0xaf,0x50,0xa8,
  0x57,0xab,0x54,0xab,0x54,0x00,0x00,0xf8,0x00,0x08,0xf0,0x78,0x80,0x78,0x80,0x08,
  0xf0,0x68,0x90,0x68,0x90,0xab,0x54,0xeb,0x14,0x6b,0x14,0xdf,0x20,0xb1,0x40,0xe1,
  0x00,0x00,0x00,0x00,0x00,0x68,0x90,0x68,0x90,0x48,0xb0,0x78,0x80,0x40,0x80,0xc0,
  0x00,0x00,0x00,0x00,0x00,0x00,0x00,0x3d,0x00,0x27,0x18,0x78,0x07,0x47,0x38,0xf7,
  0x08,0x80,0x7f,0xee,0x11,0x00,0x00,0xf0,0x00,0x10,0xe0,0xf0,0x00,0x30,0xc0,0xd8,
  0x20,0x08,0xf0,0xf8,0x00,0xc0,0x3f,0xae,0x51,0xea,0x11,0x2a,0x11,0x3a,0x01,0x03,
  0x00,0x00,0x00,0x00,0x00,0x10,0xe0,0xd0,0x20,0xd0,0x20,0x90,0x60,0xf0,0x00,0x80,
  0x00,0x00,0x00,0x00,0x00,0x00,0x00,0x3f,0x00,0xed,0x12,0x80,0x7f,0xed,0x12,0xff,
  0x00,0x80,0x7f,0xbd,0x42,0x00,0x00,0xe0,0x00,0xb8,0x40,0x08,0xf0,0xb8,0x40,0xf8,
  0x00,0x08,0xf0,0xe8,0x10,0xc0,0x3f,0x5d,0x22,0x55,0x22,0x55,0x22,0x75,0x02,0x07,
  0x00,0x00,0x00,0x00,0x00,0x18,0xe0,0xd0,0x20,0xd0,0x20,0x90,0x60,0xf0,0x00,0x00,
  0x00,0x00,0x00,0x00,0x00,0x00,0x00,0x1d,0x00,0xf7,0x08,0x81,0x7e,0xf7,0x08,0x81,
  0x7e,0xf7,0x08,0xef,0x10,0x00,0x00,0xf8,0x00,0x08,0xf0,0x68,0x90,0x58,0xa0,0x68,
  0x90,0x08,0xf0,0x78,0x80,0x9d,0x62,0xc0,0x3f,0x5d,0x22,0x55,0x22,0x75,0x02,0x07,
  0x00,0x00,0x00,0x00,0x00,0xf0,0x00,0x10,0xe0,0xd0,0x20,0x90,0x60,0xf0,0x00,0x00,
  0x00,0x00,0x00,0x00,0x00,0x00,0x00,0x3f,0x00,0xed,0x12,0x80,0x7f,0xbf,0x40,0xa0,
  0x5f,0xef,0x10,0x20,0x1f,0x00,0x00,0xe0,0x00,0xb8,0x40,0x08,0xf0,0xe8,0x10,0x28,
  0xd0,0xb8,0x40,0x20,0xc0,0x7d,0x02,0x40,0x3f,0x5d,0x22,0x55,0x22,0x75,0x02,0x07,
  0x00,0x00,0x00,0x00,0x00,0xf0,0x00,0x10,0xe0,0xd0,0x20,0x90,0x60,0xf0,0x00,0x00,
  0x00,0x00,0x00,0x00,0x00,0x00,0x00,0x7f,0x00,0x40,0x3f,0x7d,0x02,0x05,0x02,0x05,
  0x02,0xfd,0x02,0x80,0x7f,0x00,0x00,0xf0,0x00,0x10,0xe0,0xf0,0x00,0x00,0x00,0x00,
  0x00,0xf8,0x00,0x08,0xf0,0xfd,0x02,0x05,0x02,0x05,0x02,0x05,0x02,0x05,0x02,0x07,
  0x00,0x00,0x00,0x00,0x00,0xf8,0x00,0x00,0x00,0x00,0x00,0x00,0x00,0x00,0x00,0x00,
  0x00,0x00,0x00,0x00,0x00,0x00,0x00,0x7f,0x00,0x40,0x3f,0x7d,0x02,0x5d,0x22,0x6d,
  0x12,0xfd,0x02,0x80,0x7f,0x00,0x00,0xf0,0x00,0x10,0xe0,0xf0,0x00,0xd0,0x20,0xb0,
  0x40,0xf8,0x00,0x08,0xf0,0xfd,0x02,0x05,0x02,0x05,0x02,0x05,0x02,0x05,0x02,0x07,
  0x00,0x00,0x00,0x00,0x00,0xf8,0x00,0x00,0x00,0x00,0x00,0x00,0x00,0x00,0x00,0x00,
  0x00,0x00,0x00,0x00,0x00,0x00,0x00,0x38,0x00,0x2f,0x10,0x60,0x1f,0xde,0x21,0xbe,
  0x41,0xe0,0x1f,0x2e,0x11,0x00,0x00,0x00,0x00,0xf8,0x00,0x08,0xf0,0xf8,0x00,0xf0,
  0x00,0x10,0xe0,0xf0,0x00,0xee,0x11,0x80,0x7f,0xfe,0x01,0x02,0x01,0x02,0x01,0x03,
  0x00,0x00,0x00,0x00,0x00,0xf8,0x00,0x08,0xf0,0xf8,0x00,0x80,0x00,0x80,0x00,0x80,
  0x00,0x00,0x00,0x00,0x00,0x00,0x00,0x38,0x00,0x2d,0x10,0xf7,0x08,0x80,0x7f,0xf7,
  0x08,0x15,0x08,0xf7,0x08,0x00,0x00,0xe0,0x00,0xa0,0x40,0x78,0x80,0x08,0xf0,0x78,
  0x80,0x40,0x80,0x78,0x80,0x80,0x7f,0xf7,0x08,0x35,0x08,0xed,0x10,0x99,0x60,0xf1,
  0x00,0x00,0x00,0x00,0x00,0x08,0xf0,0x78,0x80,0x40,0x80,0x40,0x80,0x40,0x80,0xc0,
  0x00,0x00,0x00,0x00,0x00,0x00,0x00,0x07,0x00,0x7d,0x02,0x40,0x3f,0xfd,0x02,0x80,
  0x7f,0xef,0x10,0x77,0x08,0x00,0x00,0x00,0x00,0xf0,0x00,0x10,0xe0,0xf8,0x00,0x08,
  0xf0,0xb8,0x40,0x70,0x80,0x40,0x3f,0xfd,0x02,0x80,0x7f,0xfd,0x02,0x05,0x02,0x07,
  0x00,0x00,0x00,0x00,0x00,0x10,0xe0,0xf8,0x00,0x08,0xf0,0xf8,0x00,0x00,0x00,0x00,
  0x00,0x00,0x00,0x00,0x00,0x00,0x00,0x3f,0x00,0x2c,0x13,0x6f,0x10,0x58,0x20,0xdc,
  0x20,0xb4,0x48,0x8c,0x70,0x00,0x00,0xf8,0x00,0x08,0xf0,0xe8,0x10,0x28,0x10,0x28,
  0x10,0x28,0x10,0x28,0x10,0xee,0x10,0x5a,0x24,0xdb,0x24,0xb5,0x4a,0x8d,0x72,0xff,
  0x00,0x00,0x00,0x00,0x00,0x28,0x10,0x28,0x10,0x28,0x10,0xe8,0x10,0x98,0x60,0xf0,
  0x00,0x00,0x00,0x00,0x00,0x00,0x00,0x03,0x00,0x3e,0x01,0x20,0x1f,0x2f,0x10,0x28,
  0x10,0x28,0x10,0x28,0x10,0x00,0x00,0x80,0x00,0xf8,0x00,0x08,0xf0,0xf8,0x00,0x00,
  0x00,0x00,0x00,0x00,0x00,0x28,0x10,0x68,0x10,0x58,0x20,0xd0,0x20,0xb0,0x40,0xe0,
  0x00,0x00,0x00,0x00,0x00,0x00,0x00,0x00,0x00,0x00,0x00,0x00,0x00,0x00,0x00,0x00,
  0x00,0x00,0x00,0x00,0x00,0x00,0x00,0x03,0x00,0x7e,0x01,0x40,0x3f,0x5f,0x20,0x52,
  0x21,0x5e,0x21,0x40,0x3f,0x00,0x00,0x80,0x00,0xf8,0x00,0x08,0xf0,0xf8,0x00,0x80,
  0x00,0xf8,0x00,0x08,0xf0,0x5e,0x21,0x5c,0x23,0x5a,0x25,0xd6,0x29,0xae,0x51,0xfb,
  0x00,0x00,0x00,0x00,0x00,0xf8,0x00,0x60,0x80,0xb0,0x40,0xd8,0x20,0xe8,0x10,0xb8,
  0x00,0x00,0x00,0x00,0x00,0x00,0x00,0x03,0x00,0x7e,0x01,0x40,0x3f,0x5f,0x20,0x5d,
  0x22,0x55,0x2a,0x56,0x29,0x00,0x00,0x80,0x00,0xf8,0x00,0x08,0xf0,0xf8,0x00,0x50,
  0x20,0xd0,0x20,0xd0,0x20,0x5a,0x25,0x5b,0x24,0x5f,0x20,0xdf,0x20,0xa0,0x5f,0xff,
  0x00,0x00,0x00,0x00,0x00,0xd0,0x20,0xb0,0x40,0xa0,0x40,0x78,0x80,0x08,0xf0,0xf8,
  0x00,0x00,0x00,0x00,0x00,0x00,0x00,0x03,0x00,0x7e,0x01,0x40,0x3f,0x5f,0x20,0x50,
  0x2f,0x57,0x28,0x57,0x28,0x00,0x00,0x80,0x00,0xf8,0x00,0x08,0xf0,0xd8,0x20,0x30,
  0xc0,0x60,0x80,0x78,0x80,0x50,0x2f,0x57,0x28,0x57,0x28,0xd5,0x2a,0xb2,0x4d,0xff,
  0x00,0x00,0x00,0x00,0x00,0x08,0xf0,0x78,0x80,0xb8,0x40,0xa8,0x50,0xc8,0x30,0xf8,
  0x00,0x00,0x00,0x00,0x00,0x00,0x00,0x03,0x00,0x7e,0x01,0x40,0x3f,0x5f,0x20,0x52,
  0x21,0x52,0x21,0x52,0x21,0x00,0x00,0x80,0x00,0xf8,0x00,0x08,0xf0,0xf8,0x00,0xf8,
  0x00,0x08,0xf0,0xf8,0x00,0x5e,0x21,0x50,0x2f,0x57,0x28,0xd7,0x28,0xb0,0x4f,0xff,
  0x00,0x00,0x00,0x00,0x00,0xf0,0x00,0x10,0xe0,0xd0,0x20,0xd0,0x20,0x10,0xe0,0xf0,
  0x00,0x00,0x00,0x00,0x00,0x00,0x00,0x03,0x00,0x7e,0x01,0x40,0x3f,0x5b,0x24,0x40,
  0x3f,0x5b,0x24,0x58,0x27,0x00,0x00,0x80,0x00,0xf8,0x00,0x08,0xf0,0xb8,0x40,0x08,
  0xf0,0xb8,0x40,0x20,0xc0,0x5f,0x20,0x50,0x2f,0x5b,0x24,0xdc,0x23,0xa3,0x5c,0xfe,
  0x00,0x00,0x00,0x00,0x00,0xf0,0x00,0x10,0xe0,0xb0,0x40,0x78,0x80,0x88,0x70,0xf8,
  0x00,0x00,0x00,0x00,0x00,0x00,0x00,0x03,0x00,0x7e,0x01,0x40,0x3f,0x5f,0x20,0x5e,
  0x21,0x56,0x29,0x56,0x29,0x00,0x00,0x80,0x00,0xf8,0x00,0x08,0xf0,0xf8,0x00,0xf0,
  0x00,0xd0,0x20,0xd8,0x20,0x4a,0x35,0x5e,0x21,0x50,0x2f,0xde,0x21,0xa0,0x5f,0xff,
  0x00,0x00,0x00,0x00,0x00,0xa8,0x50,0xf8,0x00,0x10,0xe0,0xf8,0x00,0x08,0xf0,0xf8,
  0x00,0x00,0x00,0x00,0x00,0x00,0x00,0x03,0x00,0x7e,0x01,0x40,0x3f,0x5e,0x21,0x50,
  0x2f,0x5e,0x21,0x40,0x3f,0x00,0x00,0x80,0x00,0xf8,0x00,0x08,0xf0,0xf8,0x00,0x10,
  0xe0,0xd8,0x20,0x08,0xf0,0x5e,0x21,0x50,0x2f,0x56,0x29,0xda,0x25,0xa4,0x5b,0xff,
  0x00,0x00,0x00,0x00,0x00,0xd8,0x20,0x10,0xe0,0xd0,0x20,0xb8,0x40,0xc8,0x30,0xf8,
  0x00,0x00,0x00,0x00,0x00,0x00,0x00,0xff,0x00,0x80,0x7f,0xef,0x10,0x28,0x10,0x28,
  0x10,0xef,0x10,0x80,0x7f,0x00,0x00,0xf8,0x00,0x08,0xf0,0xb8,0x40,0xa0,0x40,0xa0,
  0x40,0xb8,0x40,0x08,0xf0,0xef,0x10,0x68,0x10,0x58,0x20,0xd0,0x20,0xb0,0x40,0xe0,
  0x00,0x00,0x00,0x00,0x00,0xb8,0x40,0xa0,0x40,0xa0,0x40,0xa0,0x40,0xa0,0x40,0xe0,
  0x00,0x00,0x00,0x00,0x00,0x00,0x00,0x7f,0x00,0x40,0x3f,0x5f,0x20,0x40,0x3f,0x5f,
  0x20,0x5f,0x20,0x60,0x1f,0x00,0x00,0xf0,0x00,0x10,0xe0,0xd0,0x20,0x10,0xe0,0xf8,
  0x00,0xe8,0x10,0x08,0xf0,0xf7,0x08,0x80,0x7f,0xf7,0x08,0xec,0x10,0x98,0x60,0xf0,
  0x00,0x00,0x00,0x00,0x00,0xb8,0x40,0x08,0xf0,0xb8,0x40,0xa0,0x40,0xa0,0x40,0xe0,
  0x00,0x00,0x00,0x00,0x00,0x00,0x00,0xff,0x00,0x80,0x7f,0xfd,0x02,0x40,0x3f,0xfd,
  0x02,0x80,0x7f,0xff,0x00,0x00,0x00,0xf8,0x00,0x08,0xf0,0xf8,0x00,0x10,0xe0,0xf8,
  0x00,0x08,0xf0,0xf8,0x00,0xf7,0x08,0x80,0x7f,0xf7,0x08,0xed,0x10,0x99,0x60,0xf1,
  0x00,0x00,0x00,0x00,0x00,0x78,0x80,0x08,0xf0,0x78,0x80,0x40,0x80,0x40,0x80,0xc0,
  0x00,0x00,0x00,0x00,0x00,0x00,0x00,0x7f,0x00,0x40,0x3f,0x7f,0x00,0x7f,0x00,0x40,
  0x3f,0x5f,0x20,0x5f,0x20,0x00,0x00,0xf0,0x00,0x10,0xe0,0xd0,0x20,0xd0,0x20,0x10,
  0xe0,0xf0,0x00,0xf8,0x00,0x40,0x3f,0x7f,0x00,0x00,0x00,0x03,0x00,0x02,0x01,0x03,
  0x00,0x00,0x00,0x00,0x00,0x08,0xf0,0xe8,0x10,0x28,0x10,0xe8,0x10,0x18,0xe0,0xf0,
  0x00,0x00,0x00,0x00,0x00,0x00,0x00,0xff,0x00,0x81,0x7e,0xfd,0x02,0xfd,0x02,0x81,
  0x7e,0xbf,0x40,0xbf,0x40,0x00,0x00,0x70,0x00,0x50,0x20,0x50,0x20,0x50,0x20,0x50,
  0x20,0x50,0x20,0x50,0x20,0x81,0x7e,0xfd,0x02,0x05,0x02,0x3d,0x02,0x23,0x1c,0x3e,
  0x00,0x00,0x00,0x00,0x00,0x50,0x20,0x50,0x20,0x50,0x20,0x50,0x20,0x50,0x20,0x70,
  0x00,0x00,0x00,0x00,0x00,0x00,0x00,0x38,0x00,0x2d,0x10,0x77,0x08,0x40,0x3f,0x7d,
  0x02,0x40,0x3f,0x5d,0x22,0x00,0x00,0xe0,0x00,0xa0,0x40,0x70,0x80,0x10,0xe0,0xd0,
  0x20,0x10,0xe0,0xf8,0x00,0x40,0x3f,0x79,0x06,0xe5,0x1a,0x9d,0x62,0xf5,0x02,0x07,
  0x00,0x00,0x00,0x00,0x00,0x08,0xf0,0xe8,0x10,0xe8,0x10,0x98,0x60,0xf0,0x00,0x00,
  0x00,0x00,0x00,0x00,0x00,0x00,0x00,0xff,0x00,0x8d,0x72,0xed,0x12,0xed,0x12,0x8d,
  0x72,0xbd,0x42,0xb0,0x4f,0x00,0x00,0x70,0x00,0x50,0x20,0xd0,0x20,0xb0,0x40,0x60,
  0x80,0xf8,0x00,0x08,0xf0,0x8d,0x72,0xed,0x12,0x2d,0x12,0xed,0x12,0x9c,0x63,0xf7,
  0x00,0x00,0x00,0x00,0x00,0x78,0x80,0xa0,0x40,0xb0,0x40,0x58,0xa0,0xe8,0x10,0xb8,
  0x00,0x00,0x00,0x00,0x00,0x00,0x00,0xff,0x00,0x8d,0x72,0xec,0x13,0xed,0x12,0x8b,
  0x74,0xbf,0x40,0xbd,0x42,0x00,0x00,0x00,0x00,0xf8,0x00,0x08,0xf0,0xe8,0x10,0x68,
  0x90,0x78,0x80,0x50,0xa0,0x8d,0x72,0xeb,0x14,0x2b,0x14,0xef,0x10,0x9a,0x61,0xf3,
  0x00,0x00,0x00,0x00,0x00,0x58,0xa0,0x68,0x90,0x68,0x90,0x78,0x80,0x40,0x80,0xc0,
  0x00,0x00,0x00,0x00,0x00,0x00,0x00,0xff,0x00,0x82,0x7d,0xfb,0x04,0xfb,0x04,0x82,
  0x7d,0xbe,0x41,0x82,0x7d,0x00,0x00,0xf8,0x00,0x08,0xf0,0xe8,0x10,0xe8,0x10,0x08,
  0xf0,0xf8,0x00,0x08,0xf0,0xba,0x45,0xdb,0x24,0x6b,0x14,0xdb,0x24,0xb2,0x4d,0xff,
  0x00,0x00,0x00,0x00,0x00,0xe8,0x10,0x68,0x90,0xa8,0x50,0x68,0x90,0xc8,0x30,0xf8,
  0x00,0x00,0x00,0x00,0x00,0x00,0x00,0xff,0x00,0x8d,0x72,0xee,0x11,0xe8,0x17,0x8b,
  0x74,0xb8,0x47,0xbb,0x44,0x00,0x00,0x70,0x00,0xd0,0x20,0xb8,0x40,0x08,0xf0,0x68,
  0x90,0x08,0xf0,0x68,0x90,0x88,0x77,0xef,0x10,0x28,0x17,0xef,0x10,0x99,0x60,0xf1,
  0x00,0x00,0x00,0x00,0x00,0x08,0xf0,0x78,0x80,0x08,0xf0,0x78,0x80,0x40,0x80,0xc0,
  0x00,0x00,0x00,0x00,0x00,0x00,0x00,0xff,0x00,0x8c,0x73,0xed,0x12,0xec,0x13,0x8f,
  0x70,0xb8,0x47,0xbb,0x44,0x00,0x00,0xf0,0x00,0x10,0xe0,0xd0,0x20,0x10,0xe0,0x78,
  0x80,0x08,0xf0,0x68,0x90,0x8b,0x74,0xe8,0x17,0x2f,0x10,0xef,0x10,0x98,0x67,0xff,
  0x00,0x00,0x00,0x00,0x00,0x68,0x90,0x08,0xf0,0x78,0x80,0x58,0xa0,0x28,0xd0,0xf8,
  0x00,0x00,0x00,0x00,0x00,0x00,0x00,0x1f,0x00,0xf4,0x0b,0xb7,0x48,0xb4,0x48,0xb4,
  0x48,0xb7,0x48,0xb4,0x4b,0x00,0x00,0xf8,0x00,0x08,0xf0,0xe8,0x10,0x28,0x10,0x28,
  0x10,0xe8,0x10,0x08,0xf0,0xb7,0x48,0xec,0x10,0x68,0x10,0xdf,0x20,0xb4,0x43,0xe7,
  0x00,0x00,0x00,0x00,0x00,0xe8,0x10,0x28,0x10,0x28,0x10,0xe8,0x10,0x08,0xf0,0xf8,
  0x00,0x00,0x00,0x00,0x00,0x00,0x00,0x07,0x00,0x75,0x02,0x5d,0x22,0x6d,0x12,0x7d,
  0x02,0x40,0x3f,0x7f,0x00,0x00,0x00,0x00,0x00,0x70,0x00,0xd0,0x20,0xb0,0x40,0xf0,
  0x00,0x10,0xe0,0xd0,0x20,0x7f,0x00,0x40,0x3f,0x7f,0x00,0x7f,0x00,0x40,0x3f,0x7f,
  0x00,0x00,0x00,0x00,0x00,0xd0,0x20,0x10,0xe0,0xd0,0x20,0xd0,0x20,0x10,0xe0,0xf0,
  0x00,0x00,0x00,0x00,0x00,0x00,0x00,0xff,0x00,0x80,0x7f,0xed,0x12,0x2d,0x12,0x2d,
  0x12,0xed,0x12,0x80,0x7f,0x00,0x00,0xf8,0x00,0x68,0x90,0xd8,0x20,0xb0,0x40,0xf8,
  0x00,0xe8,0x10,0x58,0xa0,0xed,0x12,0x6d,0x12,0x5d,0x22,0xd5,0x22,0xb5,0x42,0xe7,
  0x00,0x00,0x00,0x00,0x00,0xb0,0x40,0xf8,0x00,0x68,0x10,0xd8,0x20,0xb0,0x40,0xe0,
  0x00,0x00,0x00,0x00,0x00,0x00,0x00,0x7f,0x00,0x41,0x3e,0x5d,0x22,0x41,0x3e,0x5d,
  0x22,0x41,0x3e,0xf7,0x08,0x00,0x00,0x38,0x00,0x68,0x10,0xd8,0x20,0xb0,0x40,0xf8,
  0x00,0x68,0x10,0xd8,0x20,0x80,0x7f,0xdd,0x22,0x41,0x3e,0xd5,0x2a,0xa6,0x59,0xff,
  0x00,0x00,0x00,0x00,0x00,0xb0,0x40,0xf8,0x00,0x68,0x10,0xd8,0x20,0xb0,0x40,0xe0,
  0x00,0x00,0x00,0x00,0x00,0x00,0x00,0x3f,0x00,0x6c,0x13,0xdd,0x22,0xbd,0x42,0xed,
  0x12,0xd3,0x2c,0x9f,0x60,0x00,0x00,0xe0,0x00,0x20,0xc0,0xa0,0x40,0xa0,0x40,0xb8,
  0x40,0x88,0x70,0xf8,0x00,0xd8,0x27,0x5b,0x24,0x5d,0x22,0x5e,0x21,0x51,0x2e,0x7f,
  0x00,0x00,0x00,0x00,0x00,0x10,0xe0,0xd0,0x20,0xb0,0x40,0x78,0x80,0x88,0x70,0xf8,
  0x00,0x00,0x00,0x00,0x00,0x00,0x00,0x3f,0x00,0x6b,0x14,0xdb,0x24,0xbb,0x44,0xe8,
  0x17,0xd3,0x2c,0x9a,0x64,0x00,0x00,0xf8,0x00,0x08,0xf0,0xa8,0x50,0xa8,0x50,0xa8,
  0x50,0xa8,0x50,0xa8,0x50,0xdb,0x24,0x5a,0x25,0x59,0x26,0x5b,0x24,0x5e,0x21,0x73,
  0x00,0x00,0x00,0x00,0x00,0xa8,0x50,0xa8,0x50,0x68,0x90,0x68,0x90,0xc8,0x30,0xf8,
  0x00,0x00,0x00,0x00,0x00,0x00,0x00,0x39,0x00,0x6f,0x10,0xd8,0x27,0xbb,0x44,0xeb,
  0x14,0xd8,0x27,0x99,0x66,0x00,0x00,0xc0,0x00,0x78,0x80,0x08,0xf0,0x68,0x90,0x78,
  0x80,0x08,0xf0,0xe8,0x10,0xda,0x25,0x5b,0x24,0x5b,0x24,0x5b,0x24,0x54,0x2b,0x7f,
  0x00,0x00,0x00,0x00,0x00,0xe8,0x10,0x58,0xa0,0xb0,0x40,0x58,0xa0,0xe8,0x10,0xb8,
  0x00,0x00,0x00,0x00,0x00,0x00,0x00,0x3b,0x00,0x6a,0x11,0xdf,0x20,0xb0,0x4f,0xef,
  0x10,0xd9,0x20,0x9f,0x60,0x00,0x00,0x80,0x00,0xc0,0x00,0x78,0x80,0x08,0xf0,0x78,
  0x80,0x40,0x80,0x70,0x80,0xd8,0x27,0x5f,0x20,0x51,0x20,0x5f,0x20,0x50,0x2f,0x7f,
  0x00,0x00,0x00,0x00,0x00,0x10,0xe0,0x70,0x80,0x40,0x80,0x78,0x80,0x08,0xf0,0xf8,
  0x00,0x00,0x00,0x00,0x00,0x00,0x00,0x3f,0x00,0x68,0x17,0xdf,0x20,0xb9,0x40,0xef,
  0x10,0xdb,0x24,0x9b,0x64,0x00,0x00,0xf8,0x00,0x08,0xf0,0x78,0x80,0x40,0x80,0x40,
  0x80,0x78,0x80,0x08,0xf0,0xdb,0x24,0x5b,0x24,0x5b,0x24,0x5b,0x24,0x50,0x2f,0x7f,
  0x00,0x00,0x00,0x00,0x00,0x78,0x80,0x40,0x80,0x40,0x80,0x78,0x80,0x08,0xf0,0xf8,
  0x00,0x00,0x00,0x00,0x00,0x00,0x00,0x39,0x00,0x6f,0x10,0xdc,0x23,0xbf,0x40,0xef,
  0x10,0xd8,0x27,0x9f,0x60,0x00,0x00,0xc0,0x00,0x70,0x80,0x10,0xe0,0x70,0x80,0x78,
  0x80,0x08,0xf0,0xd8,0x20,0xd8,0x27,0x5d,0x22,0x56,0x21,0x53,0x20,0x51,0x20,0x71,
  0x00,0x00,0x00,0x00,0x00,0x08,0xf0,0xd8,0x20,0xd0,0x20,0xd0,0x20,0x10,0xe0,0xf0,
  0x00,0x00,0x00,0x00,0x00,0x00,0x00,0x3f,0x00,0x68,0x17,0xdb,0x24,0xb8,0x47,0xeb,
  0x14,0xdb,0x24,0x98,0x67,0x00,0x00,0xf0,0x00,0x10,0xe0,0xd0,0x20,0x10,0xe0,0xd0,
  0x20,0xd0,0x20,0x18,0xe0,0xdb,0x24,0x5b,0x24,0x5b,0x24,0x5a,0x25,0x59,0x26,0x7f,
  0x00,0x00,0x00,0x00,0x00,0x68,0x90,0x58,0xa0,0xb0,0x40,0xd8,0x20,0xe8,0x10,0x38,
  0x00,0x00,0x00,0x00,0x00,0x00,0x00,0x3f,0x00,0x68,0x17,0xdb,0x24,0xb8,0x47,0xeb,
  0x14,0xd8,0x27,0x9f,0x60,0x00,0x00,0xf0,0x00,0x10,0xe0,0xd0,0x20,0x10,0xe0,0xd0,
  0x20,0x10,0xe0,0xf8,0x00,0xd0,0x2f,0x5f,0x20,0x50,0x2f,0x5b,0x24,0x5d,0x22,0x77,
  0x00,0x00,0x00,0x00,0x00,0x08,0xf0,0xb8,0x40,0x08,0xf0,0xb8,0x40,0x20,0xc0,0xe0,
  0x00,0x00,0x00,0x00,0x00,0x00,0x00,0x3e,0x00,0x6b,0x14,0xd0,0x2f,0xbd,0x42,0xed,
  0x12,0xd0,0x2f,0x9d,0x62,0x00,0x00,0x00,0x00,0xf8,0x00,0x88,0x70,0xa8,0x50,0xa8,
  0x50,0xa8,0x50,0xa8,0x50,0xd4,0x2b,0x55,0x2a,0x55,0x2a,0x54,0x2b,0x53,0x2c,0x7e,
  0x00,0x00,0x00,0x00,0x00,0xa8,0x50,0xa8,0x50,0x88,0x70,0xb8,0x40,0xa0,0x40,0xe0,
  0x00,0x00,0x00,0x00,0x00,0x00,0x00,0x3f,0x00,0x65,0x1a,0xd0,0x2f,0xbf,0x40,0xf0,
  0x0f,0x6a,0x15,0xd5,0x2a,0x00,0x00,0xc0,0x00,0x78,0x80,0x08,0xf0,0x68,0x90,0x68,
  0x90,0xe8,0x10,0xa8,0x50,0x9a,0x65,0xd0,0x2f,0x5d,0x22,0x55,0x2a,0x4c,0x33,0x7f,
  0x00,0x00,0x00,0x00,0x00,0xa8,0x50,0x58,0xa0,0xd8,0x20,0xa8,0x50,0x68,0x90,0xf8,
  0x00,0x00,0x00,0x00,0x00,0x00,0x00,0x0e,0x00,0x0b,0x04,0x0d,0x02,0x1e,0x01,0x16,
  0x09,0x77,0x08,0x54,0x28,0x00,0x00,0x00,0x00,0x00,0x00,0x80,0x00,0x80,0x00,0x80,
  0x00,0xf0,0x00,0x58,0x20,0x54,0x28,0xd4,0x28,0xb4,0x48,0xf7,0x08,0x18,0x07,0x0f,
  0x00,0x00,0x00,0x00,0x00,0x68,0x10,0xe8,0x10,0xa8,0x50,0xb8,0x40,0x20,0xc0,0xe0,
  0x00,0x00,0x00,0x00,0x00,0x00,0x00,0x0e,0x00,0x0b,0x04,0x0d,0x02,0x1d,0x02,0x77,
  0x08,0x55,0x28,0x57,0x28,0x00,0x00,0x00,0x00,0xe0,0x00,0xa0,0x40,0xa0,0x40,0xa0,
  0x40,0x70,0x80,0x58,0xa0,0xd6,0x29,0xb5,0x4a,0xf3,0x0c,0xe7,0x18,0x98,0x67,0xff,
  0x00,0x00,0x00,0x00,0x00,0xe8,0x10,0xe8,0x10,0xa8,0x50,0xb8,0x40,0x20,0xc0,0xe0,
  0x00,0x00,0x00,0x00,0x00,0x00,0x00,0x7f,0x00,0x40,0x3f,0x7d,0x02,0x6d,0x12,0x5b,
  0x24,0x77,0x08,0x4f,0x30,0x00,0x00,0xf0,0x00,0x10,0xe0,0xd0,0x20,0x50,0x20,0x50,
  0x20,0xd0,0x20,0x30,0xc0,0x7d,0x02,0x56,0x29,0xd6,0x29,0xb7,0x48,0xf8,0x07,0x0f,
  0x00,0x00,0x00,0x00,0x00,0xf0,0x00,0xd8,0x20,0xe8,0x10,0xa8,0x50,0x38,0xc0,0xe0,
  0x00,0x00,0x00,0x00,0x00,0x00,0x00,0x07,0x00,0x05,0x02,0xfd,0x02,0x80,0x7f,0xfd,
  0x02,0x7d,0x02,0x40,0x3f,0x00,0x00,0x00,0x00,0x00,0x00,0xf8,0x00,0x08,0xf0,0xf8,
  0x00,0xf0,0x00,0x10,0xe0,0x7f,0x00,0x7d,0x02,0x56,0x29,0xd7,0x28,0xb8,0x47,0xef,
  0x00,0x00,0x00,0x00,0x00,0xf0,0x00,0xf0,0x00,0xd8,0x20,0xa8,0x50,0x28,0xd0,0xf8,
  0x00,0x00,0x00,0x00,0x00,0x00,0x00,0x07,0x00,0xfd,0x02,0x80,0x7f,0xef,0x10,0x2f,
  0x10,0x20,0x1f,0x3f,0x00,0x00,0x00,0x00,0x00,0xf8,0x00,0x08,0xf0,0xf8,0x00,0xf0,
  0x00,0x10,0xe0,0xf0,0x00,0x7d,0x02,0x56,0x29,0xd6,0x29,0xb7,0x48,0xf8,0x07,0x0f,
  0x00,0x00,0x00,0x00,0x00,0xf0,0x00,0xd8,0x20,0xe8,0x10,0xa8,0x50,0x38,0xc0,0xe0,
  0x00,0x00,0x00,0x00,0x00,0x00,0x00,0x3b,0x00,0x2a,0x11,0xef,0x10,0xa8,0x57,0xa5,
  0x5a,0xad,0x52,0xad,0x52,0x00,0x00,0x80,0x00,0xc0,0x00,0x78,0x80,0x08,0xf0,0xf8,
  0x00,0x00,0x00,0x00,0x00,0xed,0x12,0x2d,0x12,0x2d,0x12,0x2d,0x12,0x2c,0x13,0x3f,
  0x00,0x00,0x00,0x00,0x00,0x00,0x00,0x00,0x00,0x00,0x00,0xf8,0x00,0x08,0xf0,0xf8,
  0x00,0x00,0x00,0x00,0x00,0x00,0x00,0x07,0x00,0x7d,0x02,0x40,0x3f,0x5d,0x22,0x5d,
  0x22,0x40,0x3f,0x7d,0x02,0x00,0x00,0x00,0x00,0xf0,0x00,0x10,0xe0,0xd0,0x20,0xd0,
  0x20,0x10,0xe0,0xf0,0x00,0x7f,0x00,0x55,0x2a,0xd6,0x29,0xb7,0x48,0xf8,0x07,0x0f,
  0x00,0x00,0x00,0x00,0x00,0x70,0x00,0xd8,0x20,0xe8,0x10,0xa8,0x50,0x38,0xc0,0xe0,
  0x00,0x00,0x00,0x00,0x00,0x00,0x00,0x3b,0x00,0x2a,0x11,0xee,0x11,0xa8,0x57,0xa6,
  0x59,0xae,0x51,0xae,0x51,0x00,0x00,0x80,0x00,0x80,0x00,0xf0,0x00,0x10,0xe0,0xd0,
  0x20,0xd0,0x20,0xd8,0x20,0xe0,0x1f,0x2e,0x11,0x2d,0x12,0x2b,0x14,0x26,0x18,0x3c,
  0x00,0x00,0x00,0x00,0x00,0x08,0xf0,0xf8,0x00,0x60,0x80,0xb8,0x40,0xc8,0x30,0x78,
  0x00,0x00,0x00,0x00,0x00,0x00,0x00,0x07,0x00,0x0d,0x02,0x3a,0x05,0xe7,0x18,0x9d,
  0x62,0xfe,0x01,0x40,0x3f,0x00,0x00,0x00,0x00,0x80,0x00,0xe0,0x00,0x38,0xc0,0xc8,
  0x30,0xf8,0x00,0x10,0xe0,0x7f,0x00,0x7d,0x02,0x56,0x29,0xd7,0x28,0xb8,0x47,0xef,
  0x00,0x00,0x00,0x00,0x00,0xb0,0x40,0x70,0x80,0xd8,0x20,0xa8,0x50,0x28,0xd0,0xf8,
  0x00,0x00,0x00,0x00,0x00,0x00,0x00,0x3f,0x00,0x28,0x17,0xef,0x10,0xad,0x50,0xa7,
  0x58,0xae,0x51,0xad,0x52,0x00,0x00,0xf8,0x00,0x08,0xf0,0xb8,0x40,0x60,0x80,0x70,
  0x80,0x58,0xa0,0x68,0x90,0xeb,0x14,0x2f,0x10,0x29,0x10,0x29,0x10,0x29,0x10,0x39,
  0x00,0x00,0x00,0x00,0x00,0x68,0x90,0x78,0x80,0x40,0x80,0x40,0x80,0x40,0x80,0xc0,
  0x00,0x00,0x00,0x00,0x00,0x00,0x00,0x07,0x00,0xfd,0x02,0x80,0x7f,0xfa,0x05,0x37,
  0x08,0xeb,0x14,0x9d,0x62,0x00,0x00,0x00,0x00,0xf8,0x00,0x08,0xf0,0xf8,0x00,0x60,
  0x80,0xb8,0x40,0xc8,0x30,0xff,0x00,0x55,0x2a,0xd6,0x29,0xb7,0x48,0xf8,0x07,0x0f,
  0x00,0x00,0x00,0x00,0x00,0x78,0x00,0xd8,0x20,0xe8,0x10,0xa8,0x50,0x38,0xc0,0xe0,
  0x00,0x00,0x00,0x00,0x00,0x00,0x00,0x38,0x00,0x2f,0x10,0x60,0x1f,0xdb,0x24,0xb8,
  0x47,0xeb,0x04,0x08,0x07,0x00,0x00,0x00,0x00,0xf8,0x00,0x08,0xf0,0xf8,0x00,0x10,
  0xe0,0xf0,0x00,0x10,0xe0,0x7b,0x04,0x55,0x2a,0xd6,0x29,0xb7,0x48,0xf8,0x07,0x0f,
  0x00,0x00,0x00,0x00,0x00,0xf0,0x00,0xd8,0x20,0xe8,0x10,0xa8,0x50,0x38,0xc0,0xe0,
  0x00,0x00,0x00,0x00,0x00,0x00,0x00,0x38,0x00,0x29,0x10,0xef,0x10,0xac,0x53,0xa5,
  0x5a,0xad,0x52,0xad,0x52,0x00,0x00,0xe0,0x00,0xa0,0x40,0x78,0x80,0x08,0xf0,0xe8,
  0x10,0x28,0x10,0xe8,0x10,0xec,0x13,0x2d,0x12,0x2d,0x12,0x2d,0x12,0x2c,0x13,0x3f,
  0x00,0x00,0x00,0x00,0x00,0x08,0xf0,0xe8,0x10,0x28,0x10,0xe8,0x10,0x08,0xf0,0xf8,
  0x00,0x00,0x00,0x00,0x00,0x00,0x00,0x39,0x00,0x2b,0x10,0xee,0x11,0xa5,0x5a,0xab,
  0x54,0xaf,0x50,0xaf,0x50,0x00,0x00,0xc0,0x00,0x60,0x80,0xb0,0x40,0xd8,0x20,0xe8,
  0x10,0x78,0x80,0xb8,0x40,0xe8,0x17,0x2f,0x10,0x2d,0x12,0x2e,0x11,0x2b,0x10,0x38,
  0x00,0x00,0x00,0x00,0x00,0x08,0xf0,0xd8,0x20,0xb0,0x40,0x70,0x80,0x90,0x60,0xf0,
  0x00,0x00,0x00,0x00,0x00,0x00,0x00,0x7f,0x00,0x40,0x3f,0x5d,0x22,0x40,0x3f,0x5d,
  0x22,0x5d,0x22,0x40,0x3f,0x00,0x00,0xf0,0x00,0x10,0xe0,0xd0,0x20,0x10,0xe0,0xd0,
  0x20,0xd0,0x20,0x10,0xe0,0x7f,0x00,0x55,0x2a,0xd6,0x29,0xb7,0x48,0xf8,0x07,0x0f,
  0x00,0x00,0x00,0x00,0x00,0xf0,0x00,0xd8,0x20,0xe8,0x10,0xa8,0x50,0x38,0xc0,0xe0,
  0x00,0x00,0x00,0x00,0x00,0x00,0x00,0x1f,0x00,0x30,0x0f,0x6f,0x10,0x40,0x3f,0x7f,
  0x00,0x40,0x3f,0x7f,0x00,0x00,0x00,0xc0,0x00,0x40,0x80,0x70,0x80,0x10,0xe0,0xd0,
  0x20,0x10,0xe0,0xd0,0x20,0x40,0x3f,0x7d,0x02,0x56,0x29,0xd7,0x28,0xb8,0x47,0xef,
  0x00,0x00,0x00,0x00,0x00,0x10,0xe0,0xf0,0x00,0xd8,0x20,0xa8,0x50,0x28,0xd0,0xf8,
  0x00,0x00,0x00,0x00,0x00,0x00,0x00,0x3f,0x00,0x2c,0x13,0xed,0x12,0xae,0x51,0xa7,
  0x58,0xae,0x51,0xa9,0x56,0x00,0x00,0xf0,0x00,0x10,0xe0,0xd0,0x20,0xb0,0x40,0x60,
  0x80,0xb8,0x40,0xc8,0x30,0xef,0x10,0x2c,0x13,0x2f,0x10,0x2f,0x10,0x28,0x17,0x3f,
  0x00,0x00,0x00,0x00,0x00,0x78,0x80,0x10,0xe0,0x70,0x80,0x78,0x80,0x08,0xf0,0xf8,
  0x00,0x00,0x00,0x00,0x00,0x00,0x00,0x38,0x00,0x2d,0x10,0x77,0x08,0x40,0x3f,0x5f,
  0x20,0x5f,0x20,0x40,0x3f,0x00,0x00,0xe0,0x00,0xa0,0x40,0x70,0x80,0x10,0xe0,0xd0,
  0x20,0xd0,0x20,0x10,0xe0,0x7f,0x00,0x55,0x2a,0xd6,0x29,0xb7,0x48,0xf8,0x07,0x0f,
  0x00,0x00,0x00,0x00,0x00,0xf0,0x00,0xd8,0x20,0xe8,0x10,0xa8,0x50,0x38,0xc0,0xe0,
  0x00,0x00,0x00,0x00,0x00,0x00,0x00,0x39,0x00,0x2f,0x10,0xeb,0x14,0xad,0x52,0xa5,
  0x5a,0xaf,0x50,0xa8,0x57,0x00,0x00,0xc0,0x00,0x78,0x80,0x68,0x90,0x68,0x90,0x58,
  0xa0,0x78,0x80,0x08,0xf0,0xee,0x11,0x2a,0x11,0x2e,0x11,0x2d,0x12,0x2b,0x14,0x3e,
  0x00,0x00,0x00,0x00,0x00,0xb8,0x40,0xb8,0x40,0xa8,0x50,0xa8,0x50,0x88,0x70,0xf8,
  0x00,0x00,0x00,0x00,0x00,0x00,0x00,0xff,0x00,0x84,0x7b,0xee,0x11,0x2c,0x13,0x2e,
  0x11,0xe6,0x19,0x9f,0x60,0x00,0x00,0xf0,0x00,0x10,0xe0,0xd0,0x20,0xd0,0x20,0x50,
  0xa0,0xd8,0x20,0xc8,0x30,0xfd,0x02,0x16,0x09,0x77,0x08,0xd7,0x28,0xb8,0x47,0xef,
  0x00,0x00,0x00,0x00,0x00,0xf8,0x00,0xf0,0x00,0xd8,0x20,0xe8,0x10,0x38,0xc0,0xe0,
  0x00,0x00,0x00,0x00,0x00,0x00,0x00,0x3f,0x00,0x2d,0x12,0xe8,0x17,0xad,0x52,0xa5,
  0x5a,0xad,0x52,0xad,0x52,0x00,0x00,0x00,0x00,0xf8,0x00,0x08,0xf0,0xf8,0x00,0xb8,
  0x40,0xa8,0x50,0x28,0xd0,0xec,0x13,0x2d,0x12,0x2d,0x12,0x2b,0x14,0x2c,0x13,0x3f,
  0x00,0x00,0x00,0x00,0x00,0x98,0x60,0xb0,0x40,0xb0,0x40,0x58,0xa0,0xe8,0x10,0xb8,
  0x00,0x00,0x00,0x00,0x00,0x00,0x00,0x0e,0x00,0x3b,0x04,0x20,0x1f,0x2f,0x10,0x20,
  0x1f,0x2f,0x10,0x20,0x1f,0x00,0x00,0x00,0x00,0xe0,0x00,0x20,0xc0,0xa0,0x40,0x20,
  0xc0,0xa0,0x40,0x20,0xc0,0x2f,0x10,0x60,0x1f,0x55,0x2a,0xd6,0x29,0xb8,0x47,0xef,
  0x00,0x00,0x00,0x00,0x00,0xa0,0x40,0x30,0xc0,0xd8,0x20,0xa8,0x50,0x28,0xd0,0xf8,
  0x00,0x00,0x00,0x00,0x00,0x00,0x00,0x7f,0x00,0x40,0x3f,0x7a,0x05,0x5a,0x25,0x6a,
  0x15,0xfa,0x05,0x80,0x7f,0x00,0x00,0xf0,0x00,0x10,0xe0,0xf0,0x00,0xd0,0x20,0xb0,
  0x40,0xf8,0x00,0x08,0xf0,0xff,0x00,0x55,0x2a,0xd6,0x29,0xb7,0x48,0xf8,0x07,0x0f,
  0x00,0x00,0x00,0x00,0x00,0xf8,0x00,0xd8,0x20,0xe8,0x10,0xa8,0x50,0x38,0xc0,0xe0,
  0x00,0x00,0x00,0x00,0x00,0x00,0x00,0x39,0x00,0x2f,0x10,0xec,0x13,0xaf,0x50,0xa4,
  0x5b,0xaf,0x50,0xa8,0x57,0x00,0x00,0xc0,0x00,0x70,0x80,0x10,0xe0,0x70,0x80,0x10,
  0xe0,0x78,0x80,0x08,0xf0,0xed,0x12,0x2c,0x13,0x2d,0x12,0x2c,0x13,0x2d,0x12,0x3f,
  0x00,0x00,0x00,0x00,0x00,0xd8,0x20,0x10,0xe0,0xd0,0x20,0x10,0xe0,0xd0,0x20,0x70,
  0x00,0x00,0x00,0x00,0x00,0x00,0x00,0x39,0x00,0x2f,0x10,0xe8,0x17,0xaf,0x50,0xa4,
  0x5b,0xad,0x52,0xad,0x52,0x00,0x00,0xc0,0x00,0x78,0x80,0x08,0xf0,0xf8,0x00,0x10,
  0xe0,0xd0,0x20,0xd0,0x20,0xec,0x13,0x2f,0x10,0x2d,0x12,0x2b,0x14,0x2e,0x11,0x3b,
  0x00,0x00,0x00,0x00,0x00,0x10,0xe0,0x70,0x80,0x58,0xa0,0x68,0x90,0x78,0x80,0xc0,
  0x00,0x00,0x00,0x00,0x00,0x00,0x00,0x01,0x00,0xff,0x00,0x80,0x7f,0xff,0x00,0x43,
  0x3c,0x5b,0x24,0x43,0x3c,0x00,0x00,0xf8,0x00,0x68,0x90,0x08,0xf0,0x78,0x80,0x50,
  0xa0,0x50,0xa0,0xb8,0x40,0xff,0x00,0x85,0x7a,0xfe,0x01,0xd7,0x28,0xb8,0x47,0xef,
  0x00,0x00,0x00,0x00,0x00,0x48,0xb0,0xf8,0x00,0xd8,0x20,0xe8,0x10,0x38,0xc0,0xe0,
  0x00,0x00,0x00,0x00,0x00,0x00,0x00,0x3f,0x00,0x2d,0x12,0xec,0x13,0xaa,0x55,0xa6,
  0x59,0xad,0x52,0xaa,0x55,0x00,0x00,0x00,0x00,0xf8,0x00,0x08,0xf0,0xa8,0x50,0xa8,
  0x50,0x68,0x90,0xc8,0x30,0xef,0x10,0x2e,0x11,0x2d,0x12,0x2d,0x12,0x2a,0x15,0x3f,
  0x00,0x00,0x00,0x00,0x00,0xf8,0x00,0xd8,0x20,0x68,0x90,0xa8,0x50,0x38,0xc0,0xe0,
  0x00,0x00,0x00,0x00,0x00,0x00,0x00,0x3f,0x00,0x2d,0x12,0xe8,0x17,0xad,0x52,0xa5,
  0x5a,0xa8,0x57,0xaf,0x50,0x00,0x00,0xe0,0x00,0xb0,0x40,0x10,0xe0,0xb0,0x40,0xb8,
  0x40,0x08,0xf0,0xf8,0x00,0xe8,0x17,0x2b,0x14,0x28,0x17,0x2b,0x14,0x28,0x17,0x3f,
  0x00,0x00,0x00,0x00,0x00,0x10,0xe0,0xd0,0x20,0x10,0xe0,0xd0,0x20,0x10,0xe0,0xf0,
  0x00,0x00,0x00,0x00,0x00,0x00,0x00,0x07,0x00,0xfd,0x02,0x80,0x7f,0xdd,0x22,0x40,
  0x3f,0x5d,0x22,0x40,0x3f,0x00,0x00,0x00,0x00,0xf8,0x00,0x08,0xf0,0xd8,0x20,0x10,
  0xe0,0xd0,0x20,0x10,0xe0,0xfd,0x02,0x80,0x7f,0xd5,0x2a,0xd6,0x29,0xb8,0x47,0xef,
  0x00,0x00,0x00,0x00,0x00,0xd8,0x20,0x28,0xd0,0xd8,0x20,0xa8,0x50,0x28,0xd0,0xf8,
  0x00,0x00,0x00,0x00,0x00,0x00,0x00,0x3b,0x00,0x2e,0x11,0xed,0x12,0xa8,0x57,0xa7,
  0x58,0xa8,0x57,0xae,0x51,0x00,0x00,0x80,0x00,0xf0,0x00,0xd8,0x20,0x28,0xd0,0x78,
  0x80,0x08,0xf0,0xb8,0x40,0xed,0x12,0x2b,0x14,0x2c,0x13,0x2f,0x10,0x2c,0x13,0x3f,
  0x00,0x00,0x00,0x00,0x00,0xd8,0x20,0x28,0xd0,0xf8,0x00,0x90,0x60,0x70,0x80,0xc0,
  0x00,0x00,0x00,0x00,0x00,0x00,0x00,0x1f,0x00,0x70,0x0f,0x4f,0x30,0x77,0x08,0xc0,
  0x3f,0x9d,0x62,0xc0,0x3f,0x00,0x00,0xe0,0x00,0x20,0xc0,0xa0,0x40,0x70,0x80,0x18,
  0xe0,0xc8,0x30,0x18,0xe0,0x5d,0x22,0x40,0x3f,0x75,0x0a,0xd6,0x29,0xb8,0x47,0xef,
  0x00,0x00,0x00,0x00,0x00,0xd0,0x20,0x10,0xe0,0xd8,0x20,0xa8,0x50,0x28,0xd0,0xf8,
  0x00,0x00,0x00,0x00,0x00,0x00,0x00,0x3b,0x00,0xee,0x11,0x82,0x7d,0xee,0x11,0xc6,
  0x39,0xaa,0x55,0xee,0x11,0x00,0x00,0xf8,0x00,0x08,0xf0,0xe8,0x10,0x08,0xf0,0xe8,
  0x10,0x08,0xf0,0xe8,0x10,0x2e,0x11,0x75,0x0a,0x56,0x29,0xd7,0x28,0xb8,0x47,0xef,
  0x00,0x00,0x00,0x00,0x00,0x08,0xf0,0xf8,0x00,0xd8,0x20,0xa8,0x50,0x28,0xd0,0xf8,
  0x00,0x00,0x00,0x00,0x00,0x00,0x00,0x07,0x00,0x7d,0x02,0x40,0x3f,0xf7,0x08,0x80,
  0x7f,0xef,0x10,0x20,0x1f,0x00,0x00,0x00,0x00,0xf0,0x00,0x10,0xe0,0x78,0x80,0x08,
  0xf0,0xb8,0x40,0x20,0xc0,0x2f,0x10,0x60,0x1f,0x55,0x2a,0xd6,0x29,0xb8,0x47,0xef,
  0x00,0x00,0x00,0x00,0x00,0xa0,0x40,0x30,0xc0,0xd8,0x20,0xa8,0x50,0x28,0xd0,0xf8,
  0x00,0x00,0x00,0x00,0x00,0x00,0x00,0x3f,0x00,0x20,0x1f,0x2d,0x12,0x20,0x1f,0x6d,
  0x12,0x40,0x3f,0x5d,0x22,0x00,0x00,0xe0,0x00,0x20,0xc0,0xa0,0x40,0x20,0xc0,0xb0,
  0x40,0x10,0xe0,0x50,0xa0,0x50,0x2f,0x5f,0x20,0x75,0x0a,0xd6,0x29,0xb8,0x47,0xef,
  0x00,0x00,0x00,0x00,0x00,0x50,0xa0,0x90,0x60,0xf8,0x00,0xa8,0x50,0x28,0xd0,0xf8,
  0x00,0x00,0x00,0x00,0x00,0x00,0x00,0x01,0x00,0x7f,0x00,0x40,0x3f,0x51,0x2e,0x5f,
  0x20,0x51,0x2e,0xd5,0x2a,0x00,0x00,0xf0,0x00,0x58,0xa0,0x08,0xf0,0x78,0x80,0x50,
  0xa0,0xb8,0x40,0xa8,0x50,0xb1,0x4e,0xfd,0x02,0x56,0x29,0xd7,0x28,0xb8,0x47,0xef,
  0x00,0x00,0x00,0x00,0x00,0x48,0xb0,0xf8,0x00,0xd8,0x20,0xa8,0x50,0x28,0xd0,0xf8,
  0x00,0x00,0x00,0x00,0x00,0x00,0x00,0x7f,0x00,0x40,0x3f,0x5d,0x22,0x50,0x2f,0x57,
  0x28,0x50,0x2f,0x57,0x28,0x00,0x00,0xf8,0x00,0x08,0xf0,0xf8,0x00,0x10,0xe0,0xd0,
  0x20,0x10,0xe0,0xd0,0x20,0x50,0x2f,0x5a,0x25,0x54,0x2b,0xcb,0x34,0xa8,0x57,0xff,
  0x00,0x00,0x00,0x00,0x00,0x10,0xe0,0xb0,0x40,0xd8,0x20,0x68,0x90,0x28,0xd0,0xf8,
  0x00,0x00,0x00,0x00,0x00,0x00,0x00,0x3f,0x00,0x2c,0x13,0xed,0x12,0xac,0x53,0xa5,
  0x5a,0xa8,0x57,0xaa,0x55,0x00,0x00,0xf0,0x00,0x10,0xe0,0xd0,0x20,0x10,0xe0,0xd8,
  0x20,0x08,0xf0,0xa8,0x50,0xe8,0x17,0x2d,0x12,0x2e,0x11,0x2f,0x10,0x28,0x17,0x3f,
  0x00,0x00,0x00,0x00,0x00,0x08,0xf0,0xd8,0x20,0xb0,0x40,0x78,0x80,0x88,0x70,0xf8,
  0x00,0x00,0x00,0x00,0x00,0x00,0x00,0x38,0x00,0xef,0x10,0x82,0x7d,0xef,0x10,0x82,
  0x7d,0xef,0x10,0x40,0x3f,0x00,0x00,0xe0,0x00,0xb8,0x40,0x08,0xf0,0xb8,0x40,0x08,
  0xf0,0xb8,0x40,0x10,0xe0,0x7f,0x00,0x40,0x3f,0x75,0x0a,0xd6,0x29,0xb8,0x47,0xef,
  0x00,0x00,0x00,0x00,0x00,0xd0,0x20,0x10,0xe0,0xf8,0x00,0xa8,0x50,0x28,0xd0,0xf8,
  0x00,0x00,0x00,0x00,0x00,0x00,0x00,0x38,0x00,0x2f,0x10,0x28,0x17,0xeb,0x14,0xa8,
  0x57,0xab,0x54,0xa8,0x57,0x00,0x00,0xf8,0x00,0xa8,0x50,0x08,0xf0,0xb8,0x40,0xa8,
  0x50,0xd8,0x20,0xa8,0x50,0xaa,0x55,0xe4,0x1b,0x3f,0x00,0x6b,0x14,0x5c,0x23,0x77,
  0x00,0x00,0x00,0x00,0x00,0xe8,0x10,0xf8,0x00,0x58,0xa0,0xe8,0x10,0x38,0xc0,0xe0,
  0x00,0x00,0x00,0x00,0x00,0x00,0x00,0x3f,0x00,0x2d,0x12,0xe8,0x17,0xad,0x52,0xa7,
  0x58,0xa8,0x57,0xad,0x52,0x00,0x00,0x70,0x00,0xd8,0x20,0x08,0xf0,0xd8,0x20,0x78,
  0x80,0x08,0xf0,0x58,0xa0,0xec,0x13,0x2d,0x12,0x28,0x17,0x2f,0x10,0x28,0x17,0x3f,
  0x00,0x00,0x00,0x00,0x00,0x10,0xe0,0x58,0xa0,0x08,0xf0,0x78,0x80,0x08,0xf0,0xf8,
  0x00,0x00,0x00,0x00,0x00,0x00,0x00,0x03,0x00,0xfe,0x01,0x86,0x79,0xf6,0x09,0xb6,
  0x49,0xd0,0x2f,0x56,0x29,0x00,0x00,0xe0,0x00,0xb0,0x40,0xd0,0x20,0xf8,0x00,0x08,
  0xf0,0xf8,0x00,0xd0,0x20,0x6e,0x11,0x6f,0x10,0x57,0x28,0xd6,0x29,0xbd,0x42,0xe7,
  0x00,0x00,0x00,0x00,0x00,0xb0,0x40,0x78,0x80,0x68,0x90,0xa8,0x50,0xc8,0x30,0x78,
  0x00,0x00,0x00,0x00,0x00,0x00,0x00,0x03,0x00,0x02,0x01,0x7e,0x01,0x40,0x3f,0x5e,
  0x21,0x42,0x3d,0x5a,0x25,0x00,0x00,0xe0,0x00,0xb0,0x40,0xd8,0x20,0x08,0xf0,0xf8,
  0x00,0xd0,0x20,0xd0,0x20,0x5a,0x25,0x5b,0x24,0x53,0x2c,0xde,0x21,0xb9,0x46,0xef,
  0x00,0x00,0x00,0x00,0x00,0xb0,0x40,0x78,0x80,0x68,0x90,0xa8,0x50,0xc8,0x30,0x78,
  0x00,0x00,0x00,0x00,0x00,0x00,0x00,0x1f,0x00,0xf3,0x0c,0x8f,0x70,0xef,0x10,0x80,
  0x7f,0xef,0x10,0x2f,0x10,0x00,0x00,0xf0,0x00,0x58,0xa0,0x68,0x90,0x78,0x80,0x08,
  0xf0,0x78,0x80,0x50,0xa0,0xe3,0x1c,0x8f,0x70,0xe9,0x10,0x6b,0x10,0x4a,0x31,0x7b,
  0x00,0x00,0x00,0x00,0x00,0x50,0xa0,0xb8,0x40,0xa8,0x50,0x48,0xb0,0xe8,0x10,0xb8,
  0x00,0x00,0x00,0x00,0x00,0x00,0x00,0x03,0x00,0x02,0x01,0xfe,0x01,0x80,0x7f,0xfe,
  0x01,0x42,0x3d,0x5a,0x25,0x00,0x00,0xe0,0x00,0xb0,0x40,0xd8,0x20,0x08,0xf0,0xf8,
  0x00,0xd0,0x20,0xd0,0x20,0x5a,0x25,0x43,0x3c,0x7f,0x00,0xf2,0x0d,0x8d,0x72,0xff,
  0x00,0x00,0x00,0x00,0x00,0xb0,0x40,0x78,0x80,0x68,0x90,0xa8,0x50,0xc8,0x30,0x78,
  0x00,0x00,0x00,0x00,0x00,0x00,0x00,0x39,0x00,0x29,0x10,0x2f,0x10,0x23,0x1c,0x2f,
  0x10,0x2c,0x13,0xef,0x10,0x00,0x00,0xf0,0x00,0x58,0xa0,0x68,0x90,0x78,0x80,0x08,
  0xf0,0x78,0x80,0x68,0x90,0x83,0x7c,0xbb,0x44,0xab,0x44,0xbb,0x44,0x82,0x7d,0xff,
  0x00,0x00,0x00,0x00,0x00,0x58,0xa0,0xb8,0x40,0xa8,0x50,0x48,0xb0,0xe8,0x10,0xb8,
  0x00,0x00,0x00,0x00,0x00,0x00,0x00,0x03,0x00,0x7e,0x01,0x40,0x3f,0x5f,0x20,0x40,
  0x3f,0x5e,0x21,0x40,0x3f,0x00,0x00,0x80,0x00,0xf8,0x00,0x08,0xf0,0xe8,0x10,0x08,
  0xf0,0xf8,0x00,0x08,0xf0,0x5b,0x24,0x58,0x27,0x5b,0x24,0xd7,0x28,0xad,0x50,0xf9,
  0x00,0x00,0x00,0x00,0x00,0xf8,0x00,0x10,0xe0,0xd0,0x20,0xd0,0x20,0x30,0xc0,0xe0,
  0x00,0x00,0x00,0x00,0x00,0x00,0x00,0x1e,0x00,0x73,0x0c,0x4e,0x31,0x5e,0x21,0x42,
  0x3d,0x5a,0x25,0x5a,0x25,0x00,0x00,0x78,0x00,0xc8,0x30,0x38,0xc0,0xe0,0x00,0xf8,
  0x00,0x08,0xf0,0xd8,0x20,0x42,0x3d,0x5e,0x21,0x52,0x21,0xd6,0x21,0xb5,0x42,0xe7,
  0x00,0x00,0x00,0x00,0x00,0xd0,0x20,0xd0,0x20,0xd0,0x20,0xd0,0x20,0xd0,0x20,0x70,
  0x00,0x00,0x00,0x00,0x00,0x00,0x00,0x03,0x00,0x7e,0x01,0x40,0x3f,0x5f,0x20,0x40,
  0x3f,0x5f,0x20,0x41,0x3e,0x00,0x00,0x80,0x00,0xf8,0x00,0x08,0xf0,0xe8,0x10,0x08,
  0xf0,0xf8,0x00,0x08,0xf0,0x55,0x2a,0x59,0x26,0x55,0x2a,0xcd,0x32,0xb9,0x46,0xef,
  0x00,0x00,0x00,0x00,0x00,0xa8,0x50,0xc8,0x30,0xa8,0x50,0x68,0x90,0xc8,0x30,0x78,
  0x00,0x00,0x00,0x00,0x00,0x00,0x00,0x03,0x00,0x7e,0x01,0x41,0x3e,0x7d,0x02,0x7d,
  0x02,0x40,0x3f,0x7d,0x02,0x00,0x00,0xf0,0x00,0x10,0xe0,0xf0,0x00,0x00,0x00,0xf0,
  0x00,0x10,0xe0,0xf0,0x00,0xfd,0x02,0x80,0x7f,0xfd,0x02,0x1d,0x02,0x11,0x0e,0x1f,
  0x00,0x00,0x00,0x00,0x00,0xf8,0x00,0x08,0xf0,0xf8,0x00,0x00,0x00,0x00,0x00,0x00,
  0x00,0x00,0x00,0x00,0x00,0x00,0x00,0x01,0x00,0x01,0x00,0xff,0x00,0x80,0x7f,0xff,
  0x00,0x06,0x01,0x0d,0x02,0x00,0x00,0xc0,0x00,0x40,0x80,0x78,0x80,0x08,0xf0,0x78,
  0x80,0x40,0x80,0x40,0x80,0x3b,0x04,0xe7,0x18,0x9d,0x60,0xf7,0x00,0x04,0x03,0x07,
  0x00,0x00,0x00,0x00,0x00,0x40,0x80,0x40,0x80,0x40,0x80,0x40,0x80,0x40,0x80,0xc0,
  0x00,0x00,0x00,0x00,0x00,0x00,0x00,0x3f,0x00,0x2c,0x13,0xef,0x10,0x84,0x78,0xec,
  0x10,0x2c,0x10,0xe4,0x18,0x00,0x00,0xf8,0x00,0x08,0xf0,0xb8,0x40,0xa0,0x40,0xa0,
  0x40,0xa0,0x40,0xa0,0x40,0x8c,0x70,0xe8,0x10,0x28,0x10,0xeb,0x10,0x8a,0x71,0xfb,
  0x00,0x00,0x00,0x00,0x00,0xa0,0x40,0xa0,0x40,0xa0,0x40,0xa0,0x40,0x20,0xc0,0xe0,
  0x00,0x00,0x00,0x00,0x00,0x00,0x00,0x7f,0x00,0x58,0x27,0xdd,0x22,0x8d,0x72,0xdd,
  0x22,0x5d,0x22,0xcd,0x32,0x00,0x00,0xf0,0x00,0x10,0xe0,0xd0,0x20,0xd0,0x20,0xb8,
  0x40,0x88,0x70,0xe8,0x10,0x9d,0x62,0xdd,0x22,0x5b,0x24,0xda,0x24,0x96,0x68,0xfc,
  0x00,0x00,0x00,0x00,0x00,0x28,0x10,0x28,0x10,0x28,0x10,0xe8,0x10,0x98,0x60,0xf0,
  0x00,0x00,0x00,0x00,0x00,0x00,0x00,0x71,0x00,0x5f,0x20,0xd8,0x27,0x8e,0x71,0xda,
  0x21,0x5a,0x21,0xce,0x31,0x00,0x00,0xf0,0x00,0x10,0xe0,0xf0,0x00,0x80,0x00,0x80,
  0x00,0xf8,0x00,0x08,0xf0,0x90,0x6f,0xde,0x21,0x52,0x21,0xd2,0x21,0x93,0x60,0xf1,
  0x00,0x00,0x00,0x00,0x00,0xf8,0x00,0xb8,0x00,0xa8,0x10,0xe8,0x10,0x08,0xf0,0xf8,
  0x00,0x00,0x00,0x00,0x00,0x00,0x00,0x3b,0x00,0x2a,0x11,0xee,0x11,0x84,0x7b,0xee,
  0x11,0x2e,0x11,0x2c,0x13,0x00,0x00,0x80,0x00,0x80,0x00,0xf0,0x00,0x10,0xe0,0xd0,
  0x20,0xd0,0x20,0xd0,0x20,0xe6,0x19,0x8e,0x71,0xed,0x12,0x6d,0x12,0x4b,0x34,0x7e,
  0x00,0x00,0x00,0x00,0x00,0x50,0xa0,0xd0,0x20,0xd8,0x20,0x68,0x10,0x28,0x10,0x38,
  0x00,0x00,0x00,0x00,0x00,0x00,0x00,0x38,0x00,0x2f,0x10,0xec,0x13,0x85,0x7a,0xed,
  0x12,0x2d,0x12,0xe5,0x1a,0x00,0x00,0xe0,0x00,0xb8,0x40,0x08,0xf0,0xf8,0x00,0x00,
  0x00,0x00,0x00,0x00,0x00,0x8d,0x72,0xed,0x12,0x2d,0x12,0xed,0x12,0x8b,0x74,0xfe,
  0x00,0x00,0x00,0x00,0x00,0x00,0x00,0x00,0x00,0x00,0x00,0x00,0x00,0x00,0x00,0x00,
  0x00,0x00,0x00,0x00,0x00,0x00,0x00,0x7f,0x00,0x58,0x27,0xde,0x21,0x8a,0x71,0xda,
  0x21,0x5e,0x21,0xc8,0x37,0x00,0x00,0xf0,0x00,0x10,0xe0,0xd0,0x20,0xd0,0x20,0xd0,
  0x20,0xd0,0x20,0x10,0xe0,0x9d,0x62,0xd5,0x22,0x55,0x22,0xdd,0x22,0x90,0x6f,0xff,
  0x00,0x00,0x00,0x00,0x00,0xd0,0x20,0x50,0x20,0x50,0x20,0xd8,0x20,0x08,0xf0,0xf8,
  0x00,0x00,0x00,0x00,0x00,0x00,0x00,0x73,0x00,0x52,0x21,0xda,0x21,0x8e,0x71,0xd0,
  0x2f,0x5e,0x21,0xcd,0x32,0x00,0x00,0xe0,0x00,0xb0,0x40,0xd0,0x20,0xf8,0x00,0x08,
  0xf0,0xf8,0x00,0x40,0x80,0x9d,0x62,0xdd,0x22,0x5b,0x24,0xdb,0x24,0x97,0x68,0xfd,
  0x00,0x00,0x00,0x00,0x00,0x40,0x80,0x78,0x80,0x68,0x90,0x68,0x90,0x08,0xf0,0xf8,
  0x00,0x00,0x00,0x00,0x00,0x00,0x00,0x73,0x00,0x52,0x21,0xda,0x21,0x8a,0x71,0xde,
  0x21,0x50,0x2f,0xce,0x31,0x00,0x00,0xe0,0x00,0xb0,0x40,0xd0,0x20,0xf8,0x00,0x08,
  0xf0,0xf8,0x00,0xd0,0x20,0x9a,0x61,0xd3,0x20,0x57,0x20,0xdc,0x23,0x93,0x6c,0xfe,
  0x00,0x00,0x00,0x00,0x00,0xb0,0x40,0x78,0x80,0x68,0x90,0xa8,0x50,0xc8,0x30,0x78,
  0x00,0x00,0x00,0x00,0x00,0x00,0x00,0x3f,0x00,0x20,0x1f,0x3f,0x00,0xfc,0x03,0x8d,
  0x72,0xe8,0x17,0x2d,0x12,0x00,0x00,0xe0,0x00,0x20,0xc0,0x60,0x80,0xf8,0x00,0xa8,
  0x50,0xa8,0x50,0x98,0x60,0x68,0x17,0x5d,0x22,0xd0,0x2f,0xbd,0x42,0xf1,0x0e,0x1f,
  0x00,0x00,0x00,0x00,0x00,0xb0,0x40,0xd0,0x20,0x58,0xa0,0xe8,0x10,0x38,0x00,0x00,
  0x00,0x00,0x00,0x00,0x00,0x00,0x00,0x7f,0x00,0x58,0x27,0xdb,0x24,0x8b,0x74,0xdb,
  0x24,0x5b,0x24,0xc8,0x37,0x00,0x00,0xf8,0x00,0x08,0xf0,0x68,0x90,0x68,0x90,0x68,
  0x90,0x68,0x90,0x08,0xf0,0x9b,0x64,0xda,0x24,0x5a,0x24,0xdb,0x24,0x9c,0x63,0xf7,
  0x00,0x00,0x00,0x00,0x00,0xf8,0x00,0x38,0x00,0x28,0x10,0xe8,0x10,0x08,0xf0,0xf8,
  0x00,0x00,0x00,0x00,0x00,0x00,0x00,0x70,0x00,0x5f,0x20,0xd8,0x27,0x8b,0x74,0xdb,
  0x24,0x5b,0x24,0xcb,0x34,0x00,0x00,0xf8,0x00,0x88,0x70,0x58,0xa0,0x50,0xa0,0x50,
  0xa0,0x50,0xa0,0x50,0xa0,0x9b,0x64,0xdb,0x24,0x5b,0x24,0xdb,0x24,0x97,0x68,0xfd,
  0x00,0x00,0x00,0x00,0x00,0x50,0xa0,0x50,0xa0,0x58,0xa0,0x68,0x90,0x68,0x90,0xf8,
  0x00,0x00,0x00,0x00,0x00,0x00,0x00,0x77,0x00,0x54,0x23,0xdd,0x22,0x8d,0x72,0xdd,
  0x22,0x53,0x2c,0xcf,0x30,0x00,0x00,0xe0,0x00,0x20,0xc0,0xa0,0x40,0xa0,0x40,0xb8,
  0x40,0x88,0x70,0xf8,0x00,0x98,0x67,0xdb,0x24,0x5d,0x22,0xde,0x21,0x91,0x6e,0xff,
  0x00,0x00,0x00,0x00,0x00,0x10,0xe0,0xd0,0x20,0xb0,0x40,0x78,0x80,0x88,0x70,0xf8,
  0x00,0x00,0x00,0x00,0x00,0x00,0x00,0x73,0x00,0x52,0x21,0xdf,0x20,0x88,0x77,0xdf,
  0x20,0x5c,0x23,0xcd,0x32,0x00,0x00,0x80,0x00,0xc0,0x00,0x78,0x80,0x08,0xf0,0xf8,
  0x00,0x20,0xc0,0xa0,0x40,0x9d,0x62,0xd5,0x22,0x5d,0x22,0xdb,0x24,0x96,0x68,0xfc,
  0x00,0x00,0x00,0x00,0x00,0xa0,0x40,0xb8,0x40,0xa8,0x50,0xa8,0x50,0x88,0x70,0xf8,
  0x00,0x00,0x00,0x00,0x00,0x00,0x00,0x7f,0x00,0x58,0x27,0xde,0x21,0x8a,0x71,0xde,
  0x21,0x50,0x2f,0xcd,0x32,0x00,0x00,0xf0,0x00,0x10,0xe0,0xf0,0x00,0x80,0x00,0xf8,
  0x00,0x08,0xf0,0x78,0x80,0x9d,0x62,0xdd,0x22,0x5b,0x24,0xdb,0x24,0x97,0x68,0xfd,
  0x00,0x00,0x00,0x00,0x00,0x40,0x80,0x78,0x80,0x68,0x90,0x68,0x90,0x08,0xf0,0xf8,
  0x00,0x00,0x00,0x00,0x00,0x00,0x00,0x39,0x00,0x29,0x10,0xef,0x10,0x84,0x7b,0xed,
  0x12,0x2d,0x12,0xe4,0x1b,0x00,0x00,0xc0,0x00,0x60,0x80,0xb8,0x40,0x08,0xf0,0xe8,
  0x10,0xe8,0x10,0x08,0xf0,0x8d,0x72,0xed,0x12,0x2d,0x12,0xed,0x12,0x8b,0x74,0xfe,
  0x00,0x00,0x00,0x00,0x00,0xf8,0x00,0x00,0x00,0x00,0x00,0x00,0x00,0x00,0x00,0x00,
  0x00,0x00,0x00,0x00,0x00,0x00,0x00,0x3f,0x00,0x2c,0x13,0xed,0x12,0x85,0x7a,0xed,
  0x12,0x2d,0x12,0xe4,0x1b,0x00,0x00,0xf8,0x00,0x08,0xf0,0xe8,0x10,0xe8,0x10,0x88,
  0x70,0xf8,0x00,0x08,0xf0,0x8c,0x73,0xed,0x12,0x2d,0x12,0xed,0x12,0x8c,0x73,0xff,
  0x00,0x00,0x00,0x00,0x00,0xe8,0x10,0x58,0xa0,0xb0,0x40,0x58,0xa0,0xe8,0x10,0xb8,
  0x00,0x00,0x00,0x00,0x00,0x00,0x00,0x7e,0x00,0x5b,0x24,0xd8,0x27,0x87,0x78,0xd8,
  0x27,0x5b,0x24,0xcb,0x34,0x00,0x00,0x00,0x00,0xf0,0x00,0x10,0xe0,0xd0,0x20,0x50,
  0xa0,0x50,0xa0,0x50,0xa0,0x98,0x67,0xdb,0x24,0x5a,0x24,0xdb,0x24,0x9c,0x63,0xf7,
  0x00,0x00,0x00,0x00,0x00,0x50,0xa0,0x90,0x60,0xf8,0x00,0xe8,0x10,0x08,0xf0,0xf8,
  0x00,0x00,0x00,0x00,0x00,0x00,0x00,0x70,0x00,0x5f,0x20,0xd8,0x27,0x8b,0x74,0xdb,
  0x24,0x5b,0x24,0xc8,0x37,0x00,0x00,0xf0,0x00,0x90,0x60,0x70,0x80,0x40,0x80,0x40,
  0x80,0x78,0x80,0x08,0xf0,0x9b,0x64,0xdb,0x24,0x5b,0x24,0xda,0x25,0x99,0x66,0xff,
  0x00,0x00,0x00,0x00,0x00,0x78,0x80,0xb8,0x40,0xa8,0x50,0xc8,0x30,0x68,0x90,0xf8,
  0x00,0x00,0x00,0x00,0x00,0x00,0x00,0x7f,0x00,0x58,0x27,0xdb,0x24,0x8b,0x74,0xd8,
  0x27,0x5b,0x24,0xcb,0x34,0x00,0x00,0xf8,0x00,0x08,0xf0,0x68,0x90,0x68,0x90,0x08,
  0xf0,0x68,0x90,0x68,0x90,0x98,0x67,0xdf,0x20,0x51,0x20,0xd1,0x20,0x91,0x60,0xf1,
  0x00,0x00,0x00,0x00,0x00,0x08,0xf0,0x78,0x80,0x40,0x80,0x40,0x80,0x40,0x80,0xc0,
  0x00,0x00,0x00,0x00,0x00,0x00,0x00,0x7f,0x00,0x58,0x27,0xdb,0x24,0x8a,0x74,0xdb,
  0x24,0x58,0x27,0xcb,0x34,0x00,0x00,0xf0,0x00,0x10,0xe0,0xd0,0x20,0x50,0x20,0xd0,
  0x20,0x10,0xe0,0xd0,0x20,0x9a,0x64,0xdb,0x24,0x58,0x27,0xdf,0x20,0x90,0x6f,0xff,
  0x00,0x00,0x00,0x00,0x00,0x50,0x20,0xd0,0x20,0x10,0xe0,0xf8,0x00,0x08,0xf0,0xf8,
  0x00,0x00,0x00,0x00,0x00,0x00,0x00,0x73,0x00,0x52,0x21,0xdf,0x20,0x88,0x77,0xdf,
  0x20,0x5d,0x22,0xcd,0x32,0x00,0x00,0x80,0x00,0xc0,0x00,0x78,0x80,0x08,0xf0,0xf8,
  0x00,0x50,0x20,0xd0,0x20,0x9e,0x61,0xd2,0x21,0x52,0x21,0xdf,0x20,0x98,0x67,0xff,
  0x00,0x00,0x00,0x00,0x00,0xd0,0x20,0xd0,0x20,0xb0,0x40,0xb8,0x40,0x08,0xf0,0xf8,
  0x00,0x00,0x00,0x00,0x00,0x00,0x00,0x77,0x00,0x55,0x22,0xdd,0x22,0x88,0x77,0xdd,
  0x22,0x5d,0x22,0xcc,0x33,0x00,0x00,0xe0,0x00,0xb0,0x40,0xd8,0x20,0x08,0xf0,0xf8,
  0x00,0xf0,0x00,0x10,0xe0,0x9d,0x62,0xdd,0x22,0x5a,0x25,0xdb,0x24,0x94,0x6b,0xff,
  0x00,0x00,0x00,0x00,0x00,0xd0,0x20,0xd0,0x20,0xb0,0x40,0x78,0x80,0x88,0x70,0xf8,
  0x00,0x00,0x00,0x00,0x00,0x00,0x00,0x3f,0x00,0x2d,0x12,0xec,0x13,0x83,0x7c,0xeb,
  0x14,0x2d,0x12,0x2c,0x13,0x00,0x00,0x00,0x00,0xf8,0x00,0x08,0xf0,0x78,0x80,0x48,
  0xb0,0x28,0xd0,0x68,0x90,0xe1,0x1e,0x8d,0x72,0xed,0x12,0x6d,0x12,0x4e,0x31,0x7b,
  0x00,0x00,0x00,0x00,0x00,0x68,0x90,0x48,0xb0,0x78,0x80,0xe8,0x10,0x08,0xf0,0xf8,
  0x00,0x00,0x00,0x00,0x00,0x00,0x00,0x7f,0x00,0x58,0x27,0xde,0x21,0x8e,0x71,0xdd,
  0x22,0x5b,0x24,0xcf,0x30,0x00,0x00,0xf8,0x00,0x08,0xf0,0xe8,0x10,0xa8,0x10,0xe8,
  0x10,0x88,0x70,0xf8,0x00,0x98,0x67,0xdb,0x24,0x5a,0x24,0xdb,0x24,0x98,0x67,0xff,
  0x00,0x00,0x00,0x00,0x00,0x08,0xf0,0xe8,0x10,0x28,0x10,0xe8,0x10,0x08,0xf0,0xf8,
  0x00,0x00,0x00,0x00,0x00,0x00,0x00,0x1f,0x00,0xf2,0x0d,0x8f,0x70,0xea,0x11,0xef,
  0x10,0x83,0x7c,0xee,0x11,0x00,0x00,0xf8,0x00,0x08,0xf0,0xb8,0x40,0x08,0xf0,0xb8,
  0x40,0xb8,0x40,0x08,0xf0,0xef,0x10,0x83,0x7c,0xee,0x11,0xdb,0x20,0xb0,0x40,0xe0,
  0x00,0x00,0x00,0x00,0x00,0xb8,0x40,0xb8,0x40,0x08,0xf0,0xb8,0x40,0xa0,0x40,0xe0,
  0x00,0x00,0x00,0x00,0x00,0x00,0x00,0x7f,0x00,0x58,0x27,0xdb,0x24,0x8b,0x74,0xd8,
  0x27,0x5b,0x24,0xcb,0x34,0x00,0x00,0xf8,0x00,0x08,0xf0,0x68,0x90,0x68,0x90,0x08,
  0xf0,0x68,0x90,0x68,0x90,0x98,0x67,0xdb,0x24,0x5b,0x24,0xdb,0x24,0x97,0x68,0xfd,
  0x00,0x00,0x00,0x00,0x00,0x08,0xf0,0x68,0x90,0x68,0x90,0x68,0x90,0x48,0xb0,0xf8,
  0x00,0x00,0x00,0x00,0x00,0x00,0x00,0x7f,0x00,0x58,0x27,0xdb,0x24,0x8d,0x72,0xde,
  0x21,0x59,0x26,0xcf,0x30,0x00,0x00,0xf8,0x00,0x08,0xf0,0xe8,0x10,0xd8,0x20,0x38,
  0xc0,0xc8,0x30,0x78,0x80,0x9c,0x63,0xdf,0x20,0x58,0x27,0xdf,0x20,0x91,0x60,0xf1,
  0x00,0x00,0x00,0x00,0x00,0x10,0xe0,0x78,0x80,0x08,0xf0,0x78,0x80,0x40,0x80,0xc0,
  0x00,0x00,0x00,0x00,0x00,0x00,0x00,0x7f,0x00,0x58,0x27,0xdf,0x20,0x8f,0x70,0xd1,
  0x2e,0x5d,0x22,0xcd,0x32,0x00,0x00,0xf0,0x00,0x10,0xe0,0xb8,0x40,0x68,0x90,0x28,
  0xd0,0x58,0xa0,0x58,0xa0,0x9b,0x64,0xd7,0x28,0x5e,0x21,0xdf,0x20,0x90,0x6f,0xff,
  0x00,0x00,0x00,0x00,0x00,0x68,0x90,0x68,0x90,0x78,0x80,0xf8,0x00,0x08,0xf0,0xf8,
  0x00,0x00,0x00,0x00,0x00,0x00,0x00,0x71,0x00,0x53,0x20,0xde,0x21,0x8d,0x72,0xd3,
  0x2c,0x5c,0x23,0xcf,0x30,0x00,0x00,0xc0,0x00,0x60,0x80,0xb0,0x40,0xd8,0x20,0xe8,
  0x10,0x18,0xe0,0xf8,0x00,0x98,0x67,0xdb,0x24,0x5a,0x24,0xdb,0x24,0x98,0x67,0xff,
  0x00,0x00,0x00,0x00,0x00,0x08,0xf0,0xe8,0x10,0x28,0x10,0xe8,0x10,0x08,0xf0,0xf8,
  0x00,0x00,0x00,0x00,0x00,0x00,0x00,0x0f,0x00,0x38,0x07,0xe7,0x18,0x90,0x6f,0xff,
  0x00,0x20,0x1f,0x6f,0x10,0x00,0x00,0x80,0x00,0xe0,0x00,0x38,0xc0,0x48,0xb0,0xf8,
  0x00,0x20,0xc0,0xb0,0x40,0x40,0x3f,0xfd,0x02,0x80,0x7f,0xfd,0x02,0x11,0x0e,0x1f,
  0x00,0x00,0x00,0x00,0x00,0x10,0xe0,0xf8,0x00,0x08,0xf0,0xf8,0x00,0x00,0x00,0x00,
  0x00,0x00,0x00,0x00,0x00,0x00,0x00,0x71,0x00,0x57,0x20,0xdc,0x23,0x8f,0x70,0xdf,
  0x20,0x58,0x27,0xcf,0x30,0x00,0x00,0xc0,0x00,0x70,0x80,0x10,0xe0,0x70,0x80,0x78,
  0x80,0x08,0xf0,0xd8,0x20,0x98,0x67,0xdd,0x22,0x56,0x21,0xd3,0x20,0x91,0x60,0xf1,
  0x00,0x00,0x00,0x00,0x00,0x08,0xf0,0xd8,0x20,0xd0,0x20,0xd0,0x20,0x10,0xe0,0xf0,
  0x00,0x00,0x00,0x00,0x00,0x00,0x00,0x7e,0x00,0x5a,0x24,0xdb,0x24,0x88,0x77,0xdb,
  0x24,0x5c,0x23,0xcf,0x30,0x00,0x00,0x38,0x00,0xe8,0x10,0x98,0x60,0x78,0x80,0xe8,
  0x10,0x08,0xf0,0xf8,0x00,0x98,0x67,0xdb,0x24,0x58,0x27,0xdb,0x24,0x98,0x67,0xff,
  0x00,0x00,0x00,0x00,0x00,0x08,0xf0,0xe8,0x10,0x08,0xf0,0xe8,0x10,0x08,0xf0,0xf8,
  0x00,0x00,0x00,0x00,0x00,0x00,0x00,0x71,0x00,0x5f,0x20,0xd8,0x27,0x8b,0x74,0xdf,
  0x20,0x5f,0x20,0xc8,0x37,0x00,0x00,0xc0,0x00,0x78,0x80,0x08,0xf0,0xe8,0x10,0x78,
  0x80,0x78,0x80,0x08,0xf0,0x9e,0x61,0xd5,0x22,0x56,0x21,0xdf,0x20,0x98,0x67,0xff,
  0x00,0x00,0x00,0x00,0x00,0xd8,0x20,0xd0,0x20,0xb0,0x40,0x38,0xc0,0xc8,0x30,0xf8,
  0x00,0x00,0x00,0x00,0x00,0x00,0x00,0x73,0x00,0x52,0x21,0xde,0x21,0x8a,0x75,0xdc,
  0x23,0x5e,0x21,0xce,0x31,0x00,0x00,0xe0,0x00,0xa0,0x40,0xb8,0x40,0xa8,0x50,0x98,
  0x60,0xb0,0x40,0xb0,0x40,0x9c,0x63,0xda,0x25,0x5e,0x21,0xdd,0x22,0x93,0x6c,0xfe,
  0x00,0x00,0x00,0x00,0x00,0x98,0x60,0xa8,0x50,0xb8,0x40,0xa8,0x50,0x88,0x70,0xf8,
  0x00,0x00,0x00,0x00,0x00,0x00,0x00,0x71,0x00,0x5f,0x20,0xd8,0x27,0x8a,0x75,0xdd,
  0x22,0x5f,0x20,0xc8,0x37,0x00,0x00,0xc0,0x00,0x78,0x80,0x08,0xf0,0xa8,0x50,0xd8,
  0x20,0xf0,0x00,0x10,0xe0,0x9f,0x60,0xd6,0x21,0x5d,0x22,0xdb,0x24,0x9c,0x63,0xf7,
  0x00,0x00,0x00,0x00,0x00,0xb0,0x40,0x60,0x80,0xf8,0x00,0xe8,0x10,0x08,0xf0,0xf8,
  0x00,0x00,0x00,0x00,0x00,0x00,0x00,0x71,0x00,0x5f,0x20,0xdb,0x24,0x8d,0x72,0xdf,
  0x20,0x58,0x27,0xcf,0x30,0x00,0x00,0xc0,0x00,0x78,0x80,0x68,0x90,0x58,0xa0,0x78,
  0x80,0x08,0xf0,0xe8,0x10,0x9f,0x60,0xd8,0x27,0x5f,0x20,0xdf,0x20,0x98,0x67,0xff,
  0x00,0x00,0x00,0x00,0x00,0xe8,0x10,0x08,0xf0,0xe8,0x10,0xe8,0x10,0x08,0xf0,0xf8,
  0x00,0x00,0x00,0x00,0x00,0x00,0x00,0x7f,0x00,0x58,0x27,0xdb,0x24,0x8e,0x71,0xd8,
  0x27,0x5d,0x22,0xcb,0x34,0x00,0x00,0xf8,0x00,0x08,0xf0,0xe8,0x10,0xf8,0x00,0x08,
  0xf0,0xf8,0x00,0x78,0x80,0x98,0x67,0xdf,0x20,0x58,0x27,0xdf,0x20,0x91,0x60,0xf1,
  0x00,0x00,0x00,0x00,0x00,0x08,0xf0,0x78,0x80,0x08,0xf0,0x78,0x80,0x40,0x80,0xc0,
  0x00,0x00,0x00,0x00,0x00,0x00,0x00,0x7f,0x00,0x51,0x2e,0xdd,0x22,0x8b,0x74,0xd7,
  0x28,0x51,0x2e,0xcd,0x32,0x00,0x00,0x38,0x00,0xe8,0x10,0x18,0xe0,0xd0,0x20,0xd8,
  0x20,0x08,0xf0,0xd8,0x20,0x95,0x6a,0xd5,0x2a,0x5b,0x24,0xd5,0x2a,0x96,0x69,0xff,
  0x00,0x00,0x00,0x00,0x00,0x50,0x20,0xd8,0x20,0x08,0xf0,0xf8,0x00,0x08,0xf0,0xf8,
  0x00,0x00,0x00,0x00,0x00,0x00,0x00,0x7f,0x00,0x58,0x27,0xdb,0x24,0x8a,0x74,0xdb,
  0x24,0x58,0x27,0xcf,0x30,0x00,0x00,0xf8,0x00,0x08,0xf0,0xe8,0x10,0x28,0x10,0xe8,
  0x10,0x08,0xf0,0x78,0x80,0x9b,0x64,0xdb,0x24,0x5b,0x24,0xd4,0x2b,0x97,0x68,0xfc,
  0x00,0x00,0x00,0x00,0x00,0x78,0x80,0x08,0xf0,0x78,0x80,0x78,0x80,0x88,0x70,0xf8,
  0x00,0x00,0x00,0x00,0x00,0x00,0x00,0x71,0x00,0x5f,0x20,0xd8,0x27,0x8f,0x70,0xd8,
  0x27,0x5b,0x24,0xc8,0x37,0x00,0x00,0xf0,0x00,0x58,0xa0,0x08,0xf0,0x78,0x80,0x08,
  0xf0,0x68,0x90,0x08,0xf0,0x9b,0x64,0xd8,0x27,0x5b,0x24,0xdb,0x24,0x9b,0x64,0xff,
  0x00,0x00,0x00,0x00,0x00,0x68,0x90,0x08,0xf0,0x68,0x90,0x68,0x90,0x48,0xb0,0xf8,
  0x00,0x00,0x00,0x00,0x00,0x00,0x00,0x73,0x00,0x52,0x21,0xde,0x21,0x8d,0x72,0xd8,
  0x27,0x5b,0x24,0xcb,0x34,0x00,0x00,0x80,0x00,0xe0,0x00,0x20,0xc0,0xb0,0x40,0x10,
  0xe0,0x50,0xa0,0x50,0xa0,0x9b,0x64,0xd0,0x2f,0x5e,0x21,0xdd,0x22,0x93,0x6c,0xfe,
  0x00,0x00,0x00,0x00,0x00,0x58,0xa0,0x08,0xf0,0xb8,0x40,0xd8,0x20,0x68,0x10,0x38,
  0x00,0x00,0x00,0x00,0x00,0x00,0x00,0x7f,0x00,0x58,0x27,0xdb,0x24,0x8b,0x74,0xd8,
  0x27,0x5b,0x24,0xc8,0x37,0x00,0x00,0xf8,0x00,0x08,0xf0,0xe8,0x10,0xe8,0x10,0x08,
  0xf0,0xb8,0x40,0x08,0xf0,0x9b,0x64,0xda,0x25,0x5a,0x25,0xda,0x25,0x96,0x69,0xff,
  0x00,0x00,0x00,0x00,0x00,0xb8,0x40,0x08,0xf0,0xe8,0x10,0xe8,0x10,0x08,0xf0,0xf8,
  0x00,0x00,0x00,0x00,0x00,0x00,0x00,0x71,0x00,0x51,0x20,0xd9,0x20,0x8f,0x70,0xd8,
  0x27,0x5b,0x24,0xc8,0x37,0x00,0x00,0xc0,0x00,0x78,0x80,0x08,0xf0,0x78,0x80,0x10,
  0xe0,0xd0,0x20,0x10,0xe0,0x9b,0x64,0xd8,0x27,0x5f,0x20,0xd0,0x2f,0x9f,0x60,0xf1,
  0x00,0x00,0x00,0x00,0x00,0xd0,0x20,0x10,0xe0,0x78,0x80,0x08,0xf0,0x78,0x80,0xc0,
  0x00,0x00,0x00,0x00,0x00,0x00,0x00,0x3f,0x00,0xed,0x12,0x80,0x7f,0xbf,0x40,0xe0,
  0x1f,0x6f,0x10,0x40,0x3f,0x00,0x00,0xe0,0x00,0xb8,0x40,0x08,0xf0,0xe8,0x10,0x38,
  0xc0,0xb0,0x40,0x10,0xe0,0x7d,0x02,0x40,0x3f,0xfd,0x02,0x80,0x7f,0xfd,0x02,0x07,
  0x00,0x00,0x00,0x00,0x00,0xf0,0x00,0x10,0xe0,0xf8,0x00,0x08,0xf0,0xf8,0x00,0x00,
  0x00,0x00,0x00,0x00,0x00,0x00,0x00,0x7f,0x00,0x58,0x27,0xdb,0x24,0x88,0x77,0xdb,
  0x24,0x5a,0x25,0xca,0x35,0x00,0x00,0xf8,0x00,0x08,0xf0,0xe8,0x10,0x08,0xf0,0xb8,
  0x40,0xa8,0x50,0xa8,0x50,0x9a,0x65,0xdb,0x24,0x5a,0x25,0xda,0x25,0x96,0x69,0xff,
  0x00,0x00,0x00,0x00,0x00,0x08,0xf0,0xb8,0x40,0xa8,0x50,0xa8,0x50,0x08,0xf0,0xf8,
  0x00,0x00,0x00,0x00,0x00,0x00,0x00,0x7f,0x00,0x58,0x27,0xdb,0x24,0x8e,0x71,0xdd,
  0x22,0x5b,0x24,0xcf,0x30,0x00,0x00,0xf8,0x00,0x08,0xf0,0xe8,0x10,0xb8,0x40,0xd8,
  0x20,0xe8,0x10,0x78,0x80,0x98,0x67,0xdf,0x20,0x56,0x21,0xdd,0x22,0x9b,0x64,0xff,
  0x00,0x00,0x00,0x00,0x00,0x08,0xf0,0x78,0x80,0x30,0xc0,0x58,0xa0,0x68,0x90,0xf8,
  0x00,0x00,0x00,0x00,0x00,0x00,0x00,0x71,0x00,0x5f,0x20,0xd8,0x27,0x8d,0x72,0xde,
  0x21,0x58,0x27,0xcf,0x30,0x00,0x00,0xc0,0x00,0x78,0x80,0x08,0xf0,0xd8,0x20,0xb8,
  0x40,0x08,0xf0,0x78,0x80,0x98,0x67,0xde,0x21,0x55,0x22,0xde,0x21,0x99,0x66,0xff,
  0x00,0x00,0x00,0x00,0x00,0x08,0xf0,0xd8,0x20,0xb0,0x40,0x38,0xc0,0xc8,0x30,0x78,
  0x00,0x00,0x00,0x00,0x00,0x00,0x00,0x71,0x00,0x5f,0x20,0xd8,0x27,0x8b,0x74,0xde,
  0x21,0x5d,0x22,0xcb,0x34,0x00,0x00,0xc0,0x00,0x78,0x80,0x08,0xf0,0xe8,0x10,0xb8,
  0x40,0xd8,0x20,0xe8,0x10,0x9c,0x63,0xd7,0x20,0x51,0x20,0xdf,0x20,0x98,0x67,0xff,
  0x00,0x00,0x00,0x00,0x00,0x18,0xe0,0x70,0x80,0x40,0x80,0x78,0x80,0x08,0xf0,0xf8,
  0x00,0x00,0x00,0x00,0x00,0x00,0x00,0x77,0x00,0x55,0x22,0xdd,0x22,0x88,0x77,0xd3,
  0x2c,0x58,0x27,0xcb,0x34,0x00,0x00,0xc0,0x00,0x60,0x80,0xb8,0x40,0x08,0xf0,0xb8,
  0x40,0x08,0xf0,0xb8,0x40,0x9b,0x64,0xd8,0x27,0x5b,0x24,0xdb,0x24,0x98,0x67,0xff,
  0x00,0x00,0x00,0x00,0x00,0xb8,0x40,0x08,0xf0,0xb8,0x40,0xb8,0x40,0x08,0xf0,0xf8,
  0x00,0x00,0x00,0x00,0x00,0x00,0x00,0x73,0x00,0x5e,0x21,0xd8,0x27,0x8d,0x72,0xda,
  0x25,0x50,0x2f,0xca,0x35,0x00,0x00,0x80,0x00,0xf0,0x00,0x10,0xe0,0xb0,0x40,0xd8,
  0x20,0x08,0xf0,0xd8,0x20,0x98,0x67,0xda,0x25,0x58,0x27,0xde,0x21,0x93,0x60,0xf1,
  0x00,0x00,0x00,0x00,0x00,0x10,0xe0,0xd0,0x20,0x18,0xe0,0xe8,0x10,0x08,0xf0,0xf8,
  0x00,0x00,0x00,0x00,0x00,0x00,0x00,0x7d,0x00,0x57,0x28,0xda,0x25,0x80,0x7f,0xdd,
  0x22,0x5d,0x22,0xcd,0x32,0x00,0x00,0xf8,0x00,0x08,0xf0,0xa8,0x50,0x28,0xd0,0xa8,
  0x50,0x98,0x60,0xa8,0x50,0x90,0x6f,0xdd,0x22,0x5a,0x25,0xdb,0x24,0x97,0x68,0xfc,
  0x00,0x00,0x00,0x00,0x00,0x28,0xd0,0xa8,0x50,0x88,0x70,0x38,0xc0,0xa0,0x40,0xe0,
  0x00,0x00,0x00,0x00,0x00,0x00,0x00,0x7f,0x00,0x58,0x27,0xdb,0x24,0x88,0x77,0xdb,
  0x24,0x58,0x27,0xcf,0x30,0x00,0x00,0xf0,0x00,0x10,0xe0,0xd0,0x20,0x10,0xe0,0xd0,
  0x20,0x10,0xe0,0xf8,0x00,0x90,0x6f,0xdd,0x22,0x5d,0x22,0xda,0x25,0x97,0x68,0xfc,
  0x00,0x00,0x00,0x00,0x00,0x08,0xf0,0x78,0x80,0x08,0xf0,0x78,0x80,0x88,0x70,0xf8,
  0x00,0x00,0x00,0x00,0x00,0x00,0x00,0x7f,0x00,0x58,0x27,0xdb,0x24,0x88,0x77,0xdb,
  0x24,0x58,0x27,0xca,0x35,0x00,0x00,0xf8,0x00,0x08,0xf0,0xe8,0x10,0x08,0xf0,0xf8,
  0x00,0x08,0xf0,0xd8,0x20,0x98,0x67,0xdb,0x24,0x5a,0x25,0xdb,0x24,0x94,0x6b,0xff,
  0x00,0x00,0x00,0x00,0x00,0x28,0xd0,0xb8,0x40,0x08,0xf0,0xb8,0x40,0x08,0xf0,0xf8,
  0x00,0x00,0x00,0x00,0x00,0x00,0x00,0x77,0x00,0x5d,0x22,0xdb,0x24,0x8b,0x74,0xd9,
  0x26,0x5b,0x24,0xc8,0x37,0x00,0x00,0xc0,0x00,0x78,0x80,0x48,0xb0,0x68,0x90,0x48,
  0xb0,0x68,0x90,0x08,0xf0,0x9f,0x60,0xd8,0x27,0x5d,0x22,0xde,0x21,0x91,0x6e,0xff,
  0x00,0x00,0x00,0x00,0x00,0x78,0x80,0x08,0xf0,0xd8,0x20,0x38,0xc0,0xc8,0x30,0x78,
  0x00,0x00,0x00,0x00,0x00,0x00,0x00,0x71,0x00,0x5f,0x20,0xd8,0x27,0x8d,0x72,0xdc,
  0x23,0x5f,0x20,0xc8,0x37,0x00,0x00,0xc0,0x00,0x78,0x80,0x08,0xf0,0xd8,0x20,0x10,
  0xe0,0xf8,0x00,0x08,0xf0,0x9b,0x64,0xda,0x25,0x5a,0x25,0xda,0x25,0x9b,0x64,0xfe,
  0x00,0x00,0x00,0x00,0x00,0xe8,0x10,0x28,0xd0,0xa8,0x50,0x28,0xd0,0xc8,0x30,0x78,
  0x00,0x00,0x00,0x00,0x00,0x00,0x00,0x7f,0x00,0x5b,0x24,0xd1,0x2e,0x85,0x7a,0xd1,
  0x2e,0x54,0x2b,0x45,0x3a,0x00,0x00,0xf0,0x00,0x10,0xe0,0x50,0xa0,0x50,0xa0,0x58,
  0xa0,0xc8,0x30,0xf8,0x00,0xd0,0x2f,0x95,0x6a,0xd1,0x2e,0xd5,0x2a,0x94,0x6b,0xff,
  0x00,0x00,0x00,0x00,0x00,0x08,0xf0,0x68,0x90,0x58,0xa0,0x98,0x60,0x68,0x90,0xf8,
  0x00,0x00,0x00,0x00,0x00,0x00,0x00,0x77,0x00,0x5d,0x22,0xd8,0x27,0x83,0x7c,0xd8,
  0x27,0x5b,0x24,0xc8,0x37,0x00,0x00,0xe0,0x00,0xb8,0x40,0x08,0xf0,0xb8,0x40,0x08,
  0xf0,0xb8,0x40,0x08,0xf0,0x9f,0x60,0xd8,0x27,0x5e,0x21,0xdd,0x22,0x93,0x6c,0xfe,
  0x00,0x00,0x00,0x00,0x00,0xf8,0x00,0x18,0xe0,0xc8,0x30,0xe8,0x10,0x98,0x60,0xf0,
  0x00,0x00,0x00,0x00,0x00,0x00,0x00,0x7f,0x00,0x58,0x27,0xda,0x25,0x8a,0x75,0xd8,
  0x27,0x5f,0x20,0xcc,0x33,0x00,0x00,0xf8,0x00,0x08,0xf0,0xa8,0x50,0xa8,0x50,0x08,
  0xf0,0x78,0x80,0x10,0xe0,0x9f,0x60,0xd8,0x27,0x5e,0x21,0xdd,0x22,0x98,0x67,0xff,
  0x00,0x00,0x00,0x00,0x00,0x78,0x80,0x08,0xf0,0xf8,0x00,0xd8,0x20,0x28,0xd0,0xf8,
  0x00,0x00,0x00,0x00,0x00,0x00,0x00,0x71,0x00,0x5f,0x20,0xd8,0x27,0x8d,0x72,0xd0,
  0x2f,0x5b,0x24,0xc8,0x37,0x00,0x00,0xc0,0x00,0x70,0x80,0x10,0xe0,0xb8,0x40,0x08,
  0xf0,0x58,0xa0,0x10,0xe0,0x9b,0x64,0xdb,0x24,0x50,0x2f,0xdf,0x20,0x90,0x6f,0xff,
  0x00,0x00,0x00,0x00,0x00,0x50,0xa0,0x58,0xa0,0x08,0xf0,0x78,0x80,0x08,0xf0,0xf8,
  0x00,0x00,0x00,0x00,0x00,0x00,0x00,0x71,0x00,0x5f,0x20,0xd0,0x2f,0x8a,0x75,0xda,
  0x25,0x5a,0x25,0xcb,0x34,0x00,0x00,0xc0,0x00,0x78,0x80,0x08,0xf0,0x28,0xd0,0xa8,
  0x50,0x28,0xd0,0xe8,0x10,0x98,0x67,0xdd,0x22,0x54,0x23,0xdd,0x22,0x90,0x6f,0xff,
  0x00,0x00,0x00,0x00,0x00,0x08,0xf0,0xd8,0x20,0x10,0xe0,0xd8,0x20,0x08,0xf0,0xf8,
  0x00,0x00,0x00,0x00,0x00,0x00,0x00,0x77,0x00,0x54,0x23,0xdd,0x22,0x8c,0x73,0xd8,
  0x27,0x5a,0x25,0xc8,0x37,0x00,0x00,0xf0,0x00,0x10,0xe0,0xd0,0x20,0x18,0xe0,0x88,
  0x70,0xa8,0x50,0x88,0x70,0x9f,0x60,0xd8,0x27,0x5e,0x21,0xdd,0x22,0x9b,0x64,0xff,
  0x00,0x00,0x00,0x00,0x00,0x78,0x80,0x08,0xf0,0x38,0xc0,0x58,0xa0,0x68,0x90,0xf8,
  0x00,0x00,0x00,0x00,0x00,0x00,0x00,0x3f,0x00,0xea,0x15,0x85,0x7a,0xca,0x35,0xa5,
  0x5a,0xea,0x15,0x80,0x7f,0x00,0x00,0xe0,0x00,0xb8,0x40,0x08,0xf0,0x98,0x60,0x28,
  0xd0,0xb8,0x40,0x08,0xf0,0xed,0x12,0xd0,0x2f,0xbd,0x42,0xc0,0x3f,0x7d,0x02,0x07,
  0x00,0x00,0x00,0x00,0x00,0xb8,0x40,0x58,0xa0,0xe8,0x10,0x18,0xe0,0xf0,0x00,0x00,
  0x00,0x00,0x00,0x00,0x00,0x00,0x00,0x7f,0x00,0x5b,0x24,0xd8,0x27,0x85,0x7a,0xd8,
  0x27,0x5d,0x22,0xca,0x35,0x00,0x00,0xf0,0x00,0x58,0xa0,0x08,0xf0,0xd8,0x20,0x88,
  0x70,0xd8,0x20,0xa8,0x50,0x98,0x67,0xdb,0x24,0x5b,0x24,0xde,0x21,0x99,0x66,0xff,
  0x00,0x00,0x00,0x00,0x00,0x08,0xf0,0x68,0x90,0x68,0x90,0xb8,0x40,0xc8,0x30,0x78,
  0x00,0x00,0x00,0x00,0x00,0x00,0x00,0x07,0x00,0x05,0x02,0xfd,0x02,0x80,0x7f,0xfd,
  0x02,0x7d,0x02,0x40,0x3f,0x00,0x00,0x00,0x00,0x00,0x00,0xf8,0x00,0x08,0xf0,0xf8,
  0x00,0xf0,0x00,0x10,0xe0,0x6f,0x10,0x37,0x08,0x38,0x07,0xe7,0x18,0x9d,0x60,0xf0,
  0x00,0x00,0x00,0x00,0x00,0xb0,0x40,0x60,0x80,0xe0,0x00,0x38,0xc0,0xc8,0x30,0x78,
  0x00,0x00,0x00,0x00,0x00,0x00,0x00,0x1f,0x00,0xf6,0x09,0xb6,0x49,0xb6,0x49,0xb5,
  0x4a,0xb2,0x4d,0xb6,0x49,0x00,0x00,0x80,0x00,0x80,0x00,0xf8,0x00,0x08,0xf0,0xd8,
  0x20,0xd0,0x20,0xd0,0x20,0xb6,0x49,0xa6,0x59,0x97,0x68,0xf6,0x09,0x15,0x0a,0x1f,
  0x00,0x00,0x00,0x00,0x00,0xb0,0x40,0xa0,0x40,0x60,0x80,0xb8,0x40,0xc8,0x30,0x78,
  0x00,0x00,0x00,0x00,0x00,0x00,0x00,0x03,0x00,0xfe,0x01,0x86,0x79,0xf6,0x09,0x15,
  0x0a,0xf2,0x0d,0x86,0x79,0x00,0x00,0x80,0x00,0x80,0x00,0xf8,0x00,0x08,0xf0,0xd8,
  0x20,0xd0,0x20,0xd0,0x20,0xbe,0x41,0xbe,0x41,0xb7,0x48,0xae,0x51,0x99,0x66,0xff,
  0x00,0x00,0x00,0x00,0x00,0xb0,0x40,0xa0,0x40,0x60,0x80,0xb8,0x40,0xc8,0x30,0x78,
  0x00,0x00,0x00,0x00,0x00,0x00,0x00,0x03,0x00,0xfe,0x01,0x86,0x79,0xee,0x11,0x2d,
  0x12,0x2a,0x15,0x2e,0x11,0x00,0x00,0x80,0x00,0x80,0x00,0xf8,0x00,0x08,0xf0,0xd8,
  0x20,0xd0,0x20,0xd0,0x20,0x2e,0x11,0xe6,0x19,0x9f,0x60,0xfe,0x01,0x09,0x06,0x0f,
  0x00,0x00,0x00,0x00,0x00,0xb0,0x40,0xa0,0x40,0x60,0x80,0xb8,0x40,0xc8,0x30,0x78,
  0x00,0x00,0x00,0x00,0x00,0x00,0x00,0x73,0x00,0x5a,0x21,0xee,0x11,0x82,0x7d,0xdd,
  0x22,0x5e,0x21,0x42,0x3d,0x00,0x00,0x80,0x00,0x80,0x00,0xf8,0x00,0x08,0xf0,0xd8,
  0x20,0xd0,0x20,0xd0,0x20,0x5a,0x25,0x5a,0x25,0x5b,0x24,0xda,0x25,0xb1,0x4e,0xff,
  0x00,0x00,0x00,0x00,0x00,0xb0,0x40,0xa0,0x40,0x60,0x80,0xb8,0x40,0xc8,0x30,0x78,
  0x00,0x00,0x00,0x00,0x00,0x00,0x00,0x3b,0x00,0x2a,0x11,0xee,0x11,0x82,0x7d,0xed,
  0x12,0x2e,0x11,0xee,0x11,0x00,0x00,0x80,0x00,0x80,0x00,0xf8,0x00,0x08,0xf0,0xd8,
  0x20,0xd0,0x20,0xd0,0x20,0x82,0x7d,0xba,0x45,0xab,0x44,0xba,0x45,0x81,0x7e,0xff,
  0x00,0x00,0x00,0x00,0x00,0xb0,0x40,0xa0,0x40,0x60,0x80,0xb8,0x40,0xc8,0x30,0x78,
  0x00,0x00,0x00,0x00,0x00,0x00,0x00,0x1d,0x00,0xf7,0x08,0x81,0x7e,0xff,0x00,0xda,
  0x25,0xbd,0x42,0xdb,0x24,0x00,0x00,0xc0,0x00,0x40,0x80,0x78,0x80,0x08,0xf0,0xd8,
  0x20,0x50,0xa0,0x50,0xa0,0x5b,0x24,0x6b,0x14,0x37,0x08,0xeb,0x14,0x9c,0x63,0xf7,
  0x00,0x00,0x00,0x00,0x00,0x50,0xa0,0x50,0xa0,0xb0,0x40,0x58,0xa0,0xe8,0x10,0xb8,
  0x00,0x00,0x00,0x00,0x00,0x00,0x00,0x1f,0x00,0xf2,0x0d,0x8e,0x71,0xee,0x11,0xed,
  0x12,0x82,0x7d,0xee,0x11,0x00,0x00,0x80,0x00,0x80,0x00,0xf8,0x00,0x08,0xf0,0xd8,
  0x20,0xd0,0x20,0xd0,0x20,0xee,0x11,0x82,0x7d,0xbb,0x44,0xba,0x45,0x81,0x7e,0xff,
  0x00,0x00,0x00,0x00,0x00,0xb0,0x40,0xa0,0x40,0x60,0x80,0xb8,0x40,0xc8,0x30,0x78,
  0x00,0x00,0x00,0x00,0x00,0x00,0x00,0x1f,0x00,0x13,0x0c,0xf5,0x0a,0x81,0x7e,0xf6,
  0x09,0xb5,0x4a,0xd3,0x2c,0x00,0x00,0xc0,0x00,0x40,0x80,0x78,0x80,0x08,0xf0,0xd8,
  0x20,0x50,0xa0,0x50,0xa0,0x77,0x08,0x63,0x1c,0xd5,0x2a,0xb7,0x48,0xe4,0x1b,0x3f,
  0x00,0x00,0x00,0x00,0x00,0x50,0xa0,0x50,0xa0,0xb0,0x40,0x58,0xa0,0xe8,0x10,0xb8,
  0x00,0x00,0x00,0x00,0x00,0x00,0x00,0x39,0x00,0xef,0x10,0x85,0x7a,0xeb,0x14,0x80,
  0x7f,0xee,0x11,0xc1,0x3e,0x00,0x00,0xc0,0x00,0x40,0x80,0x78,0x80,0x08,0xf0,0xd8,
  0x20,0xd0,0x20,0x50,0xa0,0xbb,0x44,0xf1,0x0e,0x87,0x78,0xf7,0x08,0x24,0x1b,0x3f,
  0x00,0x00,0x00,0x00,0x00,0x50,0xa0,0x50,0xa0,0xb0,0x40,0x58,0xa0,0xe8,0x10,0xb8,
  0x00,0x00,0x00,0x00,0x00,0x00,0x00,0x7f,0x00,0x43,0x3c,0xfb,0x04,0x81,0x7e,0xda,
  0x25,0x43,0x3c,0x5b,0x24,0x00,0x00,0xc0,0x00,0x40,0x80,0x78,0x80,0x08,0xf0,0xd8,
  0x20,0x50,0xa0,0x50,0xa0,0x43,0x3c,0x5b,0x24,0xc1,0x3e,0x9b,0x64,0xfa,0x05,0x0f,
  0x00,0x00,0x00,0x00,0x00,0x50,0xa0,0x50,0xa0,0xb0,0x40,0x58,0xa0,0xe8,0x10,0xb8,
  0x00,0x00,0x00,0x00,0x00,0x00,0x00,0x7d,0x00,0xd7,0x28,0x83,0x7c,0xd7,0x28,0x82,
  0x7d,0xfd,0x02,0x83,0x7c,0x00,0x00,0xc0,0x00,0x40,0x80,0x78,0x80,0x08,0xf0,0xd8,
  0x20,0x50,0xa0,0x50,0xa0,0xbb,0x44,0x83,0x7c,0xbb,0x44,0x83,0x7c,0xba,0x45,0xef,
  0x00,0x00,0x00,0x00,0x00,0x50,0xa0,0x50,0xa0,0xb0,0x40,0x58,0xa0,0xe8,0x10,0xb8,
  0x00,0x00,0x00,0x00,0x00,0x00,0x00,0xff,0x00,0xb5,0x4a,0xd3,0x2c,0x81,0x7e,0xe6,
  0x19,0xd3,0x2c,0xb5,0x4a,0x00,0x00,0xc0,0x00,0x40,0x80,0x78,0x80,0x08,0xf0,0xd8,
  0x20,0x50,0xa0,0x50,0xa0,0xef,0x10,0x81,0x7e,0xed,0x12,0xe3,0x1c,0x9c,0x63,0xf7,
  0x00,0x00,0x00,0x00,0x00,0x50,0xa0,0x50,0xa0,0xb0,0x40,0x58,0xa0,0xe8,0x10,0xb8,
  0x00,0x00,0x00,0x00,0x00,0x00,0x00,0x38,0x00,0xef,0x10,0x81,0x7e,0xdb,0x24,0x42,
  0x3c,0xff,0x00,0x81,0x7e,0x00,0x00,0xe0,0x00,0xa0,0x40,0xb8,0x40,0x88,0x70,0xb8,
  0x40,0xb8,0x40,0x08,0xf0,0xbd,0x42,0x85,0x7a,0x95,0x6a,0x85,0x7a,0xb9,0x46,0xef,
  0x00,0x00,0x00,0x00,0x00,0x68,0x90,0x68,0x90,0xa8,0x50,0xd8,0x20,0x28,0xd0,0xf8,
  0x00,0x00,0x00,0x00,0x00,0x00,0x00,0x1d,0x00,0xf7,0x08,0x80,0x7f,0xd5,0x2a,0x41,
  0x3e,0x63,0x1c,0xd5,0x2a,0x00,0x00,0xc0,0x00,0x78,0x80,0x08,0xf0,0x58,0xa0,0x50,
  0xa0,0xb0,0x40,0x58,0xa0,0x80,0x7f,0xfd,0x02,0x2c,0x13,0xed,0x12,0x80,0x7f,0xff,
  0x00,0x00,0x00,0x00,0x00,0x08,0xf0,0xf8,0x00,0x10,0xe0,0xf8,0x00,0x08,0xf0,0xf8,
  0x00,0x00,0x00,0x00,0x00,0x00,0x00,0x0e,0x00,0x0b,0x04,0xfd,0x02,0x80,0x7f,0xef,
  0x10,0x2d,0x10,0x35,0x08,0x00,0x00,0x00,0x00,0x00,0x00,0xf8,0x00,0x08,0xf0,0xb8,
  0x40,0xa0,0x40,0x60,0x80,0x17,0x08,0x1a,0x05,0x1d,0x02,0xf2,0x0d,0x8f,0x70,0xf8,
  0x00,0x00,0x00,0x00,0x00,0x40,0x80,0xc0,0x00,0xc0,0x00,0x78,0x80,0x88,0x70,0xf8,
  0x00,0x00,0x00,0x00,0x00,0x00,0x00,0x1d,0x00,0x17,0x08,0x1b,0x04,0x7d,0x02,0x5f,
  0x20,0x6d,0x10,0x35,0x08,0x00,0x00,0xc0,0x00,0x40,0x80,0x40,0x80,0x40,0x80,0x40,
  0x80,0x40,0x80,0x78,0x80,0x1f,0x00,0xf8,0x07,0x87,0x78,0xfd,0x00,0x01,0x00,0x01,
  0x00,0x00,0x00,0x00,0x00,0x08,0xf0,0x78,0x80,0x40,0x80,0x40,0x80,0x40,0x80,0xc0,
  0x00,0x00,0x00,0x00,0x00,0x00,0x00,0x38,0x00,0xef,0x10,0xa6,0x59,0xcf,0x30,0xef,
  0x10,0x85,0x7a,0xee,0x11,0x00,0x00,0x70,0x00,0xd0,0x20,0xd0,0x20,0x50,0xa0,0xd0,
  0x20,0xd0,0x20,0xd8,0x20,0x4f,0x30,0xc7,0x38,0xac,0x53,0xef,0x10,0x28,0x10,0x38,
  0x00,0x00,0x00,0x00,0x00,0xc8,0x30,0x18,0xe0,0xd0,0x20,0xd0,0x20,0x50,0x20,0x70,
  0x00,0x00,0x00,0x00,0x00,0x00,0x00,0x38,0x00,0xef,0x10,0x82,0x7d,0xde,0x21,0xaa,
  0x51,0xae,0x51,0x82,0x7d,0x00,0x00,0x78,0x00,0xc8,0x30,0x38,0xc0,0xe0,0x00,0xf8,
  0x00,0x08,0xf0,0xd8,0x20,0xee,0x11,0xe2,0x1d,0x8e,0x71,0xee,0x11,0x2d,0x12,0x3f,
  0x00,0x00,0x00,0x00,0x00,0xd0,0x20,0xd0,0x20,0xd0,0x20,0xd0,0x20,0xd0,0x20,0x70,
  0x00,0x00,0x00,0x00,0x00,0x00,0x00,0x7e,0x00,0xdb,0x24,0x80,0x7f,0xda,0x25,0x42,
  0x3d,0x5a,0x25,0x42,0x3d,0x00,0x00,0x78,0x00,0xc8,0x30,0x38,0xc0,0xe0,0x00,0xf8,
  0x00,0x08,0xf0,0xd8,0x20,0xda,0x25,0x80,0x7f,0xfe,0x01,0xda,0x25,0xbd,0x42,0xe7,
  0x00,0x00,0x00,0x00,0x00,0xd0,0x20,0xd0,0x20,0xd0,0x20,0xd0,0x20,0xd0,0x20,0x70,
  0x00,0x00,0x00,0x00,0x00,0x00,0x00,0x1c,0x00,0xf7,0x08,0x81,0x7e,0xdd,0x22,0xeb,
  0x14,0x81,0x7e,0xf7,0x08,0x00,0x00,0x78,0x00,0xc8,0x30,0x38,0xc0,0x60,0x80,0x78,
  0x80,0x08,0xf0,0x58,0xa0,0x81,0x7e,0xf7,0x08,0xd5,0x2a,0xb6,0x49,0xe6,0x19,0x3f,
  0x00,0x00,0x00,0x00,0x00,0x50,0xa0,0x50,0xa0,0x50,0xa0,0xd0,0x20,0xd0,0x20,0xf0,
  0x00,0x00,0x00,0x00,0x00,0x00,0x00,0x0e,0x00,0x0b,0x04,0xfd,0x02,0x80,0x7f,0xfb,
  0x04,0x0b,0x04,0x08,0x07,0x00,0x00,0x00,0x00,0x00,0x00,0xf8,0x00,0x08,0xf0,0xf8,
  0x00,0xf0,0x00,0x10,0xe0,0x1b,0x04,0x16,0x08,0x34,0x08,0xed,0x10,0x99,0x60,0xf1,
  0x00,0x00,0x00,0x00,0x00,0xd0,0x20,0x50,0x20,0x50,0x20,0xd0,0x20,0x30,0xc0,0xe0,
  0x00,0x00,0x00,0x00,0x00,0x00,0x00,0x77,0x00,0x55,0x22,0xdc,0x23,0x83,0x7c,0xdb,
  0x24,0x5d,0x22,0x44,0x3b,0x00,0x00,0x00,0x00,0xf8,0x00,0x08,0xf0,0x78,0x80,0x48,
  0xb0,0x28,0xd0,0x68,0x90,0xd1,0x2e,0xb5,0x4a,0xb5,0x4a,0xf5,0x0a,0x4e,0x31,0x7b,
  0x00,0x00,0x00,0x00,0x00,0x68,0x90,0x48,0xb0,0x78,0x80,0xe8,0x10,0x08,0xf0,0xf8,
  0x00,0x00,0x00,0x00,0x00,0x00,0x00,0x07,0x00,0xfd,0x02,0x80,0x7f,0xf7,0x08,0x80,
  0x7f,0xbf,0x40,0xfd,0x02,0x00,0x00,0x00,0x00,0xf8,0x00,0x08,0xf0,0x78,0x80,0x08,
  0xf0,0xe8,0x10,0xf8,0x00,0x80,0x7f,0xfb,0x04,0x30,0x0f,0xef,0x10,0x99,0x60,0xf1,
  0x00,0x00,0x00,0x00,0x00,0x08,0xf0,0xf8,0x00,0x10,0xe0,0xd0,0x20,0x30,0xc0,0xe0,
  0x00,0x00,0x00,0x00,0x00,0x00,0x00,0x77,0x00,0x55,0x22,0xdc,0x23,0x83,0x7c,0xdb,
  0x24,0x5e,0x21,0x40,0x3f,0x00,0x00,0x00,0x00,0xf8,0x00,0x08,0xf0,0xb8,0x40,0x60,
  0x80,0xb8,0x40,0xa8,0x50,0x5a,0x25,0xda,0x25,0xba,0x45,0xba,0x45,0xe6,0x19,0x3f,
  0x00,0x00,0x00,0x00,0x00,0xa8,0x50,0xd8,0x20,0xd8,0x20,0xe8,0x10,0x68,0x90,0xf8,
  0x00,0x00,0x00,0x00,0x00,0x00,0x00,0x77,0x00,0x55,0x22,0xdc,0x23,0x85,0x7a,0xdc,
  0x23,0x5b,0x24,0x47,0x38,0x00,0x00,0x00,0x00,0xf8,0x00,0x08,0xf0,0xf8,0x00,0x08,
  0xf0,0x68,0x90,0x78,0x80,0x55,0x2a,0xd5,0x2a,0xb5,0x4a,0xb4,0x4b,0xe3,0x1c,0x3e,
  0x00,0x00,0x00,0x00,0x00,0x08,0xf0,0x78,0x80,0x40,0x80,0x78,0x80,0x88,0x70,0xf8,
  0x00,0x00,0x00,0x00,0x00,0x00,0x00,0x73,0x00,0x5a,0x21,0xee,0x11,0x85,0x7a,0xde,
  0x21,0x5e,0x21,0x45,0x3a,0x00,0x00,0x80,0x00,0xf8,0x00,0x08,0xf0,0xf8,0x00,0xf8,
  0x00,0x08,0xf0,0xb8,0x40,0x57,0x28,0x54,0x2b,0x57,0x28,0xd7,0x28,0xa4,0x5b,0xff,
  0x00,0x00,0x00,0x00,0x00,0xb8,0x40,0x08,0xf0,0xb8,0x40,0x58,0xa0,0xe8,0x10,0xb8,
  0x00,0x00,0x00,0x00,0x00,0x00,0x00,0x7f,0x00,0x40,0x3f,0x7d,0x02,0x05,0x02,0xfd,
  0x02,0x80,0x7f,0xfa,0x05,0x00,0x00,0xf0,0x00,0x10,0xe0,0xf0,0x00,0x00,0x00,0xf8,
  0x00,0x08,0xf0,0xf8,0x00,0x1a,0x05,0x16,0x09,0x36,0x09,0xee,0x11,0x9a,0x61,0xf3,
  0x00,0x00,0x00,0x00,0x00,0x80,0x00,0xb8,0x00,0xa8,0x10,0xe8,0x10,0x08,0xf0,0xf8,
  0x00,0x00,0x00,0x00,0x00,0x00,0x00,0xff,0x00,0x84,0x7b,0xb5,0x4a,0x85,0x7a,0xb5,
  0x4a,0xb0,0x4f,0x87,0x78,0x00,0x00,0xf8,0x00,0x08,0xf0,0xb8,0x40,0xa0,0x40,0xb8,
  0x40,0x08,0xf0,0xb8,0x40,0xbd,0x40,0xaf,0x50,0xb6,0x49,0xad,0x52,0x9b,0x64,0xfe,
  0x00,0x00,0x00,0x00,0x00,0xa0,0x40,0x38,0xc0,0xa8,0x50,0xa8,0x50,0x88,0x70,0xf8,
  0x00,0x00,0x00,0x00,0x00,0x00,0x00,0x7f,0x00,0x40,0x3f,0x5f,0x20,0x50,0x20,0x5f,
  0x20,0x40,0x3f,0x5f,0x20,0x00,0x00,0xf0,0x00,0x10,0xe0,0xd0,0x20,0x50,0x20,0xd0,
  0x20,0x10,0xe0,0xd0,0x20,0x50,0x20,0x5f,0x20,0x40,0x3f,0xff,0x00,0x80,0x7f,0xff,
  0x00,0x00,0x00,0x00,0x00,0x50,0x20,0xd0,0x20,0x10,0xe0,0xf8,0x00,0x08,0xf0,0xf8,
  0x00,0x00,0x00,0x00,0x00,0x00,0x00,0x7f,0x00,0x40,0x3f,0x5f,0x20,0x40,0x3f,0x5f,
  0x20,0x40,0x3f,0x7d,0x02,0x00,0x00,0xf0,0x00,0x10,0xe0,0xd0,0x20,0x10,0xe0,0xd0,
  0x20,0x10,0xe0,0xf0,0x00,0xfd,0x02,0x80,0x7f,0xfd,0x02,0x05,0x02,0x05,0x02,0x07,
  0x00,0x00,0x00,0x00,0x00,0xf8,0x00,0x08,0xf0,0xf8,0x00,0x00,0x00,0x00,0x00,0x00,
  0x00,0x00,0x00,0x00,0x00,0x00,0x00,0x00,0x00,0xfc,0x00,0x87,0x78,0xb4,0x4b,0xb7,
  0x48,0xb7,0x48,0x85,0x7a,0x00,0x00,0x70,0x00,0x50,0x20,0xd8,0x20,0x08,0xf0,0xd8,
  0x20,0x50,0x20,0xd0,0x20,0xb6,0x49,0xb6,0x49,0xb7,0x48,0x85,0x78,0xfd,0x00,0x01,
  0x00,0x00,0x00,0x00,0x00,0xd0,0x20,0xd0,0x20,0xd0,0x20,0xd0,0x20,0x10,0xe0,0xf0,
  0x00,0x00,0x00,0x00,0x00,0x00,0x00,0x7f,0x00,0x40,0x3f,0x5f,0x20,0x40,0x3f,0x5f,
  0x20,0x40,0x3f,0x7f,0x00,0x00,0x00,0xf0,0x00,0x10,0xe0,0xd0,0x20,0x10,0xe0,0xd0,
  0x20,0x10,0xe0,0xf8,0x00,0x5e,0x21,0x42,0x3d,0x5e,0x21,0x52,0x2d,0x4f,0x30,0x79,
  0x00,0x00,0x00,0x00,0x00,0xe8,0x10,0x98,0x60,0x78,0x80,0xe8,0x10,0x08,0xf0,0xf8,
  0x00,0x00,0x00,0x00,0x00,0x00,0x00,0xff,0x00,0x84,0x7b,0xb5,0x4a,0xb5,0x4a,0xb4,
  0x4b,0x85,0x7a,0xb5,0x4a,0x00,0x00,0xf8,0x00,0x08,0xf0,0xe8,0x10,0xe8,0x10,0x08,
  0xf0,0xe8,0x10,0xe8,0x10,0xb4,0x4b,0xb5,0x4a,0x85,0x7a,0xfb,0x04,0x16,0x08,0x1c,
  0x00,0x00,0x00,0x00,0x00,0x08,0xf0,0xe8,0x10,0x28,0x10,0xe8,0x10,0x88,0x70,0xf8,
  0x00,0x00,0x00,0x00,0x00,0x00,0x00,0x7f,0x00,0x40,0x3f,0x5f,0x20,0x40,0x3f,0x5f,
  0x20,0x40,0x3f,0x6f,0x10,0x00,0x00,0xf0,0x00,0x10,0xe0,0xd0,0x20,0x10,0xe0,0xd0,
  0x20,0x10,0xe0,0xf8,0x00,0x60,0x1f,0xdb,0x24,0xbb,0x44,0xf6,0x09,0x2d,0x12,0x3f,
  0x00,0x00,0x00,0x00,0x00,0x08,0xf0,0x68,0x90,0x68,0x90,0xe8,0x10,0x98,0x60,0xf0,
  0x00,0x00,0x00,0x00,0x00,0x00,0x00,0x7f,0x00,0x40,0x3f,0x5f,0x20,0x40,0x3f,0x5f,
  0x20,0x40,0x3f,0x5d,0x22,0x00,0x00,0xf0,0x00,0x10,0xe0,0xd0,0x20,0x10,0xe0,0xd0,
  0x20,0x10,0xe0,0xf0,0x00,0xc0,0x3f,0xbd,0x42,0xc0,0x3f,0xfd,0x02,0x80,0x7f,0xff,
  0x00,0x00,0x00,0x00,0x00,0x10,0xe0,0xf0,0x00,0x10,0xe0,0xf8,0x00,0x08,0xf0,0xf8,
  0x00,0x00,0x00,0x00,0x00,0x00,0x00,0x01,0x00,0xf9,0x00,0x8f,0x70,0xa8,0x57,0xab,
  0x54,0xab,0x54,0x8b,0x74,0x00,0x00,0xc0,0x00,0x40,0x80,0x70,0x80,0x10,0xe0,0x50,
  0xa0,0x50,0xa0,0x58,0xa0,0xa0,0x5f,0xaf,0x50,0xae,0x51,0x8d,0x72,0xf3,0x0c,0x1e,
  0x00,0x00,0x00,0x00,0x00,0x08,0xf0,0x78,0x80,0xb0,0x40,0xd8,0x20,0x68,0x10,0x38,
  0x00,0x00,0x00,0x00,0x00,0x00,0x00,0x7f,0x00,0x40,0x3f,0x5f,0x20,0x40,0x3f,0x5f,
  0x20,0x40,0x3f,0xff,0x00,0x00,0x00,0xf0,0x00,0x10,0xe0,0xd0,0x20,0x10,0xe0,0xd0,
  0x20,0x10,0xe0,0xf8,0x00,0x80,0x7f,0xed,0x12,0x6c,0x13,0xd1,0x2e,0xbe,0x41,0xe3,
  0x00,0x00,0x00,0x00,0x00,0x08,0xf0,0xf8,0x00,0x10,0xe0,0xf8,0x00,0x08,0xf0,0xf8,
  0x00,0x00,0x00,0x00,0x00,0x00,0x00,0x7f,0x00,0x40,0x3f,0x5f,0x20,0x40,0x3f,0x5f,
  0x20,0x40,0x3f,0xf7,0x08,0x00,0x00,0xf0,0x00,0x10,0xe0,0xd0,0x20,0x10,0xe0,0xd0,
  0x20,0x10,0xe0,0x78,0x80,0xb5,0x48,0xd5,0x28,0x65,0x18,0xf7,0x08,0x80,0x7f,0xff,
  0x00,0x00,0x00,0x00,0x00,0x68,0x90,0x58,0xa0,0x30,0xc0,0x78,0x80,0x08,0xf0,0xf8,
  0x00,0x00,0x00,0x00,0x00,0x00,0x00,0x07,0x00,0xfd,0x02,0x8c,0x73,0xab,0x54,0xa0,
  0x5f,0xab,0x54,0x8b,0x74,0x00,0x00,0x00,0x00,0xe0,0x00,0x20,0xc0,0xb8,0x40,0x08,
  0xf0,0x68,0x90,0x68,0x90,0xa8,0x57,0xae,0x51,0xae,0x51,0x8d,0x72,0xf3,0x0c,0x1e,
  0x00,0x00,0x00,0x00,0x00,0x08,0xf0,0xb8,0x40,0xa8,0x50,0xa8,0x50,0x88,0x70,0xf8,
  0x00,0x00,0x00,0x00,0x00,0x00,0x00,0x3f,0x00,0x20,0x1f,0x2f,0x10,0x20,0x1f,0x6f,
  0x10,0x40,0x3f,0x5f,0x20,0x00,0x00,0xf0,0x00,0x10,0xe0,0xd0,0x20,0x10,0xe0,0xd8,
  0x20,0x08,0xf0,0xf8,0x00,0x40,0x3f,0x56,0x29,0x57,0x28,0xd5,0x2a,0xb3,0x4c,0xfe,
  0x00,0x00,0x00,0x00,0x00,0x08,0xf0,0xf8,0x00,0x50,0xa0,0xb8,0x40,0xc8,0x30,0x78,
  0x00,0x00,0x00,0x00,0x00,0x00,0x00,0x1d,0x00,0xf7,0x08,0x80,0x7f,0xda,0x25,0xea,
  0x15,0x80,0x7f,0xff,0x00,0x00,0x00,0xc0,0x00,0x78,0x80,0x08,0xf0,0xd8,0x20,0xb8,
  0x40,0x08,0xf0,0xf8,0x00,0x40,0x3f,0x5f,0x20,0x40,0x3f,0x5f,0x20,0x40,0x3f,0x7f,
  0x00,0x00,0x00,0x00,0x00,0x10,0xe0,0xd0,0x20,0x10,0xe0,0xd0,0x20,0x10,0xe0,0xf0,
  0x00,0x00,0x00,0x00,0x00,0x00,0x00,0x3f,0x00,0x20,0x1f,0x2f,0x10,0x20,0x1f,0x2f,
  0x10,0x20,0x1f,0xff,0x00,0x00,0x00,0xe0,0x00,0x20,0xc0,0xa0,0x40,0x20,0xc0,0xa0,
  0x40,0x20,0xc0,0xf8,0x00,0x82,0x7d,0xba,0x45,0x82,0x7d,0xba,0x45,0x82,0x7d,0xff,
  0x00,0x00,0x00,0x00,0x00,0x08,0xf0,0xe8,0x10,0x08,0xf0,0xe8,0x10,0x08,0xf0,0xf8,
  0x00,0x00,0x00,0x00,0x00,0x00,0x00,0x70,0x00,0x5f,0x20,0xc1,0x3e,0xb7,0x48,0xc1,
  0x3e,0xeb,0x14,0x9d,0x62,0x00,0x00,0x00,0x00,0xf8,0x00,0x08,0xf0,0x68,0x90,0x68,
  0x90,0x08,0xf0,0xf8,0x00,0xc0,0x3f,0x5f,0x20,0x40,0x3f,0x5f,0x20,0x40,0x3f,0x7f,
  0x00,0x00,0x00,0x00,0x00,0x10,0xe0,0xd0,0x20,0x10,0xe0,0xd0,0x20,0x10,0xe0,0xf0,
  0x00,0x00,0x00,0x00,0x00,0x00,0x00,0x01,0x00,0xff,0x00,0x88,0x77,0xad,0x52,0xae,
  0x51,0xa8,0x57,0x8f,0x70,0x00,0x00,0xc0,0x00,0x78,0x80,0x08,0xf0,0xd8,0x20,0xb8,
  0x40,0x08,0xf0,0xf8,0x00,0xac,0x53,0xad,0x52,0xac,0x53,0x8d,0x72,0xfc,0x03,0x07,
  0x00,0x00,0x00,0x00,0x00,0x10,0xe0,0xd0,0x20,0x10,0xe0,0xd0,0x20,0x10,0xe0,0xf0,
  0x00,0x00,0x00,0x00,0x00,0x00,0x00,0x7f,0x00,0x40,0x3f,0x5f,0x20,0x40,0x3f,0xdf,
  0x20,0x80,0x7f,0xf7,0x08,0x00,0x00,0xf0,0x00,0x10,0xe0,0xd0,0x20,0x10,0xe0,0xd8,
  0x20,0x08,0xf0,0x78,0x80,0x80,0x7f,0xed,0x12,0x95,0x6a,0xed,0x12,0x99,0x66,0xff,
  0x00,0x00,0x00,0x00,0x00,0x08,0xf0,0xb8,0x40,0x48,0xb0,0xb8,0x40,0xc8,0x30,0x78,
  0x00,0x00,0x00,0x00,0x00,0x00,0x00,0x07,0x00,0xfd,0x02,0x88,0x77,0xaf,0x50,0xa8,
  0x57,0xad,0x52,0x80,0x7f,0x00,0x00,0x70,0x00,0xd8,0x20,0x08,0xf0,0x78,0x80,0x08,
  0xf0,0xa8,0x50,0x08,0xf0,0xa8,0x57,0xa5,0x5a,0xa8,0x57,0x8e,0x71,0xf8,0x07,0x0f,
  0x00,0x00,0x00,0x00,0x00,0xb8,0x40,0x28,0xd0,0xa8,0x50,0xd8,0x20,0xa8,0x50,0xf8,
  0x00,0x00,0x00,0x00,0x00,0x00,0x00,0x1d,0x00,0x15,0x08,0xf7,0x08,0x80,0x7f,0xb7,
  0x48,0xb5,0x48,0xb7,0x48,0x00,0x00,0xc0,0x00,0x40,0x80,0x78,0x80,0x08,0xf0,0x68,
  0x90,0x68,0x90,0x68,0x90,0x80,0x7f,0xb7,0x48,0xb5,0x48,0xb7,0x48,0x80,0x7f,0xff,
  0x00,0x00,0x00,0x00,0x00,0x08,0xf0,0x68,0x90,0x68,0x90,0x68,0x90,0x08,0xf0,0xf8,
  0x00,0x00,0x00,0x00,0x00,0x00,0x00,0xff,0x00,0x80,0x7f,0xfd,0x02,0x40,0x3f,0x5d,
  0x22,0x40,0x3f,0x5d,0x22,0x00,0x00,0xf8,0x00,0x08,0xf0,0xf8,0x00,0x10,0xe0,0xd0,
  0x20,0x10,0xe0,0xd0,0x20,0x40,0x3f,0x5d,0x22,0x6d,0x12,0xf3,0x0c,0x8c,0x73,0xff,
  0x00,0x00,0x00,0x00,0x00,0x10,0xe0,0xf0,0x00,0x00,0x00,0xf8,0x00,0x08,0xf0,0xf8,
  0x00,0x00,0x00,0x00,0x00,0x00,0x00,0x1d,0x00,0x77,0x08,0x40,0x3f,0x5d,0x22,0x55,
  0x2a,0x40,0x3f,0x7f,0x00,0x00,0x00,0xc0,0x00,0x70,0x80,0x10,0xe0,0xd0,0x20,0x50,
  0xa0,0x10,0xe0,0xf0,0x00,0x20,0x1f,0x2f,0x10,0x20,0x1f,0x2f,0x10,0x20,0x1f,0x3f,
  0x00,0x00,0x00,0x00,0x00,0x20,0xc0,0xa0,0x40,0x20,0xc0,0xa0,0x40,0x20,0xc0,0xe0,
  0x00,0x00,0x00,0x00,0x00,0x00,0x00,0x38,0x00,0xef,0x10,0x82,0x7d,0xef,0x10,0x82,
  0x7d,0xd7,0x28,0xba,0x45,0x00,0x00,0xe0,0x00,0xb8,0x40,0x08,0xf0,0xb8,0x40,0x08,
  0xf0,0x58,0xa0,0xe8,0x10,0xc0,0x3f,0x5f,0x20,0x40,0x3f,0x5f,0x20,0x40,0x3f,0x7f,
  0x00,0x00,0x00,0x00,0x00,0x18,0xe0,0xd0,0x20,0x10,0xe0,0xd0,0x20,0x10,0xe0,0xf0,
  0x00,0x00,0x00,0x00,0x00,0x00,0x00,0x7f,0x00,0x40,0x3f,0x5f,0x20,0x40,0x3f,0xdf,
  0x20,0x80,0x7f,0xdb,0x24,0x00,0x00,0xf0,0x00,0x10,0xe0,0xd0,0x20,0x10,0xe0,0xd8,
  0x20,0x08,0xf0,0xf8,0x00,0x42,0x3d,0x5a,0x25,0xd1,0x2e,0x8b,0x74,0xfa,0x05,0x0f,
  0x00,0x00,0x00,0x00,0x00,0x08,0xf0,0xe8,0x10,0x58,0xa0,0xb8,0x40,0x48,0xb0,0xf8,
  0x00,0x00,0x00,0x00,0x00,0x00,0x00,0x3f,0x00,0x20,0x1f,0x2f,0x10,0x2f,0x10,0x20,
  0x1f,0x2f,0x10,0x2f,0x10,0x00,0x00,0xf0,0x00,0x10,0xe0,0xd0,0x20,0xd0,0x20,0x10,
  0xe0,0xd0,0x20,0xd0,0x20,0x20,0x1f,0x6f,0x10,0x58,0x20,0xd1,0x20,0xb1,0x40,0xe1,
  0x00,0x00,0x00,0x00,0x00,0x10,0xe0,0xd0,0x20,0x50,0x20,0xd0,0x20,0x10,0xe0,0xf0,
  0x00,0x00,0x00,0x00,0x00,0x00,0x00,0x0e,0x00,0xfb,0x04,0x80,0x7f,0xf7,0x08,0x2f,
  0x10,0x60,0x1f,0xcf,0x30,0x00,0x00,0x00,0x00,0xf8,0x00,0x08,0xf0,0xf8,0x00,0xf0,
  0x00,0x10,0xe0,0xd0,0x20,0xa0,0x5f,0xef,0x10,0x20,0x1f,0x2f,0x10,0x29,0x10,0x39,
  0x00,0x00,0x00,0x00,0x00,0x10,0xe0,0xd0,0x20,0x10,0xe0,0xd0,0x20,0x10,0xe0,0xf0,
  0x00,0x00,0x00,0x00,0x00,0x00,0x00,0x7f,0x00,0x43,0x3c,0x5b,0x24,0x5b,0x24,0x43,
  0x3c,0x5b,0x24,0x5b,0x24,0x00,0x00,0xf8,0x00,0x08,0xf0,0x68,0x90,0x68,0x90,0x08,
  0xf0,0x68,0x90,0x68,0x90,0x43,0x3c,0x5b,0x24,0x5b,0x24,0xdb,0x24,0xb2,0x4d,0xff,
  0x00,0x00,0x00,0x00,0x00,0x08,0xf0,0x68,0x90,0x68,0x90,0x68,0x90,0xc8,0x30,0xf8,
  0x00,0x00,0x00,0x00,0x00,0x00,0x00,0x7f,0x00,0x42,0x3d,0x5a,0x25,0x5a,0x25,0x42,
  0x3d,0x5a,0x25,0x5a,0x25,0x00,0x00,0xf8,0x00,0x08,0xf0,0xe8,0x10,0xe8,0x10,0x88,
  0x70,0xf8,0x00,0x08,0xf0,0x42,0x3d,0x5a,0x25,0x5a,0x25,0xda,0x25,0xb2,0x4d,0xff,
  0x00,0x00,0x00,0x00,0x00,0x68,0x90,0xa8,0x50,0xd8,0x20,0xa8,0x50,0x68,0x90,0xf8,
  0x00,0x00,0x00,0x00,0x00,0x00,0x00,0x3b,0x00,0xee,0x11,0x80,0x7f,0xde,0x21,0x5e,
  0x21,0x42,0x3d,0xfd,0x02,0x00,0x00,0xf8,0x00,0x08,0xf0,0xe8,0x10,0x08,0xf0,0xe8,
  0x10,0x08,0xf0,0xe8,0x10,0x80,0x7f,0xfd,0x02,0x40,0x3f,0xfd,0x02,0x80,0x7f,0xff,
  0x00,0x00,0x00,0x00,0x00,0x08,0xf0,0xf8,0x00,0x10,0xe0,0xf8,0x00,0x08,0xf0,0xf8,
  0x00,0x00,0x00,0x00,0x00,0x00,0x00,0x7f,0x00,0xdb,0x24,0x81,0x7e,0xdb,0x24,0x43,
  0x3c,0x5b,0x24,0x43,0x3c,0x00,0x00,0xf8,0x00,0x08,0xf0,0x68,0x90,0x68,0x90,0x08,
  0xf0,0x68,0x90,0x68,0x90,0xdb,0x24,0x81,0x7e,0xff,0x00,0xda,0x25,0xbd,0x42,0xe7,
  0x00,0x00,0x00,0x00,0x00,0x08,0xf0,0x68,0x90,0x68,0x90,0xe8,0x10,0xc8,0x30,0x78,
  0x00,0x00,0x00,0x00,0x00,0x00,0x00,0x07,0x00,0x05,0x02,0xfd,0x02,0x80,0x7f,0xf5,
  0x0a,0x15,0x0a,0x35,0x0a,0x00,0x00,0x00,0x00,0x00,0x00,0xf8,0x00,0x08,0xf0,0x78,
  0x80,0x40,0x80,0x60,0x80,0x2d,0x12,0x6d,0x12,0xdd,0x22,0xb5,0x42,0xe5,0x02,0x07,
  0x00,0x00,0x00,0x00,0x00,0xa0,0x40,0xb0,0x40,0xd8,0x20,0x68,0x10,0x38,0x00,0x00,
  0x00,0x00,0x00,0x00,0x00,0x00,0x00,0x07,0x00,0x05,0x02,0x7d,0x02,0x40,0x3f,0x7d,
  0x02,0xfd,0x02,0x80,0x7f,0x00,0x00,0x00,0x00,0x00,0x00,0xf0,0x00,0x10,0xe0,0xf0,
  0x00,0xf8,0x00,0x08,0xf0,0xf5,0x0a,0x35,0x0a,0xed,0x12,0x9d,0x62,0xf5,0x02,0x07,
  0x00,0x00,0x00,0x00,0x00,0x78,0x80,0x60,0x80,0xb8,0x40,0xc8,0x30,0x78,0x00,0x00,
  0x00,0x00,0x00,0x00,0x00,0x00,0x00,0x07,0x00,0x05,0x02,0xfd,0x02,0x80,0x7f,0xf5,
  0x0a,0x15,0x0a,0x35,0x0a,0x00,0x00,0x00,0x00,0x00,0x00,0xf8,0x00,0x08,0xf0,0x78,
  0x80,0x40,0x80,0x60,0x80,0x2d,0x12,0x6d,0x12,0xd0,0x2f,0xbd,0x42,0xe5,0x02,0x07,
  0x00,0x00,0x00,0x00,0x00,0xa0,0x40,0xb0,0x40,0x58,0xa0,0xe8,0x10,0x38,0x00,0x00,
  0x00,0x00,0x00,0x00,0x00,0x00,0x00,0x07,0x00,0x05,0x02,0x05,0x02,0xfd,0x02,0x80,
  0x7f,0xf5,0x0a,0x35,0x0a,0x00,0x00,0xe0,0x00,0xb0,0x40,0xd0,0x20,0xf8,0x00,0x08,
  0xf0,0x78,0x80,0x60,0x80,0x2d,0x12,0x6d,0x12,0xdd,0x22,0xb5,0x42,0xe5,0x02,0x07,
  0x00,0x00,0x00,0x00,0x00,0xa0,0x40,0xb0,0x40,0xd8,0x20,0x68,0x10,0x38,0x00,0x00,
  0x00,0x00,0x00,0x00,0x00,0x00,0x00,0x3f,0x00,0x2c,0x13,0xed,0x12,0x85,0x7a,0xed,
  0x12,0x6d,0x12,0x4d,0x32,0x00,0x00,0xe0,0x00,0x20,0xc0,0xa0,0x40,0xa0,0x40,0xa0,
  0x40,0xa0,0x40,0xa0,0x40,0xc5,0x3a,0xad,0x52,0xed,0x12,0x2d,0x12,0x2b,0x14,0x3e,
  0x00,0x00,0x00,0x00,0x00,0xa0,0x40,0xb8,0x40,0xa8,0x50,0xa8,0x50,0x88,0x70,0xf8,
  0x00,0x00,0x00,0x00,0x00,0x00,0x00,0x38,0x00,0x28,0x10,0xef,0x10,0x82,0x7d,0xef,
  0x10,0x6f,0x10,0x46,0x39,0x00,0x00,0x70,0x00,0x50,0x20,0xd8,0x20,0x08,0xf0,0xd8,
  0x20,0xd0,0x20,0xd0,0x20,0xcb,0x34,0xaf,0x50,0xe9,0x10,0x29,0x10,0x29,0x10,0x39,
  0x00,0x00,0x00,0x00,0x00,0x50,0xa0,0x50,0xa0,0xd0,0x20,0xd0,0x20,0x10,0xe0,0xf0,
  0x00,0x00,0x00,0x00,0x00,0x00,0x00,0x38,0x00,0x28,0x10,0xef,0x10,0x84,0x7b,0xef,
  0x10,0x6d,0x12,0x4d,0x32,0x00,0x00,0xe0,0x00,0xa0,0x40,0xb8,0x40,0x08,0xf0,0xb8,
  0x40,0xa0,0x40,0xa0,0x40,0xc6,0x39,0xae,0x51,0xeb,0x10,0x2e,0x11,0x29,0x16,0x3f,
  0x00,0x00,0x00,0x00,0x00,0xa0,0x40,0xa0,0x40,0x60,0x80,0xb8,0x40,0xc8,0x30,0x78,
  0x00,0x00,0x00,0x00,0x00,0x00,0x00,0x07,0x00,0xfd,0x02,0x80,0x7f,0xfd,0x02,0x40,
  0x3f,0x5d,0x22,0x5d,0x22,0x00,0x00,0x00,0x00,0xf8,0x00,0x08,0xf0,0xf8,0x00,0x10,
  0xe0,0xd0,0x20,0xd0,0x20,0x40,0x3f,0x75,0x0a,0xed,0x12,0x9d,0x62,0xf5,0x02,0x07,
  0x00,0x00,0x00,0x00,0x00,0x10,0xe0,0x70,0x80,0xb8,0x40,0xc8,0x30,0x78,0x00,0x00,
  0x00,0x00,0x00,0x00,0x00,0x00,0x00,0x1c,0x00,0x17,0x08,0x30,0x0f,0xef,0x10,0x97,
  0x68,0xf8,0x07,0x87,0x78,0x00,0x00,0x00,0x00,0xe0,0x00,0x20,0xc0,0xa0,0x40,0x60,
  0x80,0xf8,0x00,0x08,0xf0,0xfd,0x02,0x40,0x3f,0x7d,0x02,0xed,0x12,0x99,0x66,0xff,
  0x00,0x00,0x00,0x00,0x00,0xf8,0x00,0x10,0xe0,0xf0,0x00,0xb8,0x40,0xc8,0x30,0x78,
  0x00,0x00,0x00,0x00,0x00,0x00,0x00,0x07,0x00,0x7d,0x02,0x40,0x3f,0x7d,0x02,0x2d,
  0x12,0xf5,0x0a,0x80,0x7f,0x00,0x00,0x00,0x00,0xf0,0x00,0x10,0xe0,0xf0,0x00,0xa0,
  0x40,0x78,0x80,0x08,0xf0,0xf8,0x07,0x35,0x0a,0xed,0x12,0x9d,0x62,0xf5,0x02,0x07,
  0x00,0x00,0x00,0x00,0x00,0xf8,0x00,0x60,0x80,0xb8,0x40,0xc8,0x30,0x78,0x00,0x00,
  0x00,0x00,0x00,0x00,0x00,0x00,0x00,0x3b,0x00,0x2a,0x11,0xee,0x11,0x85,0x7a,0xed,
  0x12,0x6b,0x14,0x4e,0x31,0x00,0x00,0xe0,0x00,0xa0,0x40,0xb0,0x40,0xd0,0x20,0x58,
  0x20,0xe8,0x10,0xb8,0x00,0xc6,0x39,0xad,0x52,0xed,0x12,0x2b,0x14,0x28,0x17,0x3f,
  0x00,0x00,0x00,0x00,0x00,0xf0,0x00,0xd0,0x20,0xd8,0x20,0x28,0xd0,0xe8,0x10,0xb8,
  0x00,0x00,0x00,0x00,0x00,0x00,0x00,0x38,0x00,0x2f,0x10,0xec,0x13,0x85,0x7a,0xed,
  0x12,0x6c,0x13,0x4d,0x32,0x00,0x00,0x78,0x00,0xc8,0x30,0x38,0xc0,0xe0,0x00,0xf8,
  0x00,0x08,0xf0,0xe8,0x10,0xc4,0x3b,0xad,0x52,0xed,0x12,0x2d,0x12,0x2a,0x15,0x3f,
  0x00,0x00,0x00,0x00,0x00,0xe8,0x10,0x58,0xa0,0xb0,0x40,0x58,0xa0,0xe8,0x10,0xb8,
  0x00,0x00,0x00,0x00,0x00,0x00,0x00,0x3f,0x00,0x28,0x17,0xed,0x12,0x85,0x7a,0xed,
  0x12,0x6d,0x12,0x4d,0x32,0x00,0x00,0xf0,0x00,0x10,0xe0,0xd0,0x20,0xd0,0x20,0xb8,
  0x40,0x88,0x70,0xe8,0x10,0xc4,0x3b,0xad,0x52,0xed,0x12,0x2d,0x12,0x2a,0x15,0x3f,
  0x00,0x00,0x00,0x00,0x00,0xe8,0x10,0x58,0xa0,0xb0,0x40,0x58,0xa0,0xe8,0x10,0xb8,
  0x00,0x00,0x00,0x00,0x00,0x00,0x00,0x39,0x00,0x29,0x10,0xef,0x10,0x80,0x7f,0xef,
  0x10,0x6b,0x10,0x4e,0x31,0x00,0x00,0xc0,0x00,0x40,0x80,0x78,0x80,0x08,0xf0,0x78,
  0x80,0x60,0x80,0x30,0xc0,0xc5,0x3a,0xab,0x54,0xef,0x10,0x29,0x10,0x29,0x10,0x39,
  0x00,0x00,0x00,0x00,0x00,0x58,0xa0,0x68,0x90,0x78,0x80,0x40,0x80,0x40,0x80,0xc0,
  0x00,0x00,0x00,0x00,0x00,0x00,0x00,0x3b,0x00,0x2a,0x11,0xee,0x11,0x86,0x79,0xed,
  0x12,0x6a,0x15,0x4e,0x31,0x00,0x00,0x80,0x00,0x80,0x00,0xf8,0x00,0x08,0xf0,0xd8,
  0x20,0xd0,0x20,0xd0,0x20,0xc6,0x39,0xae,0x51,0xeb,0x10,0x2e,0x11,0x29,0x16,0x3f,
  0x00,0x00,0x00,0x00,0x00,0xb0,0x40,0xa0,0x40,0x60,0x80,0xb8,0x40,0xc8,0x30,0x78,
  0x00,0x00,0x00,0x00,0x00,0x00,0x00,0x7f,0x00,0x40,0x3f,0x5d,0x22,0x40,0x3f,0x5d,
  0x22,0x40,0x3f,0xfd,0x02,0x00,0x00,0xf0,0x00,0x10,0xe0,0xd0,0x20,0x10,0xe0,0xd0,
  0x20,0x10,0xe0,0xf8,0x00,0x80,0x7f,0xf5,0x0a,0xed,0x12,0x9d,0x62,0xf5,0x02,0x07,
  0x00,0x00,0x00,0x00,0x00,0x08,0xf0,0x78,0x80,0xb8,0x40,0xc8,0x30,0x78,0x00,0x00,
  0x00,0x00,0x00,0x00,0x00,0x00,0x00,0x38,0x00,0xef,0x10,0x82,0x7d,0xea,0x15,0xda,
  0x25,0xb2,0x4d,0xff,0x00,0x00,0x00,0x00,0x00,0xf8,0x00,0x08,0xf0,0xe8,0x10,0xe8,
  0x10,0x08,0xf0,0xf8,0x00,0xfd,0x02,0x80,0x7f,0xf5,0x0a,0xed,0x12,0x9d,0x62,0xf7,
  0x00,0x00,0x00,0x00,0x00,0xf8,0x00,0x08,0xf0,0x78,0x80,0xb8,0x40,0xc8,0x30,0x78,
  0x00,0x00,0x00,0x00,0x00,0x00,0x00,0x3f,0x00,0x28,0x17,0xef,0x10,0x87,0x78,0xe8,
  0x17,0x6b,0x14,0x4b,0x34,0x00,0x00,0xf8,0x00,0x08,0xf0,0x78,0x80,0x78,0x80,0x08,
  0xf0,0x68,0x90,0x68,0x90,0xc2,0x3d,0xa9,0x56,0xeb,0x14,0x2a,0x14,0x2a,0x14,0x3e,
  0x00,0x00,0x00,0x00,0x00,0xa8,0x50,0xc8,0x30,0x68,0x10,0x68,0x10,0x48,0x30,0x78,
  0x00,0x00,0x00,0x00,0x00,0x00,0x00,0x38,0x00,0xef,0x10,0x80,0x7f,0xef,0x10,0x20,
  0x1f,0x2f,0x10,0x20,0x1f,0x00,0x00,0xe0,0x00,0xb8,0x40,0x08,0xf0,0xb8,0x40,0x20,
  0xc0,0xa0,0x40,0x20,0xc0,0xfd,0x02,0x80,0x7f,0xf5,0x0a,0xed,0x12,0x9d,0x62,0xf7,
  0x00,0x00,0x00,0x00,0x00,0xf8,0x00,0x08,0xf0,0x78,0x80,0xb8,0x40,0xc8,0x30,0x78,
  0x00,0x00,0x00,0x00,0x00,0x00,0x00,0x07,0x00,0xfd,0x02,0x80,0x7f,0xf5,0x0a,0xed,
  0x12,0x80,0x7f,0xef,0x10,0x00,0x00,0x00,0x00,0xf8,0x00,0x08,0xf0,0x78,0x80,0xb8,
  0x40,0x08,0xf0,0xb8,0x40,0x20,0x1f,0x2f,0x10,0x20,0x1f,0xff,0x00,0x80,0x7f,0xff,
  0x00,0x00,0x00,0x00,0x00,0x20,0xc0,0xa0,0x40,0x20,0xc0,0xf8,0x00,0x08,0xf0,0xf8,
  0x00,0x00,0x00,0x00,0x00,0x00,0x00,0x3f,0x00,0x2c,0x13,0xef,0x10,0x87,0x78,0xe8,
  0x17,0x6f,0x10,0x4f,0x30,0x00,0x00,0xf0,0x00,0x10,0xe0,0xf0,0x00,0xf8,0x00,0x08,
  0xf0,0x78,0x80,0x70,0x80,0xc5,0x3a,0xad,0x52,0xed,0x12,0x2b,0x14,0x2e,0x11,0x3b,
  0x00,0x00,0x00,0x00,0x00,0x58,0xa0,0x68,0x90,0x68,0x90,0x68,0x90,0x78,0x80,0xc0,
  0x00,0x00,0x00,0x00,0x00,0x00,0x00,0x38,0x00,0x2f,0x10,0xe8,0x17,0x86,0x79,0xea,
  0x15,0x6a,0x15,0x4d,0x32,0x00,0x00,0x70,0x00,0xd0,0x20,0xd8,0x20,0x08,0xf0,0xd8,
  0x20,0xd0,0x20,0x50,0xa0,0xc5,0x3a,0xaa,0x55,0xea,0x15,0x27,0x18,0x2c,0x10,0x38,
  0x00,0x00,0x00,0x00,0x00,0x90,0x60,0xd0,0x20,0xd0,0x20,0xd0,0x20,0x90,0x60,0xf0,
  0x00,0x00,0x00,0x00,0x00,0x00,0x00,0x3f,0x00,0x2d,0x12,0xee,0x11,0x80,0x7f,0xef,
  0x10,0x6f,0x10,0x4c,0x33,0x00,0x00,0x70,0x00,0xd0,0x20,0xb8,0x40,0x08,0xf0,0x78,
  0x80,0x70,0x80,0x10,0xe0,0xc7,0x38,0xaf,0x50,0xe8,0x17,0x2f,0x10,0x29,0x10,0x39,
  0x00,0x00,0x00,0x00,0x00,0x70,0x80,0x78,0x80,0x08,0xf0,0x78,0x80,0x40,0x80,0xc0,
  0x00,0x00,0x00,0x00,0x00,0x00,0x00,0x3f,0x00,0x2c,0x13,0xed,0x12,0x84,0x7b,0xed,
  0x12,0x6d,0x12,0x4c,0x33,0x00,0x00,0xf8,0x00,0x08,0xf0,0xe8,0x10,0x08,0xf0,0xe8,
  0x10,0xe8,0x10,0x08,0xf0,0xc5,0x3a,0xad,0x52,0xed,0x12,0x2d,0x12,0x2c,0x13,0x3f,
  0x00,0x00,0x00,0x00,0x00,0xb8,0x40,0xa8,0x50,0xd8,0x20,0x58,0xa0,0xe8,0x10,0xb8,
  0x00,0x00,0x00,0x00,0x00,0x00,0x00,0x3b,0x00,0x2a,0x11,0xee,0x11,0x85,0x7a,0xea,
  0x15,0x6f,0x10,0x4e,0x31,0x00,0x00,0x80,0x00,0xf0,0x00,0x10,0xe0,0xd0,0x20,0xb0,
  0x40,0x60,0x80,0xb8,0x40,0xc9,0x36,0xa4,0x5b,0xed,0x12,0x2d,0x12,0x2c,0x13,0x3f,
  0x00,0x00,0x00,0x00,0x00,0xc8,0x30,0x18,0xe0,0xd0,0x20,0xd0,0x20,0x10,0xe0,0xf0,
  0x00,0x00,0x00,0x00,0x00,0x00,0x00,0x3f,0x00,0x20,0x1f,0x37,0x08,0xf8,0x07,0x82,
  0x7d,0xda,0x25,0xe7,0x18,0x00,0x00,0xe0,0x00,0x20,0xc0,0x60,0x80,0xf8,0x00,0x08,
  0xf0,0xd8,0x20,0x38,0xc0,0x9a,0x65,0xfd,0x02,0x80,0x7f,0xed,0x12,0x9d,0x62,0xf7,
  0x00,0x00,0x00,0x00,0x00,0xc8,0x30,0xf8,0x00,0x08,0xf0,0xb8,0x40,0xc8,0x30,0x78,
  0x00,0x00,0x00,0x00,0x00,0x00,0x00,0x38,0x00,0x2f,0x10,0xec,0x13,0x85,0x7a,0xed,
  0x12,0x6d,0x12,0x4c,0x33,0x00,0x00,0xe0,0x00,0xb8,0x40,0x08,0xf0,0xf8,0x00,0xa0,
  0x40,0xb8,0x40,0x08,0xf0,0xc5,0x3a,0xad,0x52,0xed,0x12,0x2d,0x12,0x2a,0x15,0x3f,
  0x00,0x00,0x00,0x00,0x00,0xb8,0x40,0xa0,0x40,0xa0,0x40,0xb8,0x40,0x08,0xf0,0xf8,
  0x00,0x00,0x00,0x00,0x00,0x00,0x00,0x3b,0x00,0x2e,0x11,0xed,0x12,0x80,0x7f,0xed,
  0x12,0x6d,0x12,0x43,0x3c,0x00,0x00,0xf0,0x00,0xd0,0x20,0xd8,0x20,0x08,0xf0,0xb8,
  0x40,0xa8,0x50,0xc8,0x30,0xce,0x31,0xa9,0x56,0xad,0x52,0xee,0x11,0x29,0x16,0x3f,
  0x00,0x00,0x00,0x00,0x00,0x18,0xe0,0xd0,0x20,0xb0,0x40,0x38,0xc0,0xc8,0x30,0x78,
  0x00,0x00,0x00,0x00,0x00,0x00,0x00,0x39,0x00,0x2b,0x10,0xee,0x11,0x85,0x7a,0xeb,
  0x14,0x6c,0x13,0x4f,0x30,0x00,0x00,0xc0,0x00,0x60,0x80,0xb0,0x40,0xd8,0x20,0xe8,
  0x10,0x18,0xe0,0xf8,0x00,0xca,0x35,0xa5,0x5a,0xed,0x12,0x2f,0x10,0x28,0x17,0x3f,
  0x00,0x00,0x00,0x00,0x00,0xe8,0x10,0x58,0xa0,0x50,0xa0,0xb8,0x40,0x08,0xf0,0xf8,
  0x00,0x00,0x00,0x00,0x00,0x00,0x00,0x07,0x00,0xfd,0x02,0x80,0x7f,0xf5,0x0a,0xed,
  0x12,0x9d,0x62,0xef,0x10,0x00,0x00,0x00,0x00,0xf8,0x00,0x08,0xf0,0x78,0x80,0xb8,
  0x40,0xc8,0x30,0xb8,0x40,0x82,0x7d,0xef,0x10,0xc7,0x38,0xaa,0x55,0xef,0x10,0x38,
  0x00,0x00,0x00,0x00,0x00,0x08,0xf0,0xb8,0x40,0x18,0xe0,0xa8,0x50,0xb8,0x40,0xe0,
  0x00,0x00,0x00,0x00,0x00,0x00,0x00,0x3f,0x00,0x28,0x17,0xeb,0x14,0x80,0x7f,0xeb,
  0x14,0x68,0x17,0x47,0x38,0x00,0x00,0xf8,0x00,0x08,0xf0,0x68,0x90,0x08,0xf0,0x68,
  0x90,0x08,0xf0,0x78,0x80,0xc8,0x37,0xae,0x51,0xed,0x12,0x2b,0x14,0x2f,0x10,0x39,
  0x00,0x00,0x00,0x00,0x00,0x08,0xf0,0x38,0xc0,0x58,0xa0,0x68,0x90,0x78,0x80,0xc0,
  0x00,0x00,0x00,0x00,0x00,0x00,0x00,0x38,0x00,0xef,0x10,0x82,0x7d,0xc7,0x38,0xaa,
  0x55,0xef,0x10,0x80,0x7f,0x00,0x00,0xe0,0x00,0xb8,0x40,0x08,0xf0,0x18,0xe0,0xa8,
  0x50,0xb8,0x40,0x08,0xf0,0xfd,0x02,0x2d,0x12,0x6c,0x13,0xd1,0x2e,0xbe,0x41,0xe3,
  0x00,0x00,0x00,0x00,0x00,0xe8,0x10,0xf8,0x00,0x10,0xe0,0xf8,0x00,0x08,0xf0,0xf8,
  0x00,0x00,0x00,0x00,0x00,0x00,0x00,0x3f,0x00,0x2b,0x14,0xed,0x12,0x80,0x7f,0xee,
  0x11,0x6d,0x12,0x4b,0x34,0x00,0x00,0xf8,0x00,0x68,0x90,0x58,0xa0,0x08,0xf0,0x38,
  0xc0,0x58,0xa0,0x68,0x90,0xc6,0x39,0xa8,0x57,0xee,0x11,0x2e,0x11,0x29,0x16,0x3f,
  0x00,0x00,0x00,0x00,0x00,0xf8,0x00,0x08,0xf0,0xd8,0x20,0x38,0xc0,0xc8,0x30,0x78,
  0x00,0x00,0x00,0x00,0x00,0x00,0x00,0x3b,0x00,0x2e,0x11,0xe8,0x17,0x86,0x79,0xec,
  0x13,0x6d,0x12,0x4c,0x33,0x00,0x00,0xe0,0x00,0xb8,0x40,0x08,0xf0,0xb8,0x40,0x10,
  0xe0,0xd0,0x20,0x10,0xe0,0xc5,0x3a,0xa8,0x57,0xef,0x10,0x2e,0x11,0x29,0x16,0x3f,
  0x00,0x00,0x00,0x00,0x00,0xd8,0x20,0x08,0xf0,0x78,0x80,0xb8,0x40,0xc8,0x30,0x78,
  0x00,0x00,0x00,0x00,0x00,0x00,0x00,0x3b,0x00,0x2e,0x11,0xec,0x13,0x86,0x79,0xe8,
  0x17,0x6f,0x10,0x4c,0x33,0x00,0x00,0xe0,0x00,0xb0,0x40,0x10,0xe0,0xb8,0x40,0x08,
  0xf0,0x78,0x80,0x10,0xe0,0xc5,0x3a,0xac,0x53,0xed,0x12,0x2c,0x13,0x29,0x16,0x3f,
  0x00,0x00,0x00,0x00,0x00,0x50,0xa0,0x10,0xe0,0x50,0xa0,0x18,0xe0,0xc8,0x30,0x78,
  0x00,0x00,0x00,0x00,0x00,0x00,0x00,0xe7,0x00,0xb5,0x42,0xd5,0x22,0x5c,0x23,0x7b,
  0x04,0x17,0x08,0x7d,0x00,0x00,0x00,0x00,0x00,0x00,0x00,0xf8,0x00,0x08,0xf0,0xe8,
  0x10,0x58,0xa0,0x70,0x80,0x53,0x20,0x52,0x21,0xd6,0x21,0xbd,0x42,0xb3,0x4c,0xfe,
  0x00,0x00,0x00,0x00,0x00,0x60,0x80,0xa0,0x40,0xb0,0x40,0xd8,0x20,0x68,0x10,0x38,
  0x00,0x00,0x00,0x00,0x00,0x00,0x00,0x07,0x00,0xfd,0x02,0x85,0x7a,0xf4,0x0b,0xb5,
  0x4a,0xd3,0x2c,0x57,0x28,0x00,0x00,0x00,0x00,0x00,0x00,0xf8,0x00,0x08,0xf0,0xe8,
  0x10,0x58,0xa0,0x70,0x80,0x6f,0x10,0x6e,0x11,0x56,0x29,0xd5,0x2a,0xbb,0x44,0xee,
  0x00,0x00,0x00,0x00,0x00,0x60,0x80,0xa0,0x40,0xb0,0x40,0xd8,0x20,0x68,0x10,0x38,
  0x00,0x00,0x00,0x00,0x00,0x00,0x00,0x7f,0x00,0xdb,0x24,0x81,0x7e,0xdb,0x24,0x42,
  0x3d,0x5a,0x25,0x43,0x3c,0x00,0x00,0xc0,0x00,0x40,0x80,0x78,0x80,0x08,0xf0,0xe8,
  0x10,0xa8,0x50,0xb8,0x40,0xdb,0x24,0x81,0x7e,0xff,0x00,0xdb,0x24,0xbc,0x43,0xe7,
  0x00,0x00,0x00,0x00,0x00,0xa0,0x40,0xb0,0x40,0x50,0xa0,0x58,0xa0,0xe8,0x10,0xb8,
  0x00,0x00,0x00,0x00,0x00,0x00,0x00,0x7f,0x00,0xdb,0x24,0x81,0x7e,0xd7,0x28,0x80,
  0x7f,0xd5,0x2a,0x80,0x7f,0x00,0x00,0xc0,0x00,0x40,0x80,0x78,0x80,0x08,0xf0,0xe8,
  0x10,0xa8,0x50,0xb8,0x40,0xd5,0x2a,0x81,0x7e,0xd7,0x28,0x93,0x6c,0xd4,0x2b,0x7f,
  0x00,0x00,0x00,0x00,0x00,0xa0,0x40,0xb0,0x40,0x50,0xa0,0x58,0xa0,0xe8,0x10,0xb8,
  0x00,0x00,0x00,0x00,0x00,0x00,0x00,0x07,0x00,0x05,0x02,0x05,0x02,0x3d,0x02,0x2d,
  0x12,0x2c,0x13,0x2d,0x12,0x00,0x00,0x00,0x00,0x00,0x00,0x00,0x00,0x00,0x00,0xf0,
  0x00,0x10,0xe0,0xf0,0x00,0x2d,0x12,0x2d,0x12,0x2d,0x12,0xed,0x12,0x80,0x7f,0xff,
  0x00,0x00,0x00,0x00,0x00,0x00,0x00,0x00,0x00,0x00,0x00,0xf8,0x00,0x08,0xf0,0xf8,
  0x00,0x00,0x00,0x00,0x00,0x00,0x00,0xff,0x00,0x80,0x7f,0xfd,0x02,0x05,0x02,0x3d,
  0x02,0x2d,0x12,0x2c,0x13,0x00,0x00,0xf8,0x00,0x08,0xf0,0xf8,0x00,0x00,0x00,0x00,
  0x00,0xf0,0x00,0x10,0xe0,0x2d,0x12,0x2d,0x12,0x2d,0x12,0xed,0x12,0x80,0x7f,0xff,
  0x00,0x00,0x00,0x00,0x00,0xf0,0x00,0x00,0x00,0x00,0x00,0xf8,0x00,0x08,0xf0,0xf8,
  0x00,0x00,0x00,0x00,0x00,0x00,0x00,0x1d,0x00,0x15,0x08,0x15,0x08,0x75,0x08,0x57,
  0x28,0x51,0x2e,0x57,0x28,0x00,0x00,0xc0,0x00,0x40,0x80,0x78,0x80,0x68,0x90,0x58,
  0xa0,0x30,0xc0,0x60,0x80,0x55,0x28,0x55,0x28,0x57,0x28,0xd1,0x2e,0x8f,0x70,0xf8,
  0x00,0x00,0x00,0x00,0x00,0x40,0x80,0x78,0x80,0x68,0x90,0x68,0x90,0x88,0x70,0xf8,
  0x00,0x00,0x00,0x00,0x00,0x00,0x00,0x07,0x00,0x3d,0x02,0x2c,0x13,0x2d,0x12,0xed,
  0x12,0x80,0x7f,0xfd,0x02,0x00,0x00,0x00,0x00,0xf0,0x00,0x10,0xe0,0xf0,0x00,0xf8,
  0x00,0x08,0xf0,0xf8,0x00,0xed,0x12,0x9d,0x62,0xf7,0x00,0x7c,0x03,0x43,0x3c,0x7e,
  0x00,0x00,0x00,0x00,0x00,0xd0,0x20,0xb0,0x40,0x60,0x80,0xc0,0x00,0x80,0x00,0x00,
  0x00,0x00,0x00,0x00,0x00,0x00,0x00,0x7f,0x00,0x41,0x3e,0xff,0x00,0x80,0x7f,0xff,
  0x00,0x75,0x08,0x57,0x28,0x00,0x00,0xf0,0x00,0x58,0xa0,0x68,0x90,0x08,0xf0,0x78,
  0x80,0x40,0x80,0x40,0x80,0x51,0x2e,0x57,0x28,0x57,0x28,0xd1,0x2e,0x8f,0x70,0xf8,
  0x00,0x00,0x00,0x00,0x00,0x60,0x80,0xb8,0x40,0xa8,0x50,0xc8,0x30,0x68,0x10,0x38,
  0x00,0x00,0x00,0x00,0x00,0x00,0x00,0xff,0x00,0x80,0x7f,0xee,0x11,0x2e,0x11,0x62,
  0x1d,0x5a,0x25,0xda,0x25,0x00,0x00,0xf8,0x00,0x08,0xf0,0xf8,0x00,0xb8,0x00,0xe8,
  0x10,0xd8,0x20,0x30,0xc0,0xaa,0x55,0xf6,0x09,0x36,0x09,0xee,0x11,0x9b,0x60,0xf1,
  0x00,0x00,0x00,0x00,0x00,0xe0,0x00,0xb8,0x00,0xa8,0x10,0xe8,0x10,0x08,0xf0,0xf8,
  0x00,0x00,0x00,0x00,0x00,0x00,0x00,0xfd,0x00,0x85,0x78,0xdd,0x20,0x5f,0x20,0xc4,
  0x3b,0xb7,0x48,0xb7,0x48,0x00,0x00,0xf0,0x00,0x58,0xa0,0x68,0x90,0x08,0xf0,0x78,
  0x80,0x78,0x80,0x08,0xf0,0xd4,0x2b,0x6f,0x10,0x69,0x10,0xdf,0x20,0xb8,0x47,0xef,
  0x00,0x00,0x00,0x00,0x00,0x78,0x80,0x68,0x90,0x98,0x60,0x28,0xd0,0xc8,0x30,0xf8,
  0x00,0x00,0x00,0x00,0x00,0x00,0x00,0x1f,0x00,0x73,0x0c,0x4f,0x30,0x5f,0x20,0x43,
  0x3c,0x5c,0x23,0x43,0x3c,0x00,0x00,0xf0,0x00,0x10,0xe0,0x50,0xa0,0x50,0xa0,0x58,
  0xa0,0xc8,0x30,0xf8,0x00,0x5e,0x21,0xde,0x21,0x83,0x7c,0xdf,0x20,0x54,0x23,0x77,
  0x00,0x00,0x00,0x00,0x00,0x08,0xf0,0xe8,0x10,0x58,0xa0,0xb8,0x40,0x48,0xb0,0xf8,
  0x00,0x00,0x00,0x00,0x00,0x00,0x00,0xff,0x00,0x81,0x7e,0xbd,0x42,0x81,0x7e,0xbf,
  0x40,0xaa,0x55,0x81,0x7e,0x00,0x00,0xf0,0x00,0x10,0xe0,0x50,0xa0,0x50,0xa0,0x58,
  0xa0,0xc8,0x30,0xf8,0x00,0xaa,0x55,0x80,0x7f,0xbf,0x40,0xab,0x54,0xdc,0x23,0x77,
  0x00,0x00,0x00,0x00,0x00,0x08,0xf0,0xe8,0x10,0x58,0xa0,0xb8,0x40,0x48,0xb0,0xf8,
  0x00,0x00,0x00,0x00,0x00,0x00,0x00,0x73,0x00,0xde,0x21,0xb2,0x4d,0xba,0x45,0x92,
  0x6d,0xb9,0x46,0x83,0x7c,0x00,0x00,0xf0,0x00,0x10,0xe0,0xd0,0x20,0xd0,0x20,0xd8,
  0x20,0xc8,0x30,0xf8,0x00,0xfc,0x03,0x82,0x7d,0xee,0x11,0xe3,0x1c,0x9c,0x63,0xf7,
  0x00,0x00,0x00,0x00,0x00,0x08,0xf0,0xe8,0x10,0xd8,0x20,0x38,0xc0,0xc8,0x30,0xf8,
  0x00,0x00,0x00,0x00,0x00,0x00,0x00,0x38,0x00,0x2f,0x10,0x60,0x1f,0xdf,0x20,0xa0,
  0x5f,0xed,0x12,0xee,0x11,0x00,0x00,0x00,0x00,0xf8,0x00,0x08,0xf0,0xf8,0x00,0x10,
  0xe0,0xd0,0x20,0xd8,0x20,0x80,0x7f,0xdd,0x22,0x5e,0x21,0x40,0x3f,0x7f,0x00,0x00,
  0x00,0x00,0x00,0x00,0x00,0x08,0xf0,0xd8,0x20,0xd8,0x20,0x08,0xf0,0xd8,0x20,0x70,
  0x00,0x00,0x00,0x00,0x00,0x00,0x00,0xe3,0x00,0xa2,0x41,0xa2,0x41,0xa2,0x41,0xbe,
  0x41,0x82,0x7d,0xbe,0x41,0x00,0x00,0x80,0x00,0x80,0x00,0xb8,0x00,0xe8,0x10,0xd8,
  0x20,0x30,0xc0,0xe0,0x00,0xa2,0x41,0xa2,0x41,0xbe,0x41,0xb2,0x4d,0x8f,0x70,0xf9,
  0x00,0x00,0x00,0x00,0x00,0x80,0x00,0xb8,0x00,0xa8,0x10,0xe8,0x10,0x08,0xf0,0xf8,
  0x00,0x00,0x00,0x00,0x00,0x00,0x00,0x07,0x00,0xfd,0x02,0x80,0x7f,0xef,0x10,0x20,
  0x1f,0xff,0x00,0x80,0x7f,0x00,0x00,0x00,0x00,0xf8,0x00,0x08,0xf0,0xb8,0x40,0x20,
  0xc0,0xf8,0x00,0x08,0xf0,0xbc,0x43,0xc3,0x3c,0xf8,0x07,0x83,0x7c,0xfc,0x03,0x07,
  0x00,0x00,0x00,0x00,0x00,0x68,0x90,0xf8,0x00,0x18,0xe0,0xe8,0x10,0x08,0xf0,0xf8,
  0x00,0x00,0x00,0x00,0x00,0x00,0x00,0x03,0x00,0xfe,0x01,0x81,0x7e,0xbd,0x42,0xa5,
  0x42,0xbd,0x42,0x80,0x7f,0x00,0x00,0xf0,0x00,0x10,0xe0,0xf0,0x00,0x00,0x00,0x00,
  0x00,0xf8,0x00,0x08,0xf0,0xbe,0x41,0xa2,0x41,0xbf,0x40,0xb3,0x4c,0x8e,0x70,0xf8,
  0x00,0x00,0x00,0x00,0x00,0xf8,0x00,0xf8,0x00,0x68,0x90,0xa8,0x50,0xc8,0x30,0x78,
  0x00,0x00,0x00,0x00,0x00,0x00,0x00,0xff,0x00,0x80,0x7f,0xbf,0x40,0xbf,0x40,0x80,
  0x7f,0xbd,0x42,0xbd,0x42,0x00,0x00,0xf0,0x00,0x10,0xe0,0xd0,0x20,0xd0,0x20,0x10,
  0xe0,0xf0,0x00,0xf8,0x00,0x80,0x7f,0xbe,0x41,0xbf,0x40,0xb3,0x4c,0x8e,0x70,0xf8,
  0x00,0x00,0x00,0x00,0x00,0x08,0xf0,0xf8,0x00,0x78,0x80,0xa8,0x50,0xc8,0x30,0x78,
  0x00,0x00,0x00,0x00,0x00,0x00,0x00,0x70,0x00,0x5f,0x20,0xc0,0x3f,0xbf,0x40,0xc0,
  0x3f,0xff,0x00,0x80,0x7f,0x00,0x00,0x00,0x00,0xf0,0x00,0x10,0xe0,0xf0,0x00,0x20,
  0xc0,0xe0,0x00,0x20,0xc0,0xff,0x00,0x00,0x00,0x00,0x00,0x00,0x00,0x00,0x00,0x00,
  0x00,0x00,0x00,0x00,0x00,0xa0,0x40,0xb8,0x40,0xa8,0x50,0xa8,0x50,0xd8,0x20,0x70,
  0x00,0x00,0x00,0x00,0x00,0x00,0x00,0x07,0x00,0x05,0x02,0x05,0x02,0xfd,0x02,0x84,
  0x7b,0xf4,0x0b,0x35,0x0a,0x00,0x00,0x00,0x00,0x00,0x00,0x38,0x00,0xe8,0x10,0xd8,
  0x20,0xb0,0x40,0x60,0x80,0x2d,0x12,0x6d,0x12,0xdd,0x22,0xbd,0x42,0xf1,0x0e,0x1f,
  0x00,0x00,0x00,0x00,0x00,0x60,0x80,0xb0,0x40,0xd8,0x20,0x68,0x10,0x38,0x00,0x00,
  0x00,0x00,0x00,0x00,0x00,0x00,0x00,0x0f,0x00,0x09,0x06,0x3e,0x01,0x21,0x1e,0xfd,
  0x02,0x84,0x7b,0xf5,0x0a,0x00,0x00,0x00,0x00,0x80,0x00,0xb8,0x00,0xe8,0x10,0xd8,
  0x20,0xb0,0x40,0x60,0x80,0x35,0x0a,0x6d,0x12,0xdd,0x22,0xbd,0x42,0xf1,0x0e,0x1f,
  0x00,0x00,0x00,0x00,0x00,0x60,0x80,0xb0,0x40,0xd8,0x20,0x68,0x10,0x38,0x00,0x00,
  0x00,0x00,0x00,0x00,0x00,0x00,0x00,0x07,0x00,0x05,0x02,0xfd,0x02,0x80,0x7f,0xfd,
  0x02,0x5d,0x22,0x6c,0x13,0x00,0x00,0xe0,0x00,0xb0,0x40,0xd8,0x20,0x08,0xf0,0xf8,
  0x00,0xd0,0x20,0xb0,0x40,0x3d,0x02,0x39,0x06,0xe5,0x1a,0x9d,0x62,0xf1,0x0e,0x1f,
  0x00,0x00,0x00,0x00,0x00,0x60,0x80,0xb0,0x40,0xd8,0x20,0x68,0x10,0x38,0x00,0x00,
  0x00,0x00,0x00,0x00,0x00,0x00,0x00,0x7f,0x00,0x58,0x27,0x6b,0x14,0xfa,0x04,0xba,
  0x44,0xda,0x24,0x7a,0x04,0x00,0x00,0xf8,0x00,0x08,0xf0,0xf8,0x00,0x00,0x00,0x00,
  0x00,0x00,0x00,0x00,0x00,0x7a,0x04,0x5a,0x24,0xda,0x24,0xbb,0x44,0xa8,0x47,0xef,
  0x00,0x00,0x00,0x00,0x00,0x00,0x00,0x00,0x00,0x00,0x00,0xf8,0x00,0x08,0xf0,0xf8,
  0x00,0x00,0x00,0x00,0x00,0x00,0x00,0x71,0x00,0x5f,0x20,0x6b,0x14,0xfb,0x04,0xba,
  0x45,0xd1,0x2e,0x7b,0x04,0x00,0x00,0xc0,0x00,0x40,0x80,0x78,0x80,0x48,0xb0,0x28,
  0xd0,0x68,0x90,0x68,0x90,0x7b,0x04,0x5b,0x24,0xdb,0x24,0xbb,0x44,0xac,0x43,0xe7,
  0x00,0x00,0x00,0x00,0x00,0x48,0xb0,0x78,0x80,0xe8,0x10,0xe8,0x10,0x08,0xf0,0xf8,
  0x00,0x00,0x00,0x00,0x00,0x00,0x00,0xff,0x00,0xb0,0x4f,0xd7,0x28,0xf7,0x08,0xbc,
  0x43,0xd5,0x22,0x75,0x02,0x00,0x00,0xf8,0x00,0x08,0xf0,0xe8,0x10,0xe8,0x10,0x38,
  0xc0,0xa0,0x40,0xa0,0x40,0x75,0x02,0x55,0x22,0xdd,0x22,0xbb,0x44,0xb6,0x48,0xfc,
  0x00,0x00,0x00,0x00,0x00,0xa0,0x40,0xb8,0x40,0xa8,0x50,0xa8,0x50,0x88,0x70,0xf8,
  0x00,0x00,0x00,0x00,0x00,0x00,0x00,0x71,0x00,0x59,0x20,0x6f,0x10,0xfb,0x04,0xbb,
  0x44,0xdb,0x24,0x77,0x08,0x00,0x00,0xc0,0x00,0x40,0x80,0x70,0x80,0x58,0xa0,0x68,
  0x90,0x68,0x90,0x78,0x80,0x7d,0x00,0x51,0x20,0xd3,0x20,0xbe,0x41,0xb1,0x4e,0xff,
  0x00,0x00,0x00,0x00,0x00,0x68,0x90,0xd8,0x20,0xb0,0x40,0x60,0x80,0xc0,0x00,0x00,
  0x00,0x00,0x00,0x00,0x00,0x00,0x00,0x77,0x00,0x5c,0x23,0x6d,0x12,0xfd,0x02,0xbd,
  0x42,0xd3,0x2c,0x7f,0x00,0x00,0x00,0xe0,0x00,0x20,0xc0,0xa0,0x40,0xa0,0x40,0xb8,
  0x40,0x88,0x70,0xf8,0x00,0x78,0x07,0x5b,0x24,0xdd,0x22,0xbe,0x41,0xb1,0x4e,0xff,
  0x00,0x00,0x00,0x00,0x00,0x10,0xe0,0xd0,0x20,0xb0,0x40,0x78,0x80,0x88,0x70,0xf8,
  0x00,0x00,0x00,0x00,0x00,0x00,0x00,0xe3,0x00,0xb6,0x41,0xdd,0x22,0xfb,0x04,0xa7,
  0x58,0xd8,0x27,0x7b,0x04,0x00,0x00,0x80,0x00,0xc0,0x00,0x60,0x80,0xb8,0x40,0xc8,
  0x30,0x38,0xc0,0xa0,0x40,0x7b,0x04,0x5a,0x25,0xdb,0x24,0xbb,0x44,0xac,0x43,0xe7,
  0x00,0x00,0x00,0x00,0x00,0xa0,0x40,0x20,0xc0,0xf8,0x00,0xe8,0x10,0x08,0xf0,0xf8,
  0x00,0x00,0x00,0x00,0x00,0x00,0x00,0xff,0x00,0xb0,0x4f,0xdf,0x20,0xff,0x00,0xb8,
  0x47,0xdb,0x24,0x7b,0x04,0x00,0x00,0xf8,0x00,0x08,0xf0,0xd8,0x20,0xd0,0x20,0x50,
  0xa0,0x50,0xa0,0x50,0xa0,0x7b,0x04,0x58,0x27,0xdf,0x20,0xb1,0x40,0xa1,0x40,0xe1,
  0x00,0x00,0x00,0x00,0x00,0x50,0xa0,0x50,0xa0,0xd0,0x20,0xd0,0x20,0x10,0xe0,0xf0,
  0x00,0x00,0x00,0x00,0x00,0x00,0x00,0x73,0x00,0x5a,0x21,0x6e,0x11,0xfd,0x02,0xbb,
  0x44,0xd0,0x2f,0x7f,0x00,0x00,0x00,0x80,0x00,0x80,0x00,0xe0,0x00,0xb0,0x40,0xd8,
  0x20,0x28,0xd0,0xe8,0x10,0x78,0x07,0x5b,0x24,0xda,0x24,0xbb,0x44,0xa8,0x47,0xef,
  0x00,0x00,0x00,0x00,0x00,0x18,0xe0,0xd0,0x20,0x50,0x20,0xd0,0x20,0x10,0xe0,0xf0,
  0x00,0x00,0x00,0x00,0x00,0x00,0x00,0x7f,0x00,0x58,0x27,0x6e,0x11,0xfe,0x01,0xbd,
  0x42,0xd3,0x2c,0x7f,0x00,0x00,0x00,0xf8,0x00,0x08,0xf0,0xe8,0x10,0xa8,0x10,0xe8,
  0x10,0x88,0x70,0xf8,0x00,0x78,0x07,0x5b,0x24,0xda,0x24,0xbb,0x44,0xa8,0x47,0xef,
  0x00,0x00,0x00,0x00,0x00,0x08,0xf0,0xe8,0x10,0x28,0x10,0xe8,0x10,0x08,0xf0,0xf8,
  0x00,0x00,0x00,0x00,0x00,0x00,0x00,0x0e,0x00,0x7b,0x04,0x40,0x3f,0x5f,0x20,0x40,
  0x3f,0x5f,0x20,0x40,0x3f,0x00,0x00,0x00,0x00,0xf0,0x00,0x10,0xe0,0xd0,0x20,0x10,
  0xe0,0xd0,0x20,0x18,0xe0,0xfd,0x02,0x84,0x7b,0xf5,0x0a,0xed,0x12,0x99,0x66,0xff,
  0x00,0x00,0x00,0x00,0x00,0xe8,0x10,0x98,0x60,0x70,0x80,0xb8,0x40,0xc8,0x30,0x78,
  0x00,0x00,0x00,0x00,0x00,0x00,0x00,0x71,0x00,0x5b,0x20,0x6e,0x11,0xf8,0x07,0xbb,
  0x44,0xda,0x24,0x7b,0x04,0x00,0x00,0xc0,0x00,0x40,0x80,0xf8,0x00,0x08,0xf0,0xe8,
  0x10,0x28,0x10,0xe8,0x10,0x78,0x07,0x5b,0x24,0xda,0x24,0xbb,0x44,0xa8,0x47,0xef,
  0x00,0x00,0x00,0x00,0x00,0x08,0xf0,0xe8,0x10,0x28,0x10,0xe8,0x10,0x08,0xf0,0xf8,
  0x00,0x00,0x00,0x00,0x00,0x00,0x00,0x71,0x00,0x59,0x20,0x6f,0x10,0xf8,0x07,0xbf,
  0x40,0xdf,0x20,0x70,0x0f,0x00,0x00,0xc0,0x00,0x40,0x80,0x70,0x80,0x10,0xe0,0x70,
  0x80,0x78,0x80,0x08,0xf0,0x7e,0x01,0x55,0x22,0xdd,0x22,0xbb,0x44,0xb0,0x4f,0xff,
  0x00,0x00,0x00,0x00,0x00,0xf8,0x00,0xd0,0x20,0xd8,0x20,0x28,0xd0,0xe8,0x10,0xb8,
  0x00,0x00,0x00,0x00,0x00,0x00,0x00,0x7f,0x00,0x58,0x27,0x6b,0x14,0xfb,0x04,0xb8,
  0x47,0xdb,0x24,0x7a,0x05,0x00,0x00,0xf8,0x00,0x08,0xf0,0xe8,0x10,0xe8,0x10,0x08,
  0xf0,0xf8,0x00,0xf8,0x00,0x7a,0x05,0x5a,0x25,0xda,0x25,0xba,0x45,0xb7,0x48,0xfd,
  0x00,0x00,0x00,0x00,0x00,0xc8,0x30,0x38,0xc0,0xf8,0x00,0xe8,0x10,0x08,0xf0,0xf8,
  0x00,0x00,0x00,0x00,0x00,0x00,0x00,0xe3,0x00,0xb2,0x41,0xdf,0x20,0xf0,0x0f,0xbf,
  0x40,0xd1,0x20,0x7f,0x00,0x00,0x00,0x80,0x00,0xc0,0x00,0x78,0x80,0x08,0xf0,0x78,
  0x80,0x40,0x80,0x70,0x80,0x78,0x07,0x5f,0x20,0xd1,0x20,0xbf,0x40,0xb0,0x4f,0xff,
  0x00,0x00,0x00,0x00,0x00,0x10,0xe0,0x70,0x80,0x40,0x80,0x78,0x80,0x08,0xf0,0xf8,
  0x00,0x00,0x00,0x00,0x00,0x00,0x00,0x07,0x00,0x7d,0x02,0x40,0x3f,0x7b,0x04,0x40,
  0x3f,0xf7,0x08,0x80,0x7f,0x00,0x00,0x00,0x00,0xf0,0x00,0x10,0xe0,0xf0,0x00,0x10,
  0xe0,0xf8,0x00,0x08,0xf0,0xed,0x12,0xd5,0x2a,0xb8,0x47,0xf5,0x0a,0x49,0x36,0x7f,
  0x00,0x00,0x00,0x00,0x00,0xb8,0x40,0x58,0xa0,0xe8,0x10,0x78,0x80,0x90,0x60,0xf0,
  0x00,0x00,0x00,0x00,0x00,0x00,0x00,0x73,0x00,0x5a,0x21,0x6f,0x10,0xf8,0x07,0xbf,
  0x40,0xd1,0x2e,0x7d,0x02,0x00,0x00,0xc0,0x00,0x60,0x80,0xa0,0x40,0x78,0x80,0x68,
  0x90,0x28,0xd0,0x28,0xd0,0x7d,0x02,0x5b,0x24,0xdb,0x24,0xb7,0x48,0xbe,0x41,0xe3,
  0x00,0x00,0x00,0x00,0x00,0x58,0xa0,0x58,0xa0,0x68,0x90,0x68,0x90,0x78,0x80,0xc0,
  0x00,0x00,0x00,0x00,0x00,0x00,0x00,0x7f,0x00,0x58,0x27,0x6b,0x14,0xfd,0x02,0xbe,
  0x41,0xd9,0x26,0x7f,0x00,0x00,0x00,0xf8,0x00,0x08,0xf0,0xe8,0x10,0xd8,0x20,0x38,
  0xc0,0xc8,0x30,0x78,0x80,0x74,0x03,0x5f,0x20,0xd8,0x27,0xbf,0x40,0xa1,0x40,0xe1,
  0x00,0x00,0x00,0x00,0x00,0x10,0xe0,0x78,0x80,0x08,0xf0,0x78,0x80,0x40,0x80,0xc0,
  0x00,0x00,0x00,0x00,0x00,0x00,0x00,0xff,0x00,0xb0,0x4f,0xdd,0x22,0xfd,0x02,0xb0,
  0x4f,0xd5,0x2a,0x75,0x0a,0x00,0x00,0xf8,0x00,0x08,0xf0,0xb8,0x40,0xb8,0x40,0x08,
  0xf0,0xa8,0x50,0xa8,0x50,0x75,0x0a,0x55,0x2a,0xd3,0x2c,0xb7,0x48,0xb0,0x4f,0xff,
  0x00,0x00,0x00,0x00,0x00,0xa8,0x50,0x88,0x70,0xe8,0x10,0xe8,0x10,0x08,0xf0,0xf8,
  0x00,0x00,0x00,0x00,0x00,0x00,0x00,0xff,0x00,0xb0,0x4f,0xd7,0x28,0xf4,0x0b,0xb7,
  0x48,0xd4,0x2b,0x75,0x0a,0x00,0x00,0xf8,0x00,0x08,0xf0,0xe8,0x10,0x28,0xd0,0xe8,
  0x10,0x28,0xd0,0xa8,0x50,0x75,0x0a,0x55,0x2a,0xd4,0x2b,0xb7,0x48,0xb4,0x48,0xfc,
  0x00,0x00,0x00,0x00,0x00,0xa8,0x50,0xa8,0x50,0x28,0xd0,0xe8,0x10,0x48,0x30,0x78,
  0x00,0x00,0x00,0x00,0x00,0x00,0x00,0x70,0x00,0x5f,0x20,0x68,0x17,0xff,0x00,0xbf,
  0x40,0xd0,0x2f,0x7f,0x00,0x00,0x00,0xf0,0x00,0x90,0x60,0x70,0x80,0x40,0x80,0x78,
  0x80,0x08,0xf0,0x78,0x80,0x7f,0x00,0x58,0x27,0xdb,0x24,0xbb,0x44,0xa8,0x47,0xef,
  0x00,0x00,0x00,0x00,0x00,0x70,0x80,0x10,0xe0,0xd0,0x20,0xd0,0x20,0x10,0xe0,0xf0,
  0x00,0x00,0x00,0x00,0x00,0x00,0x00,0xe3,0x00,0xbe,0x41,0xd0,0x2f,0xfd,0x02,0xbb,
  0x44,0xd0,0x2f,0x7f,0x00,0x00,0x00,0x80,0x00,0xf8,0x00,0x08,0xf0,0xf8,0x00,0xd8,
  0x20,0x28,0xd0,0xf8,0x00,0x7a,0x05,0x5a,0x25,0xda,0x25,0xba,0x45,0xb6,0x49,0xff,
  0x00,0x00,0x00,0x00,0x00,0xa0,0x40,0xa0,0x40,0xb8,0x40,0xa8,0x50,0x88,0x70,0xf8,
  0x00,0x00,0x00,0x00,0x00,0x00,0x00,0xff,0x00,0xa0,0x5f,0xce,0x31,0xea,0x15,0xaa,
  0x55,0xca,0x35,0x6a,0x15,0x00,0x00,0xb8,0x00,0xe8,0x10,0xa8,0x50,0xa8,0x50,0xa8,
  0x50,0xa8,0x50,0xa8,0x50,0x6a,0x15,0x4a,0x35,0xdb,0x24,0xb5,0x4a,0xae,0x51,0xfb,
  0x00,0x00,0x00,0x00,0x00,0xa8,0x50,0xa8,0x50,0xe8,0x10,0xe8,0x10,0x88,0x70,0xf8,
  0x00,0x00,0x00,0x00,0x00,0x00,0x00,0x73,0x00,0x5e,0x21,0x68,0x17,0xfb,0x04,0xb8,
  0x47,0xdb,0x24,0x78,0x07,0x00,0x00,0x80,0x00,0xf0,0x00,0x10,0xe0,0xd0,0x20,0x10,
  0xe0,0xd0,0x20,0x18,0xe0,0x7b,0x04,0x5b,0x24,0xdb,0x24,0xba,0x45,0xa9,0x46,0xef,
  0x00,0x00,0x00,0x00,0x00,0x68,0x90,0x58,0xa0,0xb0,0x40,0xd8,0x20,0xe8,0x10,0x38,
  0x00,0x00,0x00,0x00,0x00,0x00,0x00,0xee,0x00,0xbb,0x44,0xd8,0x27,0xf7,0x08,0xb8,
  0x47,0xda,0x25,0x7b,0x04,0x00,0x00,0x00,0x00,0xf8,0x00,0x08,0xf0,0xf8,0x00,0x10,
  0xe0,0xd0,0x20,0x58,0xa0,0x70,0x0f,0x5a,0x25,0xdb,0x24,0xb8,0x47,0xaf,0x40,0xe0,
  0x00,0x00,0x00,0x00,0x00,0x08,0xf0,0xd8,0x20,0x58,0xa0,0x08,0xf0,0xd8,0x20,0x70,
  0x00,0x00,0x00,0x00,0x00,0x00,0x00,0x7f,0x00,0x5b,0x24,0x6d,0x12,0xff,0x00,0xb8,
  0x47,0xdb,0x24,0x78,0x07,0x00,0x00,0xf8,0x00,0x68,0x90,0x58,0xa0,0x78,0x80,0x08,
  0xf0,0xe8,0x10,0x08,0xf0,0x7b,0x04,0x58,0x27,0xdb,0x24,0xba,0x44,0xaa,0x44,0xee,
  0x00,0x00,0x00,0x00,0x00,0xe8,0x10,0x08,0xf0,0xe8,0x10,0x68,0x10,0x48,0x30,0x78,
  0x00,0x00,0x00,0x00,0x00,0x00,0x00,0x7f,0x00,0x58,0x27,0x6b,0x14,0xfb,0x04,0xb8,
  0x47,0xdf,0x20,0x70,0x0f,0x00,0x00,0xf0,0x00,0x10,0xe0,0xd0,0x20,0xd0,0x20,0x10,
  0xe0,0x78,0x80,0x08,0xf0,0x77,0x08,0x56,0x29,0xd1,0x2e,0xb7,0x48,0xb4,0x48,0xfc,
  0x00,0x00,0x00,0x00,0x00,0x68,0x90,0xa8,0x50,0xc8,0x30,0x68,0x10,0x48,0x30,0x78,
  0x00,0x00,0x00,0x00,0x00,0x00,0x00,0xff,0x00,0xb0,0x4f,0xd7,0x28,0xfe,0x01,0xbd,
  0x42,0xd3,0x2c,0x7f,0x00,0x00,0x00,0xf8,0x00,0x08,0xf0,0xe8,0x10,0xb8,0x40,0xd8,
  0x20,0xe8,0x10,0x78,0x80,0x70,0x0f,0x5f,0x20,0xd6,0x21,0xbd,0x42,0xb3,0x4c,0xff,
  0x00,0x00,0x00,0x00,0x00,0x08,0xf0,0x78,0x80,0x30,0xc0,0x58,0xa0,0x68,0x90,0xf8,
  0x00,0x00,0x00,0x00,0x00,0x00,0x00,0x71,0x00,0x5f,0x20,0x68,0x17,0xff,0x00,0xb8,
  0x47,0xdf,0x20,0x70,0x0f,0x00,0x00,0xc0,0x00,0x70,0x80,0x10,0xe0,0x70,0x80,0x10,
  0xe0,0x78,0x80,0x08,0xf0,0x7b,0x04,0x58,0x27,0xdb,0x24,0xb8,0x47,0xab,0x44,0xee,
  0x00,0x00,0x00,0x00,0x00,0xd8,0x20,0x10,0xe0,0xd0,0x20,0x10,0xe0,0xd0,0x20,0x70,
  0x00,0x00,0x00,0x00,0x00,0x00,0x00,0xe7,0x00,0xbd,0x42,0xd0,0x2f,0xfb,0x04,0xb5,
  0x4a,0xd5,0x2a,0x70,0x0f,0x00,0x00,0x38,0x00,0xe8,0x10,0x98,0x60,0xb0,0x40,0xb8,
  0x40,0x88,0x70,0xa8,0x50,0x7d,0x02,0x5c,0x23,0xd1,0x2e,0xbd,0x42,0xa5,0x42,0xe7,
  0x00,0x00,0x00,0x00,0x00,0xa8,0x50,0xa8,0x50,0xa8,0x50,0xa8,0x50,0x68,0x90,0xf8,
  0x00,0x00,0x00,0x00,0x00,0x00,0x00,0x73,0x00,0x5e,0x21,0x6d,0x12,0xf8,0x07,0xbe,
  0x41,0xd0,0x2f,0x7d,0x02,0x00,0x00,0x80,0x00,0xf0,0x00,0xd8,0x20,0x28,0xd0,0xf8,
  0x00,0x08,0xf0,0xb8,0x40,0x7b,0x04,0x57,0x28,0xd8,0x27,0xbf,0x40,0xa8,0x47,0xef,
  0x00,0x00,0x00,0x00,0x00,0xd8,0x20,0x28,0xd0,0xf8,0x00,0x90,0x60,0x70,0x80,0xc0,
  0x00,0x00,0x00,0x00,0x00,0x00,0x00,0xfd,0x00,0xb7,0x48,0xdb,0x24,0xe1,0x1e,0xb6,
  0x49,0xd7,0x28,0x71,0x0e,0x00,0x00,0xc0,0x00,0x40,0x80,0x78,0x80,0x08,0xf0,0xf8,
  0x00,0x10,0xe0,0xd0,0x20,0x75,0x0a,0x54,0x2b,0xd5,0x2a,0xb5,0x4a,0xa9,0x56,0xff,
  0x00,0x00,0x00,0x00,0x00,0xb8,0x40,0x08,0xf0,0xb8,0x40,0xa0,0x40,0x20,0xc0,0xe0,
  0x00,0x00,0x00,0x00,0x00,0x00,0x00,0xef,0x00,0xbb,0x44,0xdb,0x24,0xe0,0x1f,0xbb,
  0x44,0xdb,0x24,0x7b,0x04,0x00,0x00,0xf8,0x00,0x08,0xf0,0x68,0x90,0x68,0x90,0x08,
  0xf0,0x68,0x90,0x68,0x90,0x71,0x0e,0x55,0x2a,0xd5,0x2a,0xb5,0x4a,0xb0,0x4f,0xff,
  0x00,0x00,0x00,0x00,0x00,0x08,0xf0,0x68,0x90,0x68,0x90,0x68,0x90,0xc8,0x30,0xf8,
  0x00,0x00,0x00,0x00,0x00,0x00,0x00,0x77,0x00,0x5d,0x22,0x68,0x17,0xfd,0x02,0xb4,
  0x43,0xd5,0x22,0x74,0x03,0x00,0x00,0x70,0x00,0xd8,0x20,0x08,0xf0,0xd8,0x20,0x10,
  0xe0,0xd0,0x20,0x10,0xe0,0x7d,0x02,0x50,0x2f,0xda,0x25,0xb9,0x46,0xa8,0x47,0xef,
  0x00,0x00,0x00,0x00,0x00,0xd8,0x20,0x08,0xf0,0xb8,0x40,0xd8,0x20,0x08,0xf0,0xf8,
  0x00,0x00,0x00,0x00,0x00,0x00,0x00,0xff,0x00,0xb0,0x4f,0xd7,0x28,0xf4,0x0b,0xb5,
  0x4a,0xd4,0x2b,0x75,0x0a,0x00,0x00,0xf8,0x00,0x08,0xf0,0x78,0x80,0x10,0xe0,0xd0,
  0x20,0x10,0xe0,0xd0,0x20,0x74,0x0b,0x57,0x28,0xd5,0x2a,0xb5,0x4a,0xaa,0x55,0xff,
  0x00,0x00,0x00,0x00,0x00,0x10,0xe0,0x70,0x80,0x58,0xa0,0x68,0x90,0x68,0x90,0xf8,
  0x00,0x00,0x00,0x00,0x00,0x00,0x00,0xe7,0x00,0xbd,0x42,0xd0,0x2f,0xfd,0x02,0xb0,
  0x4f,0xdd,0x22,0x70,0x0f,0x00,0x00,0xe0,0x00,0xb8,0x40,0x08,0xf0,0xb8,0x40,0x08,
  0xf0,0xb8,0x40,0x08,0xf0,0x75,0x0a,0x55,0x2a,0xd2,0x2d,0xb7,0x48,0xb4,0x48,0xfc,
  0x00,0x00,0x00,0x00,0x00,0xa8,0x50,0xa8,0x50,0x48,0xb0,0xe8,0x10,0x48,0x30,0x78,
  0x00,0x00,0x00,0x00,0x00,0x00,0x00,0x7f,0x00,0x58,0x27,0x6e,0x11,0xf8,0x07,0xba,
  0x45,0xd8,0x27,0x7f,0x00,0x00,0x00,0xf8,0x00,0x08,0xf0,0xb8,0x40,0x08,0xf0,0xa8,
  0x50,0x08,0xf0,0xf8,0x00,0x74,0x03,0x5f,0x20,0xd8,0x27,0xbd,0x42,0xaa,0x45,0xef,
  0x00,0x00,0x00,0x00,0x00,0x10,0xe0,0xf8,0x00,0x08,0xf0,0x58,0xa0,0x68,0x90,0xf8,
  0x00,0x00,0x00,0x00,0x00,0x00,0x00,0xe7,0x00,0xbd,0x42,0xd0,0x2f,0xfd,0x02,0xb8,
  0x47,0xdb,0x24,0x78,0x07,0x00,0x00,0xe0,0x00,0xb8,0x40,0x08,0xf0,0xb8,0x40,0x10,
  0xe0,0xd0,0x20,0x10,0xe0,0x7b,0x04,0x50,0x2f,0xde,0x21,0xbd,0x42,0xb3,0x4c,0xfe,
  0x00,0x00,0x00,0x00,0x00,0xd8,0x20,0x08,0xf0,0x78,0x80,0xb8,0x40,0xc8,0x30,0x78,
  0x00,0x00,0x00,0x00,0x00,0x00,0x00,0x0f,0x00,0xeb,0x04,0xbb,0x44,0xd0,0x2f,0xfb,
  0x04,0xbb,0x44,0xd8,0x27,0x00,0x00,0xc0,0x00,0x78,0x80,0x08,0xf0,0x78,0x80,0x08,
  0xf0,0xa8,0x50,0xb8,0x40,0x7a,0x05,0x56,0x29,0xd6,0x29,0xbe,0x41,0xa9,0x46,0xef,
  0x00,0x00,0x00,0x00,0x00,0x88,0x70,0xb8,0x40,0xa0,0x40,0x38,0xc0,0xc8,0x30,0x78,
  0x00,0x00,0x00,0x00,0x00,0x00,0x00,0x7f,0x00,0x58,0x27,0x6b,0x14,0xf8,0x07,0xbb,
  0x44,0xd0,0x2f,0x75,0x0a,0x00,0x00,0xf0,0x00,0x10,0xe0,0xd0,0x20,0x10,0xe0,0xd8,
  0x20,0x08,0xf0,0xa8,0x50,0x70,0x0f,0x5b,0x24,0xdd,0x22,0xbe,0x41,0xb1,0x4e,0xff,
  0x00,0x00,0x00,0x00,0x00,0x08,0xf0,0xd8,0x20,0xb0,0x40,0x78,0x80,0x88,0x70,0xf8,
  0x00,0x00,0x00,0x00,0x00,0x00,0x00,0xe7,0x00,0xbd,0x42,0xd0,0x2f,0xfb,0x04,0xb6,
  0x49,0xd1,0x2e,0x76,0x09,0x00,0x00,0xe0,0x00,0xa0,0x40,0xb8,0x40,0x88,0x70,0xa8,
  0x50,0x68,0x90,0xa8,0x50,0x70,0x0f,0x56,0x29,0xd0,0x2f,0xb6,0x49,0xb4,0x4b,0xff,
  0x00,0x00,0x00,0x00,0x00,0xa8,0x50,0xa8,0x50,0xd8,0x20,0xa8,0x50,0x68,0x90,0xf8,
  0x00,0x00,0x00,0x00,0x00,0x00,0x00,0xee,0x00,0xbb,0x44,0xd0,0x2f,0xf6,0x09,0xb0,
  0x4f,0xd6,0x29,0x70,0x0f,0x00,0x00,0xe0,0x00,0xa0,0x40,0xb8,0x40,0x88,0x70,0x68,
  0x90,0xa8,0x50,0xa8,0x50,0x7d,0x02,0x50,0x2f,0xda,0x25,0xba,0x45,0xb4,0x4b,0xff,
  0x00,0x00,0x00,0x00,0x00,0xa8,0x50,0x28,0xd0,0xd8,0x20,0xa8,0x50,0x68,0x90,0xf8,
  0x00,0x00,0x00,0x00,0x00,0x00,0x00,0x7f,0x00,0x58,0x27,0x6b,0x14,0xf8,0x07,0xbb,
  0x44,0xd0,0x2f,0x7d,0x02,0x00,0x00,0xf0,0x00,0x10,0xe0,0xd0,0x20,0x10,0xe0,0xd8,
  0x20,0x08,0xf0,0xb8,0x40,0x70,0x0f,0x5d,0x22,0xd2,0x2d,0xbd,0x42,0xb2,0x4d,0xff,
  0x00,0x00,0x00,0x00,0x00,0x08,0xf0,0x58,0xa0,0x28,0xd0,0x58,0xa0,0x68,0x90,0xf8,
  0x00,0x00,0x00,0x00,0x00,0x00,0x00,0x07,0x00,0x05,0x02,0x3d,0x02,0x2d,0x12,0x6d,
  0x12,0x5d,0x22,0x7d,0x02,0x00,0x00,0x00,0x00,0x00,0x00,0x70,0x00,0x50,0x20,0xd0,
  0x20,0xb0,0x40,0xe0,0x00,0x0a,0x05,0x1a,0x05,0x37,0x08,0xed,0x10,0x98,0x60,0xf0,
  0x00,0x00,0x00,0x00,0x00,0x80,0x00,0xc0,0x00,0x60,0x80,0xb8,0x40,0xc8,0x30,0x78,
  0x00,0x00,0x00,0x00,0x00,0x00,0x00,0xff,0x00,0x80,0x7f,0xfd,0x02,0x3d,0x02,0x2d,
  0x12,0x6d,0x12,0x5d,0x22,0x00,0x00,0xf8,0x00,0x08,0xf0,0xf8,0x00,0x70,0x00,0x50,
  0x20,0xd0,0x20,0xb0,0x40,0x7a,0x05,0x1a,0x05,0x37,0x08,0xed,0x10,0x98,0x60,0xf0,
  0x00,0x00,0x00,0x00,0x00,0xe0,0x00,0xc0,0x00,0x60,0x80,0xb8,0x40,0xc8,0x30,0x78,
  0x00,0x00,0x00,0x00,0x00,0x00,0x00,0x3f,0x00,0x2c,0x13,0xef,0x10,0xac,0x50,0xa4,
  0x58,0xac,0x50,0xe8,0x10,0x00,0x00,0xf8,0x00,0x08,0xf0,0xb8,0x40,0xa0,0x40,0xa0,
  0x40,0xa0,0x40,0xa0,0x40,0x28,0x10,0x6c,0x10,0x54,0x28,0xd7,0x28,0xbe,0x41,0xe3,
  0x00,0x00,0x00,0x00,0x00,0xa0,0x40,0xa0,0x40,0xa0,0x40,0xa0,0x40,0x20,0xc0,0xe0,
  0x00,0x00,0x00,0x00,0x00,0x00,0x00,0x7f,0x00,0x40,0x3f,0x7f,0x00,0x20,0x1f,0x7f,
  0x00,0x40,0x3f,0x7d,0x02,0x00,0x00,0xf0,0x00,0x10,0xe0,0xd0,0x20,0x10,0xe0,0xd0,
  0x20,0x10,0xe0,0xf0,0x00,0x6d,0x12,0x5d,0x22,0x7a,0x05,0xe7,0x18,0x9d,0x60,0xf0,
  0x00,0x00,0x00,0x00,0x00,0xd0,0x20,0xb0,0x40,0xe0,0x00,0x38,0xc0,0xc8,0x30,0x78,
  0x00,0x00,0x00,0x00,0x00,0x00,0x00,0x3f,0x00,0x2d,0x12,0xed,0x12,0xa4,0x5b,0xab,
  0x54,0xaf,0x50,0xea,0x11,0x00,0x00,0x00,0x00,0x00,0x00,0xf8,0x00,0x08,0xf0,0xe8,
  0x10,0xa8,0x10,0xe8,0x10,0x2b,0x10,0x6d,0x10,0x55,0x28,0xd4,0x28,0xbc,0x40,0xe0,
  0x00,0x00,0x00,0x00,0x00,0x68,0x90,0x68,0x90,0xe8,0x10,0xe8,0x10,0x98,0x60,0xf0,
  0x00,0x00,0x00,0x00,0x00,0x00,0x00,0x07,0x00,0xfd,0x02,0x80,0x7f,0xbf,0x40,0xfd,
  0x02,0x2d,0x12,0x6d,0x12,0x00,0x00,0x00,0x00,0xf8,0x00,0x08,0xf0,0xe8,0x10,0x78,
  0x00,0x50,0x20,0xd0,0x20,0x5a,0x25,0x7a,0x05,0x37,0x08,0xed,0x10,0x98,0x60,0xf0,
  0x00,0x00,0x00,0x00,0x00,0xb0,0x40,0xe0,0x00,0x60,0x80,0xb8,0x40,0xc8,0x30,0x78,
  0x00,0x00,0x00,0x00,0x00,0x00,0x00,0x39,0x00,0x29,0x10,0xef,0x10,0xac,0x53,0xa5,
  0x5a,0xad,0x52,0xec,0x13,0x00,0x00,0xc0,0x00,0x60,0x80,0xb8,0x40,0x08,0xf0,0xe8,
  0x10,0xe8,0x10,0x08,0xf0,0x2d,0x12,0x6d,0x12,0x55,0x2a,0xd5,0x2a,0xbb,0x44,0xee,
  0x00,0x00,0x00,0x00,0x00,0xf8,0x00,0x00,0x00,0x00,0x00,0x00,0x00,0x00,0x00,0x00,
  0x00,0x00,0x00,0x00,0x00,0x00,0x00,0x07,0x00,0x3d,0x02,0x6d,0x12,0x5d,0x22,0x7a,
  0x05,0xe7,0x18,0x9d,0x62,0x00,0x00,0x00,0x00,0x70,0x00,0xd0,0x20,0xb0,0x40,0xe0,
  0x00,0x38,0xc0,0xc8,0x30,0xed,0x12,0x5d,0x22,0x7a,0x05,0xe7,0x18,0x9d,0x60,0xf0,
  0x00,0x00,0x00,0x00,0x00,0xd8,0x20,0xb0,0x40,0xe0,0x00,0x38,0xc0,0xc8,0x30,0x78,
  0x00,0x00,0x00,0x00,0x00,0x00,0x00,0x3b,0x00,0x2a,0x11,0xea,0x11,0xae,0x51,0xa5,
  0x5a,0xab,0x54,0xef,0x10,0x00,0x00,0x80,0x00,0x80,0x00,0xf8,0x00,0x08,0xf0,0x78,
  0x80,0x78,0x80,0x08,0xf0,0x29,0x10,0x6d,0x10,0x55,0x28,0xd5,0x28,0xbd,0x40,0xe1,
  0x00,0x00,0x00,0x00,0x00,0x78,0x80,0x78,0x80,0x08,0xf0,0x78,0x80,0x40,0x80,0xc0,
  0x00,0x00,0x00,0x00,0x00,0x00,0x00,0x07,0x00,0x05,0x02,0x04,0x03,0x05,0x02,0x7d,
  0x02,0x40,0x3f,0x5f,0x20,0x00,0x00,0x00,0x00,0xf8,0x00,0x08,0xf0,0xf8,0x00,0xf0,
  0x00,0x10,0xe0,0xd0,0x20,0x5f,0x20,0x40,0x3f,0x7f,0x00,0xd6,0x29,0xbb,0x44,0xef,
  0x00,0x00,0x00,0x00,0x00,0xd0,0x20,0x10,0xe0,0xf0,0x00,0xd8,0x20,0x68,0x90,0xf8,
  0x00,0x00,0x00,0x00,0x00,0x00,0x00,0x3f,0x00,0x2d,0x12,0xee,0x11,0xa8,0x57,0xa7,
  0x58,0xac,0x50,0xef,0x10,0x00,0x00,0x70,0x00,0xd0,0x20,0xb8,0x40,0x08,0xf0,0xf8,
  0x00,0x00,0x00,0xf0,0x00,0x2c,0x13,0x6f,0x10,0x54,0x28,0xd7,0x28,0xb8,0x47,0xef,
  0x00,0x00,0x00,0x00,0x00,0x10,0xe0,0xf0,0x00,0x00,0x00,0xf8,0x00,0x08,0xf0,0xf8,
  0x00,0x00,0x00,0x00,0x00,0x00,0x00,0xff,0x00,0x81,0x7e,0xef,0x10,0x61,0x1e,0xcd,
  0x32,0xb5,0x4a,0xfb,0x04,0x00,0x00,0x38,0x00,0xe8,0x10,0x68,0x90,0x68,0x90,0x68,
  0x90,0x68,0x90,0x68,0x90,0xe7,0x18,0x9c,0x60,0xff,0x00,0xd6,0x29,0xbb,0x44,0xef,
  0x00,0x00,0x00,0x00,0x00,0xe8,0x10,0x48,0x30,0xf8,0x00,0xd8,0x20,0x68,0x90,0xf8,
  0x00,0x00,0x00,0x00,0x00,0x00,0x00,0x3f,0x00,0x28,0x17,0xef,0x10,0xa8,0x57,0xa3,
  0x5c,0xab,0x54,0xeb,0x14,0x00,0x00,0xf8,0x00,0x08,0xf0,0x78,0x80,0x08,0xf0,0xe8,
  0x10,0x68,0x90,0x68,0x90,0x2b,0x14,0x6b,0x14,0x56,0x29,0xd5,0x2a,0xbb,0x44,0xee,
  0x00,0x00,0x00,0x00,0x00,0x68,0x90,0x68,0x90,0xb8,0x40,0xd8,0x20,0x68,0x10,0x38,
  0x00,0x00,0x00,0x00,0x00,0x00,0x00,0x3b,0x00,0x2a,0x11,0xee,0x11,0xa8,0x57,0xa6,
  0x59,0xaf,0x50,0xe8,0x17,0x00,0x00,0x80,0x00,0xf8,0x00,0xc8,0x30,0x38,0xc0,0xd8,
  0x20,0x28,0xd0,0xc8,0x30,0x2f,0x10,0x68,0x17,0x56,0x29,0xd5,0x2a,0xbb,0x44,0xee,
  0x00,0x00,0x00,0x00,0x00,0xf8,0x00,0x08,0xf0,0xb8,0x40,0xa8,0x50,0x88,0x70,0xf8,
  0x00,0x00,0x00,0x00,0x00,0x00,0x00,0x39,0x00,0xef,0x10,0x84,0x7b,0xef,0x10,0x2f,
  0x10,0xe4,0x1b,0x8e,0x71,0x00,0x00,0xc0,0x00,0x70,0x80,0x10,0xe0,0x50,0xa0,0x50,
  0xa0,0xd0,0x20,0xd8,0x20,0xed,0x12,0x4d,0x32,0x7f,0x00,0xd6,0x29,0xbb,0x44,0xef,
  0x00,0x00,0x00,0x00,0x00,0x68,0x90,0xa8,0x50,0xf8,0x00,0xd8,0x20,0x68,0x90,0xf8,
  0x00,0x00,0x00,0x00,0x00,0x00,0x00,0x3b,0x00,0x2a,0x11,0xee,0x11,0xa5,0x5a,0xab,
  0x54,0xae,0x51,0xe9,0x16,0x00,0x00,0x80,0x00,0xf0,0x00,0x10,0xe0,0xd0,0x20,0xb0,
  0x40,0xf8,0x00,0x88,0x70,0x2b,0x14,0x68,0x17,0x53,0x2c,0xdb,0x24,0xb8,0x47,0xef,
  0x00,0x00,0x00,0x00,0x00,0xe8,0x10,0x88,0x70,0xe8,0x10,0xe8,0x10,0x08,0xf0,0xf8,
  0x00,0x00,0x00,0x00,0x00,0x00,0x00,0x71,0x00,0x5f,0x20,0x43,0x3c,0xd8,0x27,0xab,
  0x54,0xf7,0x08,0x56,0x29,0x00,0x00,0xf0,0x00,0x58,0xa0,0x68,0x90,0x18,0xe0,0x70,
  0x80,0x60,0x80,0xb0,0x40,0xed,0x12,0x9b,0x64,0xff,0x00,0xd6,0x29,0xbb,0x44,0xef,
  0x00,0x00,0x00,0x00,0x00,0xd8,0x20,0x68,0x10,0xf8,0x00,0xd8,0x20,0x68,0x90,0xf8,
  0x00,0x00,0x00,0x00,0x00,0x00,0x00,0xff,0x00,0x84,0x7b,0xb7,0x48,0xb6,0x49,0x85,
  0x7a,0xb7,0x48,0xb4,0x4b,0x00,0x00,0xf8,0x00,0x08,0xf0,0x68,0x90,0xe8,0x10,0xc8,
  0x30,0xf8,0x00,0x08,0xf0,0xb5,0x4a,0x84,0x7b,0xff,0x00,0xd6,0x29,0xbb,0x44,0xef,
  0x00,0x00,0x00,0x00,0x00,0xe8,0x10,0x08,0xf0,0xf8,0x00,0xd8,0x20,0x68,0x90,0xf8,
  0x00,0x00,0x00,0x00,0x00,0x00,0x00,0x73,0x00,0xde,0x21,0xb6,0x49,0x82,0x7d,0xbb,
  0x44,0x82,0x7d,0xba,0x45,0x00,0x00,0xf8,0x00,0xc8,0x30,0x38,0xc0,0xe8,0x10,0x08,
  0xf0,0xd8,0x20,0x38,0xc0,0x82,0x7d,0xbb,0x44,0xff,0x00,0xd6,0x29,0xbb,0x44,0xef,
  0x00,0x00,0x00,0x00,0x00,0xe8,0x10,0x08,0xf0,0xf8,0x00,0xd8,0x20,0x68,0x90,0xf8,
  0x00,0x00,0x00,0x00,0x00,0x00,0x00,0x39,0x00,0xef,0x10,0x83,0x7c,0xee,0x11,0x81,
  0x7e,0xdf,0x20,0x43,0x3c,0x00,0x00,0xc0,0x00,0x78,0x80,0x08,0xf0,0xd8,0x20,0x50,
  0xa0,0x50,0xa0,0xb0,0x40,0xdb,0x24,0xb2,0x4d,0xff,0x00,0xd6,0x29,0xbb,0x44,0xef,
  0x00,0x00,0x00,0x00,0x00,0x58,0xa0,0xe8,0x10,0xf8,0x00,0xd8,0x20,0x68,0x90,0xf8,
  0x00,0x00,0x00,0x00,0x00,0x00,0x00,0x3f,0x00,0x28,0x17,0xea,0x15,0xaa,0x55,0xa4,
  0x5b,0xaa,0x55,0xed,0x12,0x00,0x00,0xf8,0x00,0xa8,0x50,0xa8,0x50,0x08,0xf0,0xb8,
  0x40,0xa0,0x40,0xb0,0x40,0x6b,0x14,0x56,0x29,0xdf,0x20,0xba,0x45,0xb7,0x48,0xfd,
  0x00,0x00,0x00,0x00,0x00,0x58,0xa0,0xe8,0x10,0xf8,0x00,0xd8,0x20,0x68,0x90,0xf8,
  0x00,0x00,0x00,0x00,0x00,0x00,0x00,0x3f,0x00,0x2c,0x13,0xed,0x12,0xac,0x53,0xa5,
  0x5a,0xa8,0x57,0xee,0x11,0x00,0x00,0xf0,0x00,0x10,0xe0,0xd0,0x20,0x10,0xe0,0xd8,
  0x20,0x08,0xf0,0xb8,0x40,0x28,0x17,0x6d,0x12,0x52,0x2d,0xd5,0x2a,0xba,0x45,0xef,
  0x00,0x00,0x00,0x00,0x00,0x08,0xf0,0x58,0xa0,0x28,0xd0,0x58,0xa0,0x68,0x90,0xf8,
  0x00,0x00,0x00,0x00,0x00,0x00,0x00,0x01,0x00,0x7f,0x00,0x40,0x3f,0xed,0x12,0x80,
  0x7f,0xbb,0x44,0xc0,0x3f,0x00,0x00,0xf0,0x00,0x10,0xe0,0xd0,0x20,0xb8,0x40,0x08,
  0xf0,0xe8,0x10,0x18,0xe0,0x77,0x08,0xe0,0x1f,0x97,0x68,0xf8,0x07,0x47,0x38,0x7c,
  0x00,0x00,0x00,0x00,0x00,0xf0,0x00,0x20,0xc0,0xa0,0x40,0x78,0x80,0x88,0x70,0xf8,
  0x00,0x00,0x00,0x00,0x00,0x00,0x00,0x1d,0x00,0x35,0x08,0x6d,0x10,0xd8,0x20,0xa8,
  0x50,0xed,0x10,0x37,0x08,0x00,0x00,0xc0,0x00,0x60,0x80,0xb0,0x40,0xd8,0x20,0xa8,
  0x50,0xb8,0x40,0x60,0x80,0x1a,0x05,0x0d,0x02,0x3a,0x05,0xe7,0x18,0x9d,0x60,0xf0,
  0x00,0x00,0x00,0x00,0x00,0xc0,0x00,0x80,0x00,0xe0,0x00,0x38,0xc0,0xc8,0x30,0x78,
  0x00,0x00,0x00,0x00,0x00,0x00,0x00,0x1d,0x00,0x35,0x08,0xed,0x10,0x97,0x68,0xf8,
  0x07,0xe7,0x18,0x9f,0x60,0x00,0x00,0xc0,0x00,0x60,0x80,0xb8,0x40,0x48,0xb0,0xf8,
  0x00,0x38,0xc0,0xc8,0x30,0xe0,0x1f,0x3b,0x04,0x0b,0x04,0x0a,0x05,0x0b,0x04,0x0e,
  0x00,0x00,0x00,0x00,0x00,0x38,0xc0,0xa0,0x40,0xa0,0x40,0x60,0x80,0xc0,0x00,0x00,
  0x00,0x00,0x00,0x00,0x00,0x00,0x00,0x07,0x00,0xfd,0x02,0x80,0x7f,0xfd,0x02,0x55,
  0x2a,0x6d,0x12,0x55,0x2a,0x00,0x00,0x00,0x00,0xf8,0x00,0x08,0xf0,0xf8,0x00,0x50,
  0xa0,0xb0,0x40,0x50,0xa0,0x6d,0x12,0x55,0x2a,0x7a,0x05,0xe7,0x18,0x9d,0x60,0xf0,
  0x00,0x00,0x00,0x00,0x00,0xb0,0x40,0x50,0xa0,0xf0,0x00,0x38,0xc0,0xc8,0x30,0x78,
  0x00,0x00,0x00,0x00,0x00,0x00,0x00,0x39,0x00,0x29,0x10,0x29,0x10,0x2f,0x10,0x20,
  0x1f,0x2f,0x10,0x2f,0x10,0x00,0x00,0xc0,0x00,0x40,0x80,0x40,0x80,0x78,0x80,0x08,
  0xf0,0xf8,0x00,0xe0,0x00,0x20,0x1f,0x6f,0x10,0x58,0x20,0xd0,0x20,0xb0,0x40,0xe0,
  0x00,0x00,0x00,0x00,0x00,0x20,0xc0,0xa0,0x40,0xa0,0x40,0xa0,0x40,0xa0,0x40,0xe0,
  0x00,0x00,0x00,0x00,0x00,0x00,0x00,0x7f,0x00,0x56,0x29,0x54,0x2b,0x55,0x2a,0x40,
  0x3f,0x5d,0x22,0x5c,0x23,0x00,0x00,0x80,0x00,0xf8,0x00,0x08,0xf0,0x68,0x90,0x08,
  0xf0,0x68,0x90,0x08,0xf0,0x46,0x39,0x55,0x2a,0x50,0x2f,0xd7,0x28,0xb4,0x48,0xfc,
  0x00,0x00,0x00,0x00,0x00,0xb8,0x40,0xb8,0x40,0x08,0xf0,0xb8,0x40,0xa0,0x40,0xe0,
  0x00,0x00,0x00,0x00,0x00,0x00,0x00,0x07,0x00,0xfd,0x02,0x80,0x7f,0xbf,0x40,0xed,
  0x12,0x60,0x1f,0x5d,0x22,0x00,0x00,0x00,0x00,0xf8,0x00,0x08,0xf0,0xe8,0x10,0xf8,
  0x00,0x10,0xe0,0xf0,0x00,0xfd,0x02,0x80,0x7f,0xfd,0x02,0x05,0x02,0x05,0x02,0x07,
  0x00,0x00,0x00,0x00,0x00,0xf8,0x00,0x08,0xf0,0xf8,0x00,0x00,0x00,0x00,0x00,0x00,
  0x00,0x00,0x00,0x00,0x00,0x00,0x00,0x3f,0x00,0xed,0x12,0xad,0x52,0x84,0x7b,0xaa,
  0x55,0xee,0x11,0xe6,0x19,0x00,0x00,0x00,0x00,0x00,0x00,0xf8,0x00,0x08,0xf0,0xa8,
  0x50,0xa8,0x50,0xa8,0x50,0x8d,0x72,0xed,0x12,0x2b,0x14,0x2e,0x11,0x2d,0x12,0x3f,
  0x00,0x00,0x00,0x00,0x00,0xa8,0x50,0x68,0x90,0x68,0x90,0xe8,0x10,0x98,0x60,0xf0,
  0x00,0x00,0x00,0x00,0x00,0x00,0x00,0x3f,0x00,0xed,0x12,0xad,0x52,0x84,0x7b,0xad,
  0x52,0xeb,0x14,0xe7,0x18,0x00,0x00,0xe0,0x00,0xa0,0x40,0xb8,0x40,0x08,0xf0,0xb8,
  0x40,0xa0,0x40,0xb8,0x40,0x8c,0x73,0xef,0x10,0x28,0x10,0x2f,0x10,0x28,0x17,0x3f,
  0x00,0x00,0x00,0x00,0x00,0x08,0xf0,0xb8,0x40,0xa0,0x40,0xb8,0x40,0x08,0xf0,0xf8,
  0x00,0x00,0x00,0x00,0x00,0x00,0x00,0x39,0x00,0xef,0x10,0xac,0x53,0x87,0x78,0xaf,
  0x50,0xe8,0x17,0xe7,0x18,0x00,0x00,0xc0,0x00,0x70,0x80,0x10,0xe0,0x70,0x80,0x78,
  0x80,0x08,0xf0,0xd8,0x20,0x88,0x77,0xed,0x12,0x2e,0x11,0x2b,0x10,0x29,0x10,0x39,
  0x00,0x00,0x00,0x00,0x00,0x08,0xf0,0xd8,0x20,0xd0,0x20,0xd0,0x20,0x10,0xe0,0xf0,
  0x00,0x00,0x00,0x00,0x00,0x00,0x00,0x3f,0x00,0xe8,0x17,0xae,0x51,0x86,0x79,0xa8,
  0x57,0xea,0x15,0xe2,0x1d,0x00,0x00,0xf8,0x00,0x08,0xf0,0xb8,0x40,0xb8,0x40,0x08,
  0xf0,0xa8,0x50,0xa8,0x50,0x8a,0x75,0xea,0x15,0x29,0x16,0x2b,0x14,0x28,0x17,0x3f,
  0x00,0x00,0x00,0x00,0x00,0xa8,0x50,0x88,0x70,0xe8,0x10,0xe8,0x10,0x08,0xf0,0xf8,
  0x00,0x00,0x00,0x00,0x00,0x00,0x00,0xff,0x00,0xa8,0x57,0xdb,0x24,0xda,0x24,0xaa,
  0x54,0xeb,0x14,0x6b,0x14,0x00,0x00,0xf0,0x00,0x10,0xe0,0xd0,0x20,0x50,0x20,0x50,
  0x20,0xd0,0x20,0x10,0xe0,0xcb,0x34,0xaa,0x54,0xea,0x14,0xeb,0x14,0x9c,0x63,0xf7,
  0x00,0x00,0x00,0x00,0x00,0xf0,0x00,0x38,0x00,0x28,0x10,0xe8,0x10,0x08,0xf0,0xf8,
  0x00,0x00,0x00,0x00,0x00,0x00,0x00,0x39,0x00,0x29,0x10,0xe9,0x10,0xaf,0x50,0xc8,
  0x37,0x6f,0x10,0x2a,0x11,0x00,0x00,0xf0,0x00,0x58,0xa0,0x68,0x90,0x78,0x80,0x08,
  0xf0,0x78,0x80,0xa0,0x40,0x6a,0x11,0xce,0x31,0xad,0x52,0xed,0x12,0x2b,0x14,0x3e,
  0x00,0x00,0x00,0x00,0x00,0xa0,0x40,0xb0,0x40,0xd0,0x20,0x58,0x20,0x68,0x10,0x38,
  0x00,0x00,0x00,0x00,0x00,0x00,0x00,0xf9,0x00,0xa9,0x50,0xdf,0x20,0xd8,0x27,0xab,
  0x54,0xeb,0x14,0x6b,0x14,0x00,0x00,0xc0,0x00,0x40,0x80,0x78,0x80,0x08,0xf0,0x68,
  0x90,0x68,0x90,0x68,0x90,0xc8,0x37,0xaf,0x50,0xe9,0x10,0xef,0x10,0x98,0x67,0xff,
  0x00,0x00,0x00,0x00,0x00,0x08,0xf0,0x78,0x80,0x58,0xa0,0x28,0xd0,0xe8,0x10,0xb8,
  0x00,0x00,0x00,0x00,0x00,0x00,0x00,0xf9,0x00,0xaf,0x50,0xd8,0x27,0xdf,0x20,0xa8,
  0x57,0xef,0x10,0x60,0x1f,0x00,0x00,0xc0,0x00,0x70,0x80,0x10,0xe0,0x70,0x80,0x10,
  0xe0,0x78,0x80,0x08,0xf0,0xcb,0x34,0xa8,0x57,0xeb,0x14,0xe8,0x17,0x9b,0x64,0xfe,
  0x00,0x00,0x00,0x00,0x00,0xd8,0x20,0x10,0xe0,0xd0,0x20,0x10,0xe0,0xd0,0x20,0x70,
  0x00,0x00,0x00,0x00,0x00,0x00,0x00,0xff,0x00,0xad,0x52,0xdd,0x22,0xda,0x25,0xab,
  0x54,0xe3,0x1c,0x6a,0x15,0x00,0x00,0xf0,0x00,0x10,0xe0,0xd8,0x20,0x08,0xf0,0x78,
  0x80,0x08,0xf0,0xb8,0x40,0xcb,0x34,0xaa,0x55,0xeb,0x14,0xeb,0x14,0x9a,0x65,0xff,
  0x00,0x00,0x00,0x00,0x00,0xb8,0x40,0x08,0xf0,0xb8,0x40,0x58,0xa0,0xe8,0x10,0xb8,
  0x00,0x00,0x00,0x00,0x00,0x00,0x00,0xff,0x00,0x80,0x7f,0xfd,0x02,0x05,0x02,0x05,
  0x02,0x7d,0x02,0x40,0x3f,0x00,0x00,0xf8,0x00,0x08,0xf0,0xf8,0x00,0x00,0x00,0x00,
  0x00,0xf0,0x00,0x10,0xe0,0x7d,0x02,0x05,0x02,0x05,0x02,0xfd,0x02,0x80,0x7f,0xff,
  0x00,0x00,0x00,0x00,0x00,0xf0,0x00,0x00,0x00,0x00,0x00,0xf8,0x00,0x08,0xf0,0xf8,
  0x00,0x00,0x00,0x00,0x00,0x00,0x00,0x0f,0x00,0xf8,0x07,0x8f,0x70,0xd8,0x20,0x5f,
  0x20,0xd0,0x2f,0x8d,0x72,0x00,0x00,0xf0,0x00,0x10,0xe0,0xf0,0x00,0x00,0x00,0xf8,
  0x00,0x08,0xf0,0xb8,0x40,0xdd,0x22,0x5d,0x22,0xcb,0x34,0x9a,0x64,0xf6,0x08,0x1c,
  0x00,0x00,0x00,0x00,0x00,0xa0,0x40,0xb8,0x40,0xa8,0x50,0xa8,0x50,0x88,0x70,0xf8,
  0x00,0x00,0x00,0x00,0x00,0x00,0x00,0x0f,0x00,0xf8,0x07,0x87,0x78,0xed,0x10,0x2b,
  0x10,0xee,0x11,0x85,0x7a,0x00,0x00,0xf8,0x00,0x08,0xf0,0xb8,0x40,0x60,0x80,0x70,
  0x80,0x58,0xa0,0x68,0x90,0xeb,0x14,0x2f,0x10,0xe5,0x18,0x9d,0x60,0xf1,0x00,0x01,
  0x00,0x00,0x00,0x00,0x00,0x68,0x90,0x78,0x80,0x40,0x80,0x40,0x80,0x40,0x80,0xc0,
  0x00,0x00,0x00,0x00,0x00,0x00,0x00,0x0f,0x00,0xf8,0x07,0x8b,0x74,0xdb,0x24,0x5b,
  0x24,0xdb,0x24,0x8b,0x74,0x00,0x00,0xf0,0x00,0x10,0xe0,0xd0,0x20,0x50,0xa0,0x50,
  0xa0,0x50,0xa0,0x50,0xa0,0xdb,0x24,0x5f,0x20,0xce,0x31,0x9d,0x62,0xf3,0x0c,0x1e,
  0x00,0x00,0x00,0x00,0x00,0x50,0xa0,0x78,0x80,0xa8,0x50,0xa8,0x50,0x88,0x70,0xf8,
  0x00,0x00,0x00,0x00,0x00,0x00,0x00,0x01,0x00,0xfb,0x00,0x8e,0x71,0xdd,0x22,0x53,
  0x2c,0xde,0x21,0x89,0x76,0x00,0x00,0xc0,0x00,0x60,0x80,0xb0,0x40,0xd8,0x20,0xa8,
  0x50,0x78,0x80,0xd0,0x20,0xdf,0x20,0x5e,0x21,0xc9,0x36,0x9f,0x60,0xf8,0x07,0x0f,
  0x00,0x00,0x00,0x00,0x00,0xb8,0x40,0x68,0x90,0xd8,0x20,0x30,0xc0,0xe0,0x00,0x80,
  0x00,0x00,0x00,0x00,0x00,0x00,0x00,0x0f,0x00,0xfb,0x04,0x8b,0x74,0xd8,0x27,0x57,
  0x28,0xdf,0x20,0x88,0x77,0x00,0x00,0xc0,0x00,0x40,0x80,0x70,0x80,0x10,0xe0,0x70,
  0x80,0x78,0x80,0x08,0xf0,0xdf,0x20,0x5e,0x21,0xcd,0x32,0x93,0x6c,0xff,0x00,0x01,
  0x00,0x00,0x00,0x00,0x00,0x78,0x80,0x30,0xc0,0x58,0xa0,0x68,0x90,0x78,0x80,0xc0,
  0x00,0x00,0x00,0x00,0x00,0x00,0x00,0x01,0x00,0xf9,0x00,0x8f,0x70,0xd8,0x27,0x5f,
  0x20,0xdb,0x24,0x8d,0x72,0x00,0x00,0xf0,0x00,0x58,0xa0,0x68,0x90,0x08,0xf0,0x78,
  0x80,0x68,0x90,0x58,0xa0,0xdf,0x20,0x5e,0x21,0xcd,0x32,0x9b,0x64,0xfe,0x01,0x03,
  0x00,0x00,0x00,0x00,0x00,0x30,0xc0,0x58,0xa0,0x68,0x90,0x78,0x80,0x40,0x80,0xc0,
  0x00,0x00,0x00,0x00,0x00,0x00,0x00,0x0f,0x00,0xf8,0x07,0x8b,0x74,0xdb,0x24,0x58,
  0x27,0xdb,0x24,0x8b,0x74,0x00,0x00,0xf8,0x00,0x08,0xf0,0x68,0x90,0x68,0x90,0x08,
  0xf0,0x68,0x90,0x68,0x90,0xd8,0x27,0x5f,0x20,0xc8,0x37,0x9f,0x60,0xf0,0x0f,0x1f,
  0x00,0x00,0x00,0x00,0x00,0x08,0xf0,0x78,0x80,0x08,0xf0,0x78,0x80,0x08,0xf0,0xf8,
  0x00,0x00,0x00,0x00,0x00,0x00,0x00,0xef,0x00,0xba,0x45,0xd7,0x28,0x83,0x7c,0xd7,
  0x28,0x56,0x29,0xd6,0x29,0x00,0x00,0xf8,0x00,0x08,0xf0,0x78,0x80,0x70,0x80,0x10,
  0xe0,0xd0,0x20,0xd0,0x20,0x82,0x7d,0xd6,0x29,0x56,0x29,0xd6,0x29,0xb6,0x49,0xff,
  0x00,0x00,0x00,0x00,0x00,0x50,0xa0,0x90,0x60,0xd0,0x20,0x58,0xa0,0xc8,0x30,0xf8,
  0x00,0x00,0x00,0x00,0x00,0x00,0x00,0x38,0x00,0xef,0x10,0x80,0x7f,0xef,0x10,0x20,
  0x1f,0x2f,0x10,0x20,0x1f,0x00,0x00,0xe0,0x00,0xb8,0x40,0x08,0xf0,0xb8,0x40,0x20,
  0xc0,0xa0,0x40,0x20,0xc0,0xef,0x10,0x80,0x7f,0xdb,0x24,0x57,0x28,0x40,0x3f,0x7f,
  0x00,0x00,0x00,0x00,0x00,0xb8,0x40,0x08,0xf0,0x78,0x80,0xb0,0x40,0x10,0xe0,0xf0,
  0x00,0x00,0x00,0x00,0x00,0x00,0x00,0x77,0x00,0x55,0x22,0x5d,0x22,0x40,0x3f,0xdd,
  0x22,0xb5,0x42,0xfd,0x02,0x00,0x00,0x00,0x00,0x00,0x00,0xf0,0x00,0x10,0xe0,0xf0,
  0x00,0x00,0x00,0xf0,0x00,0x40,0x3f,0x7d,0x02,0x05,0x02,0xfd,0x02,0x80,0x7f,0xff,
  0x00,0x00,0x00,0x00,0x00,0x10,0xe0,0xf0,0x00,0x00,0x00,0xf8,0x00,0x08,0xf0,0xf8,
  0x00,0x00,0x00,0x00,0x00,0x00,0x00,0x7f,0x00,0x40,0x3f,0x5d,0x22,0x5d,0x22,0x40,
  0x3f,0x5d,0x22,0x5d,0x22,0x00,0x00,0xf0,0x00,0x10,0xe0,0xd0,0x20,0xd0,0x20,0x10,
  0xe0,0xd0,0x20,0xd0,0x20,0x40,0x3f,0x5d,0x22,0x55,0x22,0xd5,0x22,0xb5,0x42,0xe7,
  0x00,0x00,0x00,0x00,0x00,0x10,0xe0,0xd0,0x20,0x50,0x20,0xd0,0x20,0x90,0x60,0xf0,
  0x00,0x00,0x00,0x00,0x00,0x00,0x00,0x07,0x00,0x05,0x02,0xfd,0x02,0x80,0x7f,0xbd,
  0x42,0xa5,0x42,0xbd,0x42,0x00,0x00,0x00,0x00,0x00,0x00,0xf8,0x00,0x08,0xf0,0xe8,
  0x10,0x28,0x10,0xe8,0x10,0x80,0x7f,0xbd,0x42,0xa5,0x42,0xbd,0x42,0x80,0x7f,0xff,
  0x00,0x00,0x00,0x00,0x00,0x08,0xf0,0xe8,0x10,0x28,0x10,0xe8,0x10,0x08,0xf0,0xf8,
  0x00,0x00,0x00,0x00,0x00,0x00,0x00,0xff,0x00,0x80,0x7f,0xbd,0x42,0xbd,0x42,0x80,
  0x7f,0xbd,0x42,0xbd,0x42,0x00,0x00,0xf8,0x00,0x08,0xf0,0xe8,0x10,0xe8,0x10,0x08,
  0xf0,0xe8,0x10,0xe8,0x10,0x80,0x7f,0xfd,0x02,0x05,0x02,0x05,0x02,0x05,0x02,0x07,
  0x00,0x00,0x00,0x00,0x00,0x08,0xf0,0xf8,0x00,0x00,0x00,0x00,0x00,0x00,0x00,0x00,
  0x00,0x00,0x00,0x00,0x00,0x00,0x00,0x0e,0x00,0xfb,0x04,0x80,0x7f,0xbb,0x44,0xbb,
  0x44,0x80,0x7f,0xbb,0x44,0x00,0x00,0x00,0x00,0xe0,0x00,0x20,0xc0,0xa0,0x40,0xa0,
  0x40,0x20,0xc0,0xa0,0x40,0xbb,0x44,0x80,0x7f,0xfb,0x04,0x0b,0x04,0x0c,0x03,0x07,
  0x00,0x00,0x00,0x00,0x00,0xa0,0x40,0x38,0xc0,0xe8,0x10,0xe8,0x10,0x08,0xf0,0xf8,
  0x00,0x00,0x00,0x00,0x00,0x00,0x00,0x7f,0x00,0x40,0x3f,0x5d,0x22,0x40,0x3f,0x5d,
  0x22,0x40,0x3f,0x77,0x08,0x00,0x00,0xf0,0x00,0x10,0xe0,0xd0,0x20,0x10,0xe0,0xd0,
  0x20,0x10,0xe0,0x70,0x80,0xed,0x10,0x95,0x68,0xf5,0x08,0xed,0x10,0x99,0x60,0xf1,
  0x00,0x00,0x00,0x00,0x00,0xb8,0x40,0x48,0xb0,0x78,0x80,0x40,0x80,0x40,0x80,0xc0,
  0x00,0x00,0x00,0x00,0x00,0x00,0x00,0x1f,0x00,0xf2,0x0d,0x8f,0x70,0xbf,0x40,0xba,
  0x45,0x85,0x7a,0xff,0x00,0x00,0x00,0xf8,0x00,0x08,0xf0,0x68,0x90,0x68,0x90,0xe8,
  0x10,0xc8,0x30,0xf8,0x00,0x40,0x3f,0x5d,0x22,0x40,0x3f,0x5d,0x22,0x40,0x3f,0x7f,
  0x00,0x00,0x00,0x00,0x00,0x10,0xe0,0xd0,0x20,0x10,0xe0,0xd0,0x20,0x10,0xe0,0xf0,
  0x00,0x00,0x00,0x00,0x00,0x00,0x00,0xff,0x00,0xb2,0x4d,0x8f,0x70,0xbb,0x44,0x83,
  0x7c,0xde,0x21,0xc3,0x3c,0x00,0x00,0xf8,0x00,0x08,0xf0,0xe8,0x10,0x58,0xa0,0xb8,
  0x40,0x08,0xf0,0xa8,0x50,0xaf,0x50,0x82,0x7d,0xee,0x11,0xd5,0x2a,0xb9,0x46,0xef,
  0x00,0x00,0x00,0x00,0x00,0xb8,0x40,0x88,0x70,0xb8,0x40,0x38,0xc0,0xc8,0x30,0x78,
  0x00,0x00,0x00,0x00,0x00,0x00,0x00,0x03,0x00,0x7e,0x01,0x40,0x3f,0xdf,0x20,0x90,
  0x6f,0xd7,0x28,0xd7,0x28,0x00,0x00,0x80,0x00,0xf8,0x00,0x08,0xf0,0x78,0x80,0x08,
  0xf0,0x68,0x90,0x78,0x80,0x90,0x6f,0xd5,0x2a,0x56,0x29,0xd7,0x28,0xa8,0x57,0xff,
  0x00,0x00,0x00,0x00,0x00,0x08,0xf0,0xe8,0x10,0xd8,0x20,0x38,0xc0,0xc8,0x30,0xf8,
  0x00,0x00,0x00,0x00,0x00,0x00,0x00,0x03,0x00,0x7e,0x01,0x40,0x3f,0xdf,0x20,0x90,
  0x6f,0xdf,0x20,0xd0,0x2f,0x00,0x00,0x80,0x00,0xf8,0x00,0x08,0xf0,0xf8,0x00,0x08,
  0xf0,0x78,0x80,0x08,0xf0,0x97,0x68,0xd6,0x29,0x51,0x2e,0xd7,0x28,0xb4,0x48,0xfc,
  0x00,0x00,0x00,0x00,0x00,0x68,0x90,0xa8,0x50,0xc8,0x30,0x68,0x10,0x48,0x30,0x78,
  0x00,0x00,0x00,0x00,0x00,0x00,0x00,0x03,0x00,0x7e,0x01,0x40,0x3f,0xdf,0x20,0x90,
  0x6f,0xdd,0x22,0xd0,0x2f,0x00,0x00,0x80,0x00,0xf8,0x00,0x08,0xf0,0xf8,0x00,0x20,
  0xc0,0x70,0x80,0x10,0xe0,0x96,0x69,0xd0,0x2f,0x56,0x29,0xd0,0x2f,0xb6,0x49,0xff,
  0x00,0x00,0x00,0x00,0x00,0xd0,0x20,0x10,0xe0,0xd0,0x20,0x10,0xe0,0xd0,0x20,0xf0,
  0x00,0x00,0x00,0x00,0x00,0x00,0x00,0x7f,0x00,0x42,0x3d,0x7a,0x05,0x57,0x28,0x6f,
  0x10,0xc0,0x3f,0xbf,0x40,0x00,0x00,0xf0,0x00,0xd0,0x20,0xb0,0x40,0x78,0x80,0xa8,
  0x50,0x18,0xe0,0xe8,0x10,0xe0,0x1f,0x2f,0x10,0x20,0x1f,0xf7,0x08,0x80,0x7f,0xff,
  0x00,0x00,0x00,0x00,0x00,0x38,0xc0,0xa0,0x40,0x20,0xc0,0x78,0x80,0x08,0xf0,0xf8,
  0x00,0x00,0x00,0x00,0x00,0x00,0x00,0x07,0x00,0x0d,0x02,0x7b,0x04,0x40,0x3f,0x5f,
  0x20,0x50,0x20,0x5f,0x20,0x00,0x00,0x00,0x00,0x00,0x00,0xf0,0x00,0x10,0xe0,0xd0,
  0x20,0x50,0x20,0xd0,0x20,0x40,0x3f,0x5f,0x20,0x50,0x20,0x5f,0x20,0x40,0x3f,0x7f,
  0x00,0x00,0x00,0x00,0x00,0x10,0xe0,0xd0,0x20,0x50,0x20,0xd0,0x20,0x10,0xe0,0xf0,
  0x00,0x00,0x00,0x00,0x00,0x00,0x00,0xff,0x00,0x80,0x7f,0xfd,0x02,0x7b,0x04,0x40,
  0x3f,0x5f,0x20,0x5f,0x20,0x00,0x00,0xf8,0x00,0x08,0xf0,0xf8,0x00,0xf0,0x00,0x10,
  0xe0,0xd0,0x20,0xd0,0x20,0x40,0x3f,0x5f,0x20,0x50,0x20,0x5f,0x20,0x40,0x3f,0x7f,
  0x00,0x00,0x00,0x00,0x00,0x10,0xe0,0xd0,0x20,0x50,0x20,0xd0,0x20,0x10,0xe0,0xf0,
  0x00,0x00,0x00,0x00,0x00,0x00,0x00,0x3b,0x00,0x6a,0x11,0xde,0x21,0x82,0x7d,0xb9,
  0x46,0xab,0x44,0xbb,0x44,0x00,0x00,0x80,0x00,0x80,0x00,0xf8,0x00,0x08,0xf0,0xe8,
  0x10,0xe8,0x10,0x68,0x90,0x83,0x7c,0xba,0x44,0xaa,0x44,0xba,0x44,0x82,0x7c,0xfe,
  0x00,0x00,0x00,0x00,0x00,0xa8,0x50,0xa8,0x50,0xe8,0x10,0xe8,0x10,0x98,0x60,0xf0,
  0x00,0x00,0x00,0x00,0x00,0x00,0x00,0x38,0x00,0x2d,0x10,0xf7,0x08,0x80,0x7f,0xff,
  0x00,0xe5,0x18,0x9d,0x60,0x00,0x00,0xe0,0x00,0xa0,0x40,0x78,0x80,0x08,0xf0,0xf8,
  0x00,0x38,0xc0,0xc8,0x30,0xff,0x00,0x40,0x3f,0x5a,0x25,0xda,0x25,0x80,0x7f,0xff,
  0x00,0x00,0x00,0x00,0x00,0xf8,0x00,0x10,0xe0,0xd0,0x20,0xd8,0x20,0x08,0xf0,0xf8,
  0x00,0x00,0x00,0x00,0x00,0x00,0x00,0x77,0x00,0x5d,0x22,0x6c,0x13,0x3b,0x04,0x6f,
  0x10,0xde,0x21,0xb9,0x46,0x00,0x00,0x00,0x00,0xf8,0x00,0x08,0xf0,0x68,0x90,0x78,
  0x80,0xb8,0x40,0xc8,0x30,0xff,0x00,0x40,0x3f,0x5a,0x25,0xda,0x25,0x80,0x7f,0xff,
  0x00,0x00,0x00,0x00,0x00,0xf8,0x00,0x10,0xe0,0xd0,0x20,0xd8,0x20,0x08,0xf0,0xf8,
  0x00,0x00,0x00,0x00,0x00,0x00,0x00,0x07,0x00,0x3d,0x02,0x20,0x1f,0x2d,0x12,0xee,
  0x11,0x80,0x7f,0xed,0x12,0x00,0x00,0x00,0x00,0xf0,0x00,0x10,0xe0,0xd0,0x20,0xd8,
  0x20,0x08,0xf0,0xd8,0x20,0x5e,0x21,0x7f,0x00,0x40,0x3f,0xda,0x25,0x80,0x7f,0xff,
  0x00,0x00,0x00,0x00,0x00,0x90,0x60,0xf0,0x00,0x10,0xe0,0xd8,0x20,0x08,0xf0,0xf8,
  0x00,0x00,0x00,0x00,0x00,0x00,0x00,0x7f,0x00,0x40,0x3f,0x5f,0x20,0x5f,0x20,0x40,
  0x3f,0x5f,0x20,0x50,0x20,0x00,0x00,0xf0,0x00,0x10,0xe0,0xd0,0x20,0xd0,0x20,0x10,
  0xe0,0xd0,0x20,0x50,0x20,0x5f,0x20,0x40,0x3f,0x5f,0x20,0x5f,0x20,0x40,0x3f,0x7f,
  0x00,0x00,0x00,0x00,0x00,0xd0,0x20,0x10,0xe0,0xd0,0x20,0xd0,0x20,0x10,0xe0,0xf0,
  0x00,0x00,0x00,0x00,0x00,0x00,0x00,0x07,0x00,0x7d,0x02,0x40,0x3f,0x7d,0x02,0x20,
  0x1f,0x2f,0x10,0x20,0x1f,0x00,0x00,0x00,0x00,0xf0,0x00,0x10,0xe0,0xf0,0x00,0x20,
  0xc0,0xa0,0x40,0x20,0xc0,0x2f,0x10,0x20,0x1f,0x2f,0x10,0xef,0x10,0x80,0x7f,0xff,
  0x00,0x00,0x00,0x00,0x00,0xa0,0x40,0x20,0xc0,0xa0,0x40,0xb8,0x40,0x08,0xf0,0xf8,
  0x00,0x00,0x00,0x00,0x00,0x00,0x00,0x3f,0x00,0x2c,0x13,0xed,0x12,0x81,0x7e,0xec,
  0x13,0x6d,0x12,0x45,0x3a,0x00,0x00,0xf8,0x00,0x08,0xf0,0xe8,0x10,0xe8,0x10,0x08,
  0xf0,0xe8,0x10,0x28,0x10,0xc9,0x36,0xac,0x53,0xed,0x12,0x2d,0x12,0x2c,0x13,0x3f,
  0x00,0x00,0x00,0x00,0x00,0xe8,0x10,0x08,0xf0,0xe8,0x10,0xe8,0x10,0x08,0xf0,0xf8,
  0x00,0x00,0x00,0x00,0x00,0x00,0x00,0x7f,0x00,0x40,0x3f,0x5e,0x21,0x40,0x3f,0x5e,
  0x21,0x50,0x2f,0x57,0x28,0x00,0x00,0xf0,0x00,0x10,0xe0,0xf8,0x00,0x08,0xf0,0xf8,
  0x00,0x10,0xe0,0xd0,0x20,0x50,0x2f,0x57,0x28,0x50,0x2f,0xd7,0x28,0xb0,0x4f,0xff,
  0x00,0x00,0x00,0x00,0x00,0x10,0xe0,0xd0,0x20,0x10,0xe0,0xd0,0x20,0x10,0xe0,0xf0,
  0x00,0x00,0x00,0x00,0x00,0x00,0x00,0x7f,0x00,0x40,0x3f,0x7d,0x02,0x40,0x3f,0xfb,
  0x04,0x80,0x7f,0xef,0x10,0x00,0x00,0xf0,0x00,0x10,0xe0,0xf0,0x00,0x10,0xe0,0xf8,
  0x00,0x08,0xf0,0xd8,0x20,0xc0,0x3f,0xaf,0x50,0xe0,0x1f,0x2f,0x10,0x20,0x1f,0x3f,
  0x00,0x00,0x00,0x00,0x00,0x10,0xe0,0xd0,0x20,0x10,0xe0,0xd0,0x20,0x10,0xe0,0xf0,
  0x00,0x00,0x00,0x00,0x00,0x00,0x00,0x07,0x00,0x7d,0x02,0x40,0x3f,0x7d,0x02,0x20,
  0x1f,0x2f,0x10,0x20,0x1f,0x00,0x00,0x00,0x00,0xf0,0x00,0x10,0xe0,0xf0,0x00,0x20,
  0xc0,0xa0,0x40,0x20,0xc0,0x2f,0x10,0xef,0x10,0x80,0x7f,0xef,0x10,0x98,0x60,0xf0,
  0x00,0x00,0x00,0x00,0x00,0xa0,0x40,0xb8,0x40,0x08,0xf0,0xb8,0x40,0xc8,0x30,0x78,
  0x00,0x00,0x00,0x00,0x00,0x00,0x00,0xf8,0x00,0x8f,0x70,0xa8,0x57,0xae,0x51,0x8f,
  0x70,0xa8,0x57,0xaf,0x50,0x00,0x00,0x78,0x00,0xc8,0x30,0x38,0xc0,0xe0,0x00,0x78,
  0x80,0x08,0xf0,0xe8,0x10,0x88,0x70,0xa9,0x50,0xaf,0x50,0x8c,0x73,0xfb,0x04,0x0f,
  0x00,0x00,0x00,0x00,0x00,0xd8,0x20,0xb0,0x40,0x60,0x80,0xf8,0x00,0x08,0xf0,0xf8,
  0x00,0x00,0x00,0x00,0x00,0x00,0x00,0xff,0x00,0x88,0x77,0xab,0x54,0xa8,0x57,0x8b,
  0x74,0xab,0x54,0xa8,0x57,0x00,0x00,0xf0,0x00,0x10,0xe0,0xd0,0x20,0x10,0xe0,0xd0,
  0x20,0xd0,0x20,0x18,0xe0,0x8b,0x74,0xab,0x54,0xab,0x54,0x8a,0x75,0xf9,0x06,0x0f,
  0x00,0x00,0x00,0x00,0x00,0x68,0x90,0x58,0xa0,0xb0,0x40,0xd8,0x20,0xe8,0x10,0x38,
  0x00,0x00,0x00,0x00,0x00,0x00,0x00,0x1d,0x00,0xf7,0x08,0x80,0x7f,0xfb,0x04,0x40,
  0x3f,0xf7,0x08,0x80,0x7f,0x00,0x00,0xc0,0x00,0x78,0x80,0x08,0xf0,0xf8,0x00,0x10,
  0xe0,0xf8,0x00,0x08,0xf0,0xef,0x10,0xcf,0x30,0xa0,0x5f,0xef,0x10,0x20,0x1f,0x3f,
  0x00,0x00,0x00,0x00,0x00,0xd8,0x20,0xd0,0x20,0x10,0xe0,0xd0,0x20,0x10,0xe0,0xf0,
  0x00,0x00,0x00,0x00,0x00,0x00,0x00,0xf9,0x00,0x8f,0x70,0xa8,0x57,0xaf,0x50,0x88,
  0x77,0xaf,0x50,0xa0,0x5f,0x00,0x00,0xc0,0x00,0x70,0x80,0x10,0xe0,0x70,0x80,0x10,
  0xe0,0x78,0x80,0x08,0xf0,0x8b,0x74,0xa8,0x57,0xab,0x54,0x88,0x77,0xfb,0x04,0x0e,
  0x00,0x00,0x00,0x00,0x00,0xd8,0x20,0x10,0xe0,0xd0,0x20,0x10,0xe0,0xd0,0x20,0x70,
  0x00,0x00,0x00,0x00,0x00,0x00,0x00,0xf8,0x00,0x8f,0x70,0xac,0x53,0xaf,0x50,0x88,
  0x77,0xad,0x52,0xa8,0x57,0x00,0x00,0xf0,0x00,0x90,0x60,0x70,0x80,0x78,0x80,0x08,
  0xf0,0x58,0xa0,0x08,0xf0,0x8d,0x72,0xad,0x52,0xa8,0x57,0x8f,0x70,0xfc,0x03,0x07,
  0x00,0x00,0x00,0x00,0x00,0x58,0xa0,0x58,0xa0,0x08,0xf0,0x78,0x80,0x10,0xe0,0xf0,
  0x00,0x00,0x00,0x00,0x00,0x00,0x00,0xf9,0x00,0x8f,0x70,0xa8,0x57,0xab,0x54,0x8c,
  0x73,0xaf,0x50,0xac,0x53,0x00,0x00,0xc0,0x00,0x78,0x80,0x08,0xf0,0x68,0x90,0x18,
  0xe0,0x70,0x80,0x10,0xe0,0x8f,0x70,0xa8,0x57,0xad,0x52,0x8d,0x72,0xfc,0x03,0x07,
  0x00,0x00,0x00,0x00,0x00,0x78,0x80,0x08,0xf0,0xd8,0x20,0xd0,0x20,0x10,0xe0,0xf0,
  0x00,0x00,0x00,0x00,0x00,0x00,0x00,0xff,0x00,0x8d,0x72,0xa8,0x57,0xa3,0x5c,0x88,
  0x77,0xab,0x54,0xa8,0x57,0x00,0x00,0xe0,0x00,0xb8,0x40,0x08,0xf0,0xb8,0x40,0x08,
  0xf0,0xb8,0x40,0x08,0xf0,0x8b,0x74,0xa8,0x57,0xaf,0x50,0x8a,0x75,0xfa,0x05,0x0f,
  0x00,0x00,0x00,0x00,0x00,0xb8,0x40,0x08,0xf0,0xf8,0x00,0xa8,0x50,0xa8,0x50,0xf8,
  0x00,0x00,0x00,0x00,0x00,0x00,0x00,0x07,0x00,0x7d,0x02,0x40,0x3f,0x6f,0x10,0xed,
  0x12,0x80,0x7f,0xf7,0x08,0x00,0x00,0x00,0x00,0xf0,0x00,0x10,0xe0,0xb0,0x40,0xb8,
  0x40,0x08,0xf0,0x78,0x80,0x80,0x7f,0xda,0x25,0x42,0x3d,0xda,0x25,0x80,0x7f,0xff,
  0x00,0x00,0x00,0x00,0x00,0x08,0xf0,0xd8,0x20,0x10,0xe0,0xd8,0x20,0x08,0xf0,0xf8,
  0x00,0x00,0x00,0x00,0x00,0x00,0x00,0x70,0x00,0x5f,0x20,0x41,0x3e,0xd7,0x28,0xb5,
  0x48,0xf7,0x08,0x81,0x7e,0x00,0x00,0x00,0x00,0xf8,0x00,0x08,0xf0,0x68,0x90,0x68,
  0x90,0x68,0x90,0x68,0x90,0xf7,0x08,0x2b,0x14,0x6d,0x12,0xdd,0x22,0xb7,0x40,0xe0,
  0x00,0x00,0x00,0x00,0x00,0x68,0x90,0x68,0x90,0x68,0x90,0x08,0xf0,0xf8,0x00,0x00,
  0x00,0x00,0x00,0x00,0x00,0x00,0x00,0xff,0x00,0x80,0x7f,0xfb,0x04,0x1a,0x04,0x16,
  0x08,0x37,0x08,0x60,0x1f,0x00,0x00,0xf8,0x00,0x08,0xf0,0xf8,0x00,0x00,0x00,0x00,
  0x00,0xf0,0x00,0x10,0xe0,0xcf,0x30,0xa8,0x50,0xe8,0x10,0x2f,0x10,0x20,0x1f,0x3f,
  0x00,0x00,0x00,0x00,0x00,0xd0,0x20,0x50,0x20,0x50,0x20,0xd0,0x20,0x10,0xe0,0xf0,
  0x00,0x00,0x00,0x00,0x00,0x00,0x00,0xfc,0x00,0x87,0x78,0xec,0x13,0x6d,0x12,0x5d,
  0x22,0xc4,0x3b,0x95,0x6a,0x00,0x00,0xe0,0x00,0xb8,0x40,0x08,0xf0,0xa8,0x50,0xb8,
  0x40,0x08,0xf0,0xe8,0x10,0xd4,0x2b,0x55,0x2a,0x55,0x2a,0x45,0x3a,0x7a,0x05,0x0f,
  0x00,0x00,0x00,0x00,0x00,0xe8,0x10,0x58,0xa0,0xb0,0x40,0x58,0xa0,0xe8,0x10,0xb8,
  0x00,0x00,0x00,0x00,0x00,0x00,0x00,0xff,0x00,0x88,0x77,0xdb,0x24,0xdb,0x24,0xba,
  0x45,0x8a,0x75,0xaa,0x55,0x00,0x00,0xf8,0x00,0x08,0xf0,0xb8,0x40,0xb8,0x40,0x08,
  0xf0,0xa8,0x50,0xa8,0x50,0xaa,0x55,0xaa,0x55,0xab,0x54,0x8b,0x74,0xf8,0x07,0x0f,
  0x00,0x00,0x00,0x00,0x00,0xa8,0x50,0x88,0x70,0xb8,0x40,0xb8,0x40,0x08,0xf0,0xf8,
  0x00,0x00,0x00,0x00,0x00,0x00,0x00,0xff,0x00,0x86,0x79,0xee,0x11,0x6d,0x12,0x58,
  0x27,0xc5,0x3a,0x94,0x6b,0x00,0x00,0x80,0x00,0xf0,0x00,0x10,0xe0,0xd8,0x20,0x08,
  0xf0,0x68,0x90,0x08,0xf0,0xd5,0x2a,0x54,0x2b,0x55,0x2a,0x45,0x3a,0x7b,0x04,0x0f,
  0x00,0x00,0x00,0x00,0x00,0x68,0x90,0x08,0xf0,0x68,0x90,0x68,0x90,0x48,0xb0,0xf8,
  0x00,0x00,0x00,0x00,0x00,0x00,0x00,0xff,0x00,0x84,0x7b,0xed,0x12,0x6c,0x13,0x5d,
  0x22,0xc4,0x3b,0x97,0x68,0x00,0x00,0xf0,0x00,0x10,0xe0,0xd0,0x20,0x10,0xe0,0xd0,
  0x20,0x10,0xe0,0xf8,0x00,0xd0,0x2f,0x57,0x28,0x50,0x2f,0x45,0x3a,0x7f,0x00,0x01,
  0x00,0x00,0x00,0x00,0x00,0x08,0xf0,0xb8,0x40,0x08,0xf0,0xb8,0x40,0x20,0xc0,0xe0,
  0x00,0x00,0x00,0x00,0x00,0x00,0x00,0xfd,0x00,0x87,0x78,0xe8,0x17,0x6f,0x10,0x5d,
  0x22,0xc5,0x3a,0x92,0x6d,0x00,0x00,0xc0,0x00,0x78,0x80,0x08,0xf0,0xf8,0x00,0x50,
  0x20,0xd8,0x20,0xa8,0x50,0xd7,0x28,0x50,0x2f,0x57,0x28,0x45,0x38,0x7d,0x00,0x01,
  0x00,0x00,0x00,0x00,0x00,0x78,0x80,0x08,0xf0,0x78,0x80,0x40,0x80,0x40,0x80,0xc0,
  0x00,0x00,0x00,0x00,0x00,0x00,0x00,0xff,0x00,0x86,0x79,0xec,0x13,0x6d,0x12,0x5c,
  0x23,0xc5,0x3a,0x94,0x6b,0x00,0x00,0x80,0x00,0xf8,0x00,0x08,0xf0,0x68,0x90,0x08,
  0xf0,0x68,0x90,0x08,0xf0,0xd6,0x29,0x55,0x2a,0x50,0x2f,0x47,0x38,0x7c,0x00,0x00,
  0x00,0x00,0x00,0x00,0x00,0xb8,0x40,0xb8,0x40,0x08,0xf0,0xb8,0x40,0xa0,0x40,0xe0,
  0x00,0x00,0x00,0x00,0x00,0x00,0x00,0xff,0x00,0x85,0x7a,0xee,0x11,0x68,0x17,0x5e,
  0x21,0xc6,0x39,0x96,0x69,0x00,0x00,0x70,0x00,0xd0,0x20,0xb8,0x40,0x08,0xf0,0xb8,
  0x40,0xa0,0x40,0xb8,0x40,0xd2,0x2d,0x54,0x2b,0x56,0x29,0x46,0x39,0x78,0x07,0x0f,
  0x00,0x00,0x00,0x00,0x00,0xa8,0x50,0x98,0x60,0xb0,0x40,0xb8,0x40,0x08,0xf0,0xf8,
  0x00,0x00,0x00,0x00,0x00,0x00,0x00,0x7f,0x00,0x40,0x3f,0x7f,0x00,0xff,0x00,0x80,
  0x7f,0xfd,0x02,0x3d,0x02,0x00,0x00,0xf0,0x00,0x10,0xe0,0xf0,0x00,0xf8,0x00,0x08,
  0xf0,0xf8,0x00,0xe0,0x00,0x2d,0x12,0x6d,0x12,0xdd,0x22,0xbd,0x42,0xf1,0x0e,0x1f,
  0x00,0x00,0x00,0x00,0x00,0xb0,0x40,0xd8,0x20,0x68,0x10,0x28,0x10,0x38,0x00,0x00,
  0x00,0x00,0x00,0x00,0x00,0x00,0x00,0x73,0x00,0x5a,0x21,0xee,0x11,0x86,0x79,0xf6,
  0x09,0x2e,0x11,0x66,0x19,0x00,0x00,0x80,0x00,0x80,0x00,0x80,0x00,0x80,0x00,0x80,
  0x00,0x80,0x00,0x80,0x00,0xca,0x35,0xae,0x51,0xea,0x11,0x2a,0x11,0x2b,0x10,0x39,
  0x00,0x00,0x00,0x00,0x00,0x80,0x00,0xb8,0x00,0xa8,0x10,0xe8,0x10,0x08,0xf0,0xf8,
  0x00,0x00,0x00,0x00,0x00,0x00,0x00,0xef,0x00,0xb8,0x47,0xdb,0x24,0x8a,0x74,0xea,
  0x14,0x5b,0x24,0xc8,0x37,0x00,0x00,0xf0,0x00,0x10,0xe0,0xd0,0x20,0x50,0x20,0x50,
  0x20,0xd0,0x20,0x10,0xe0,0x95,0x6a,0xdd,0x22,0x5d,0x22,0x5b,0x24,0x56,0x28,0x7c,
  0x00,0x00,0x00,0x00,0x00,0xb0,0x40,0xb8,0x40,0xa8,0x50,0xa8,0x50,0x88,0x70,0xf8,
  0x00,0x00,0x00,0x00,0x00,0x00,0x00,0xe1,0x00,0xb1,0x40,0xdf,0x20,0x88,0x77,0xeb,
  0x14,0x5b,0x24,0xc8,0x37,0x00,0x00,0xc0,0x00,0x40,0x80,0x78,0x80,0x08,0xf0,0x68,
  0x90,0x68,0x90,0x08,0xf0,0x93,0x6c,0xdb,0x24,0x58,0x27,0x5f,0x20,0x51,0x20,0x71,
  0x00,0x00,0x00,0x00,0x00,0x68,0x90,0x68,0x90,0x08,0xf0,0x78,0x80,0x40,0x80,0xc0,
  0x00,0x00,0x00,0x00,0x00,0x00,0x00,0x77,0x00,0x5c,0x23,0xef,0x10,0x84,0x7b,0xf7,
  0x08,0x2c,0x13,0x65,0x1a,0x00,0x00,0xf8,0x00,0x08,0xf0,0xe8,0x10,0x28,0xd0,0xe8,
  0x10,0x28,0xd0,0xa8,0x50,0xc9,0x36,0xad,0x52,0xec,0x13,0x2f,0x10,0x28,0x10,0x38,
  0x00,0x00,0x00,0x00,0x00,0xa8,0x50,0xa8,0x50,0x28,0xd0,0xe8,0x10,0x88,0x70,0xf8,
  0x00,0x00,0x00,0x00,0x00,0x00,0x00,0x73,0x00,0x5e,0x21,0xc2,0x3d,0xaa,0x55,0xd7,
  0x28,0xef,0x10,0x90,0x6f,0x00,0x00,0x80,0x00,0xf8,0x00,0x08,0xf0,0xe8,0x10,0x58,
  0xa0,0xb8,0x40,0x48,0xb0,0xff,0x00,0x40,0x3f,0x7d,0x02,0xed,0x12,0x99,0x66,0xff,
  0x00,0x00,0x00,0x00,0x00,0xf8,0x00,0x10,0xe0,0xf0,0x00,0xb8,0x40,0xc8,0x30,0x78,
  0x00,0x00,0x00,0x00,0x00,0x00,0x00,0x38,0x00,0xef,0x10,0x82,0x7d,0xc7,0x38,0xaa,
  0x55,0xef,0x10,0x40,0x3f,0x00,0x00,0xe0,0x00,0xb8,0x40,0x08,0xf0,0x18,0xe0,0xa8,
  0x50,0xb8,0x40,0x10,0xe0,0xff,0x00,0x80,0x7f,0xfd,0x02,0xed,0x12,0x99,0x66,0xff,
  0x00,0x00,0x00,0x00,0x00,0xf8,0x00,0x08,0xf0,0xf8,0x00,0xb8,0x40,0xc8,0x30,0x78,
  0x00,0x00,0x00,0x00,0x00,0x00,0x00,0xef,0x00,0xb8,0x47,0xdf,0x20,0x8c,0x73,0xed,
  0x12,0x5c,0x23,0xcf,0x30,0x00,0x00,0xf8,0x00,0x08,0xf0,0xf8,0x00,0x10,0xe0,0xd0,
  0x20,0x10,0xe0,0xf8,0x00,0x90,0x6f,0xdb,0x24,0x58,0x27,0x5b,0x24,0x58,0x27,0x7f,
  0x00,0x00,0x00,0x00,0x00,0x08,0xf0,0x68,0x90,0x08,0xf0,0x68,0x90,0x08,0xf0,0xf8,
  0x00,0x00,0x00,0x00,0x00,0x00,0x00,0x07,0x00,0xfd,0x02,0x80,0x7f,0xf7,0x08,0x58,
  0x27,0x57,0x28,0x40,0x3f,0x00,0x00,0x00,0x00,0xf8,0x00,0x08,0xf0,0x78,0x80,0xd0,
  0x20,0x50,0xa0,0x10,0xe0,0xfd,0x02,0x80,0x7f,0xb7,0x48,0xa0,0x5f,0xbf,0x40,0xe0,
  0x00,0x00,0x00,0x00,0x00,0xf8,0x00,0x08,0xf0,0x68,0x90,0xa8,0x50,0xc8,0x30,0x78,
  0x00,0x00,0x00,0x00,0x00,0x00,0x00,0x1d,0x00,0xf5,0x08,0x8f,0x70,0xe8,0x17,0xeb,
  0x14,0x83,0x7c,0xeb,0x14,0x00,0x00,0xc0,0x00,0x40,0x80,0x78,0x80,0x08,0xf0,0x68,
  0x90,0x68,0x90,0x68,0x90,0x48,0x37,0xc7,0x38,0xad,0x50,0xe9,0x10,0x29,0x10,0x39,
  0x00,0x00,0x00,0x00,0x00,0x08,0xf0,0x78,0x80,0x40,0x80,0x40,0x80,0x40,0x80,0xc0,
  0x00,0x00,0x00,0x00,0x00,0x00,0x00,0x1c,0x00,0xf7,0x08,0x8e,0x71,0xeb,0x10,0xef,
  0x10,0x85,0x7a,0xee,0x11,0x00,0x00,0x70,0x00,0xd0,0x20,0xd0,0x20,0x50,0xa0,0xd0,
  0x20,0xd0,0x20,0xd8,0x20,0x4f,0x30,0xc7,0x38,0xac,0x53,0xef,0x10,0x28,0x10,0x38,
  0x00,0x00,0x00,0x00,0x00,0xc8,0x30,0x18,0xe0,0xd0,0x20,0xd0,0x20,0x50,0x20,0x70,
  0x00,0x00,0x00,0x00,0x00,0x00,0x00,0x1d,0x00,0xf5,0x08,0x8f,0x70,0xed,0x12,0xed,
  0x12,0x85,0x7a,0xeb,0x14,0x00,0x00,0xc0,0x00,0x40,0x80,0x70,0x80,0x58,0xa0,0x68,
  0x90,0x68,0x90,0x78,0x80,0x4f,0x30,0xc5,0x38,0xaf,0x50,0xee,0x11,0x29,0x16,0x3f,
  0x00,0x00,0x00,0x00,0x00,0x68,0x90,0xd8,0x20,0xb0,0x40,0x60,0x80,0xc0,0x00,0x00,
  0x00,0x00,0x00,0x00,0x00,0x00,0x00,0x1f,0x00,0xf6,0x09,0x8f,0x70,0xeb,0x10,0xee,
  0x11,0x86,0x79,0xea,0x15,0x00,0x00,0x80,0x00,0xf8,0x00,0x68,0x90,0xe8,0x10,0xd8,
  0x20,0xd0,0x20,0xb8,0x40,0x4a,0x35,0xc6,0x39,0xae,0x51,0xec,0x13,0x2b,0x14,0x3f,
  0x00,0x00,0x00,0x00,0x00,0xa8,0x50,0x68,0x90,0xf8,0x00,0xe8,0x10,0x08,0xf0,0xf8,
  0x00,0x00,0x00,0x00,0x00,0x00,0x00,0x1f,0x00,0xf5,0x0a,0x8c,0x73,0xed,0x12,0xeb,
  0x14,0x87,0x78,0xed,0x12,0x00,0x00,0x00,0x00,0xf8,0x00,0x08,0xf0,0xe8,0x10,0x68,
  0x90,0x78,0x80,0x50,0xa0,0x45,0x3a,0xcb,0x34,0xab,0x54,0xef,0x10,0x2a,0x11,0x3b,
  0x00,0x00,0x00,0x00,0x00,0x58,0xa0,0x68,0x90,0x68,0x90,0x78,0x80,0x40,0x80,0xc0,
  0x00,0x00,0x00,0x00,0x00,0x00,0x00,0x1d,0x00,0xf7,0x08,0x8e,0x71,0xe9,0x16,0xee,
  0x11,0x87,0x78,0xe8,0x17,0x00,0x00,0xc0,0x00,0x78,0x80,0x08,0xf0,0xe8,0x10,0xd8,
  0x20,0x30,0xc0,0xf8,0x00,0x4e,0x31,0xc9,0x36,0xa6,0x59,0xef,0x10,0x28,0x17,0x3f,
  0x00,0x00,0x00,0x00,0x00,0x08,0xf0,0xe8,0x10,0xd8,0x20,0x30,0xc0,0xe0,0x00,0x80,
  0x00,0x00,0x00,0x00,0x00,0x00,0x00,0x1f,0x00,0xf4,0x0b,0x8f,0x70,0xec,0x13,0xef,
  0x10,0x84,0x7b,0xee,0x11,0x00,0x00,0xf8,0x00,0xc8,0x30,0x38,0xc0,0xc8,0x30,0x78,
  0x80,0x08,0xf0,0xb8,0x40,0x4c,0x33,0xc9,0x36,0xa5,0x5a,0xed,0x12,0x2f,0x10,0x38,
  0x00,0x00,0x00,0x00,0x00,0x08,0xf0,0xa8,0x50,0xa8,0x50,0x88,0x70,0xb8,0x40,0xe0,
  0x00,0x00,0x00,0x00,0x00,0x00,0x00,0x1f,0x00,0xf6,0x09,0x8d,0x72,0xe8,0x17,0xef,
  0x10,0x80,0x7f,0xef,0x10,0x00,0x00,0xf0,0x00,0x10,0xe0,0xd8,0x20,0x08,0xf0,0xe8,
  0x10,0x08,0xf0,0xe8,0x10,0x48,0x37,0xc6,0x39,0xad,0x52,0xe9,0x16,0x24,0x1b,0x3f,
  0x00,0x00,0x00,0x00,0x00,0x08,0xf0,0xf8,0x00,0x58,0xa0,0xa8,0x50,0x28,0xd0,0xf8,
  0x00,0x00,0x00,0x00,0x00,0x00,0x00,0x0e,0x00,0x0b,0x04,0xfd,0x02,0x80,0x7f,0xbf,
  0x40,0xbd,0x40,0xf5,0x08,0x00,0x00,0x00,0x00,0x00,0x00,0xf8,0x00,0x08,0xf0,0xe8,
  0x10,0xe8,0x10,0x78,0x80,0x35,0x08,0x2d,0x10,0x68,0x10,0xd8,0x20,0xb0,0x40,0xe0,
  0x00,0x00,0x00,0x00,0x00,0x60,0x80,0xa0,0x40,0xb0,0x40,0xd8,0x20,0x68,0x10,0x38,
  0x00,0x00,0x00,0x00,0x00,0x00,0x00,0x07,0x00,0xfd,0x02,0x80,0x7f,0xb7,0x48,0xef,
  0x10,0x9a,0x64,0xfb,0x04,0x00,0x00,0x00,0x00,0xf8,0x00,0x08,0xf0,0x68,0x90,0xb8,
  0x40,0xc8,0x30,0xf8,0x00,0x40,0x3f,0x7b,0x04,0x36,0x08,0xec,0x10,0x98,0x60,0xf0,
  0x00,0x00,0x00,0x00,0x00,0x20,0xc0,0xb8,0x40,0xa8,0x50,0xa8,0x50,0x88,0x70,0xf8,
  0x00,0x00,0x00,0x00,0x00,0x00,0x00,0x07,0x00,0xfd,0x02,0x80,0x7f,0xbf,0x40,0xf5,
  0x08,0xed,0x10,0x9f,0x60,0x00,0x00,0x00,0x00,0xf8,0x00,0x08,0xf0,0xe8,0x10,0x78,
  0x80,0xb8,0x40,0xc8,0x30,0xc0,0x3f,0x7d,0x02,0x05,0x02,0xfd,0x02,0x80,0x7f,0xff,
  0x00,0x00,0x00,0x00,0x00,0x18,0xe0,0xf0,0x00,0x00,0x00,0xf8,0x00,0x08,0xf0,0xf8,
  0x00,0x00,0x00,0x00,0x00,0x00,0x00,0x07,0x00,0xfd,0x02,0x80,0x7f,0xb7,0x48,0xef,
  0x10,0x40,0x3f,0x6f,0x10,0x00,0x00,0x00,0x00,0xf8,0x00,0x08,0xf0,0x68,0x90,0xb8,
  0x40,0x10,0xe0,0x70,0x80,0x5f,0x20,0x40,0x3f,0x7b,0x04,0xe7,0x18,0x9e,0x61,0xf3,
  0x00,0x00,0x00,0x00,0x00,0x78,0x80,0x08,0xf0,0x78,0x80,0x40,0x80,0x40,0x80,0xc0,
  0x00,0x00,0x00,0x00,0x00,0x00,0x00,0x07,0x00,0xfd,0x02,0x80,0x7f,0xb7,0x48,0xef,
  0x10,0x9d,0x62,0xfd,0x02,0x00,0x00,0x00,0x00,0xf8,0x00,0x08,0xf0,0x68,0x90,0xb8,
  0x40,0x48,0xb0,0xb8,0x40,0x80,0x7f,0xfd,0x02,0x3a,0x05,0xe7,0x18,0x9d,0x60,0xf0,
  0x00,0x00,0x00,0x00,0x00,0x08,0xf0,0xf8,0x00,0xe0,0x00,0x38,0xc0,0xc8,0x30,0x78,
  0x00,0x00,0x00,0x00,0x00,0x00,0x00,0x0e,0x00,0x0b,0x04,0xfd,0x02,0x80,0x7f,0xff,
  0x00,0x28,0x10,0x2c,0x10,0x00,0x00,0x00,0x00,0x00,0x00,0xf8,0x00,0x08,0xf0,0xf8,
  0x00,0xa0,0x40,0xa0,0x40,0x35,0x08,0x15,0x08,0x17,0x08,0xfe,0x01,0x80,0x7f,0xff,
  0x00,0x00,0x00,0x00,0x00,0xa0,0x40,0x60,0x80,0x40,0x80,0xf8,0x00,0x08,0xf0,0xf8,
  0x00,0x00,0x00,0x00,0x00,0x00,0x00,0x71,0x00,0x59,0x20,0xef,0x10,0x83,0x7c,0xff,
  0x00,0xb5,0x48,0xd7,0x28,0x00,0x00,0xc0,0x00,0x40,0x80,0x78,0x80,0x08,0xf0,0x78,
  0x80,0x40,0x80,0x78,0x80,0x54,0x2b,0x6d,0x12,0xe1,0x1e,0x9d,0x62,0xf4,0x03,0x07,
  0x00,0x00,0x00,0x00,0x00,0x08,0xf0,0xe8,0x10,0x28,0x10,0xe8,0x10,0x08,0xf0,0xf8,
  0x00,0x00,0x00,0x00,0x00,0x00,0x00,0x07,0x00,0x7d,0x02,0x40,0x3f,0xf7,0x08,0x80,
  0x7f,0xef,0x10,0x20,0x1f,0x00,0x00,0x00,0x00,0xf0,0x00,0x10,0xe0,0x78,0x80,0x08,
  0xf0,0xb8,0x40,0x20,0xc0,0x2f,0x10,0x20,0x1f,0x37,0x08,0xed,0x10,0x99,0x60,0xf1,
  0x00,0x00,0x00,0x00,0x00,0xa0,0x40,0x20,0xc0,0x78,0x80,0x68,0x90,0x08,0xf0,0xf8,
  0x00,0x00,0x00,0x00,0x00,0x00,0x00,0x07,0x00,0x7d,0x02,0x40,0x3f,0xf7,0x08,0x80,
  0x7f,0xef,0x10,0x20,0x1f,0x00,0x00,0x00,0x00,0xf0,0x00,0x10,0xe0,0x78,0x80,0x08,
  0xf0,0xb8,0x40,0x20,0xc0,0x2f,0x10,0x20,0x1f,0xfd,0x02,0x80,0x7f,0xfd,0x02,0x07,
  0x00,0x00,0x00,0x00,0x00,0xa0,0x40,0x20,0xc0,0xf8,0x00,0x08,0xf0,0xf8,0x00,0x00,
  0x00,0x00,0x00,0x00,0x00,0x00,0x00,0x73,0x00,0x5e,0x21,0xc2,0x3d,0xb5,0x4a,0xfd,
  0x02,0x40,0x3f,0x5d,0x22,0x00,0x00,0x80,0x00,0xf8,0x00,0x08,0xf0,0xb8,0x40,0xf0,
  0x00,0x10,0xe0,0xd0,0x20,0x5d,0x22,0x40,0x3f,0x5d,0x22,0x5d,0x22,0x40,0x3f,0x7f,
  0x00,0x00,0x00,0x00,0x00,0xd0,0x20,0x10,0xe0,0xd0,0x20,0xd0,0x20,0x10,0xe0,0xf0,
  0x00,0x00,0x00,0x00,0x00,0x00,0x00,0x73,0x00,0x5e,0x21,0xc2,0x3d,0xb5,0x4a,0xc0,
  0x3f,0x7d,0x02,0x40,0x3f,0x00,0x00,0x80,0x00,0xf8,0x00,0x08,0xf0,0xb8,0x40,0x10,
  0xe0,0xd0,0x20,0x10,0xe0,0x5d,0x22,0x40,0x3f,0x75,0x0a,0xed,0x12,0x9d,0x62,0xf7,
  0x00,0x00,0x00,0x00,0x00,0xf8,0x00,0x08,0xf0,0xe8,0x10,0xe8,0x10,0x98,0x60,0xf0,
  0x00,0x00,0x00,0x00,0x00,0x00,0x00,0x73,0x00,0x5e,0x21,0xc2,0x3d,0xb5,0x4a,0xfb,
  0x04,0xfb,0x04,0x80,0x7f,0x00,0x00,0x80,0x00,0xf8,0x00,0x08,0xf0,0xb8,0x40,0x60,
  0x80,0xb8,0x40,0x08,0xf0,0xfa,0x05,0x16,0x09,0x36,0x09,0xec,0x13,0x9a,0x65,0xff,
  0x00,0x00,0x00,0x00,0x00,0xf8,0x00,0xa0,0x40,0x78,0x80,0xe8,0x10,0x08,0xf0,0xf8,
  0x00,0x00,0x00,0x00,0x00,0x00,0x00,0x73,0x00,0x5e,0x21,0xc2,0x3d,0xb5,0x4a,0xc0,
  0x3f,0xfd,0x02,0x80,0x7f,0x00,0x00,0x80,0x00,0xf8,0x00,0x08,0xf0,0xb8,0x40,0x10,
  0xe0,0xf8,0x00,0x08,0xf0,0xff,0x00,0x80,0x7f,0xf7,0x08,0x1b,0x04,0x0e,0x01,0x03,
  0x00,0x00,0x00,0x00,0x00,0xb8,0x40,0x08,0xf0,0xb8,0x40,0xa0,0x40,0x20,0xc0,0xe0,
  0x00,0x00,0x00,0x00,0x00,0x00,0x00,0x73,0x00,0x5e,0x21,0xc2,0x3d,0xb5,0x4a,0xfa,
  0x05,0xe7,0x18,0x90,0x6f,0x00,0x00,0x80,0x00,0xf8,0x00,0x08,0xf0,0xb8,0x40,0xe0,
  0x00,0x38,0xc0,0x48,0xb0,0xff,0x00,0x40,0x3f,0x5f,0x20,0x5f,0x20,0x40,0x3f,0x7f,
  0x00,0x00,0x00,0x00,0x00,0xf8,0x00,0x10,0xe0,0xd0,0x20,0xd0,0x20,0x10,0xe0,0xf0,
  0x00,0x00,0x00,0x00,0x00,0x00,0x00,0x73,0x00,0x5e,0x21,0xc2,0x3d,0xb5,0x4a,0x80,
  0x7f,0xfd,0x02,0x40,0x3f,0x00,0x00,0x80,0x00,0xf8,0x00,0x08,0xf0,0xb8,0x40,0x08,
  0xf0,0xf8,0x00,0x10,0xe0,0x5d,0x22,0x5d,0x22,0x78,0x07,0xe5,0x1a,0x9d,0x62,0xf7,
  0x00,0x00,0x00,0x00,0x00,0xd0,0x20,0x90,0x60,0xf0,0x00,0x38,0xc0,0xc8,0x30,0x78,
  0x00,0x00,0x00,0x00,0x00,0x00,0x00,0x73,0x00,0x5e,0x21,0xc2,0x3d,0xb5,0x4a,0xc0,
  0x3f,0x5f,0x20,0x40,0x3f,0x00,0x00,0x80,0x00,0xf8,0x00,0x08,0xf0,0xb8,0x40,0x10,
  0xe0,0xd0,0x20,0x10,0xe0,0x5f,0x20,0x40,0x3f,0xf7,0x08,0x80,0x7f,0xef,0x10,0x39,
  0x00,0x00,0x00,0x00,0x00,0xd0,0x20,0x10,0xe0,0x78,0x80,0x08,0xf0,0x78,0x80,0xc0,
  0x00,0x00,0x00,0x00,0x00,0x00,0x00,0x73,0x00,0x5e,0x21,0xc2,0x3d,0xb5,0x4a,0x80,
  0x7f,0xaf,0x50,0xe0,0x1f,0x00,0x00,0x80,0x00,0xf8,0x00,0x08,0xf0,0xb8,0x40,0x08,
  0xf0,0xa8,0x50,0x38,0xc0,0x2f,0x10,0x20,0x1f,0x2f,0x10,0x2f,0x10,0x20,0x1f,0x3f,
  0x00,0x00,0x00,0x00,0x00,0xf0,0x00,0x10,0xe0,0xd0,0x20,0xd0,0x20,0x10,0xe0,0xf0,
  0x00,0x00,0x00,0x00,0x00,0x00,0x00,0x73,0x00,0x5e,0x21,0xc2,0x3d,0xb5,0x4a,0xef,
  0x10,0x80,0x7f,0xff,0x00,0x00,0x00,0x80,0x00,0xf8,0x00,0x08,0xf0,0xb8,0x40,0x78,
  0x80,0x08,0xf0,0xf8,0x00,0x41,0x3e,0x5d,0x22,0x41,0x3e,0x5d,0x22,0x59,0x26,0x7f,
  0x00,0x00,0x00,0x00,0x00,0x50,0xa0,0x50,0xa0,0x50,0xa0,0x50,0xa0,0x90,0x60,0xf0,
  0x00,0x00,0x00,0x00,0x00,0x00,0x00,0x73,0x00,0x5e,0x21,0xc2,0x3d,0xb5,0x4a,0xff,
  0x00,0xee,0x11,0x82,0x7d,0x00,0x00,0x80,0x00,0xf8,0x00,0x08,0xf0,0xb8,0x40,0xf8,
  0x00,0x08,0xf0,0xe8,0x10,0xee,0x11,0x46,0x39,0xca,0x35,0xae,0x51,0xea,0x11,0x3b,
  0x00,0x00,0x00,0x00,0x00,0x08,0xf0,0xe8,0x10,0x08,0xf0,0xe8,0x10,0x08,0xf0,0xf8,
  0x00,0x00,0x00,0x00,0x00,0x00,0x00,0x73,0x00,0x5e,0x21,0xc2,0x3d,0xb5,0x4a,0xfc,
  0x03,0xb3,0x4c,0xdc,0x23,0x00,0x00,0x80,0x00,0xf8,0x00,0x08,0xf0,0xd8,0x20,0x30,
  0xc0,0xa0,0x40,0x78,0x80,0xf3,0x0c,0x9e,0x61,0xd0,0x2f,0xde,0x21,0xa0,0x5f,0xff,
  0x00,0x00,0x00,0x00,0x00,0x88,0x70,0xf8,0x00,0x10,0xe0,0xf8,0x00,0x08,0xf0,0xf8,
  0x00,0x00,0x00,0x00,0x00,0x00,0x00,0x77,0x00,0x5d,0x22,0xed,0x12,0x80,0x7f,0xf8,
  0x07,0xe5,0x1a,0x9d,0x62,0x00,0x00,0x70,0x00,0xd0,0x20,0xb8,0x40,0x08,0xf0,0xf8,
  0x00,0x38,0xc0,0xc8,0x30,0xfd,0x02,0x80,0x7f,0xfa,0x05,0xe7,0x18,0x9d,0x60,0xf0,
  0x00,0x00,0x00,0x00,0x00,0xf8,0x00,0x08,0xf0,0xf8,0x00,0x38,0xc0,0xc8,0x30,0x78,
  0x00,0x00,0x00,0x00,0x00,0x00,0x00,0x3f,0x00,0xec,0x13,0xa7,0x58,0xcd,0x30,0xed,
  0x10,0x87,0x78,0xe8,0x17,0x00,0x00,0xf0,0x00,0x10,0xe0,0xd0,0x20,0xb0,0x40,0x60,
  0x80,0x78,0x80,0x08,0xf0,0x4f,0x30,0xc5,0x38,0xad,0x50,0xef,0x10,0x2c,0x13,0x3f,
  0x00,0x00,0x00,0x00,0x00,0x78,0x80,0x40,0x80,0x40,0x80,0x40,0x80,0x40,0x80,0xc0,
  0x00,0x00,0x00,0x00,0x00,0x00,0x00,0x3b,0x00,0xee,0x11,0xa6,0x59,0xcd,0x32,0xed,
  0x12,0x83,0x7c,0xec,0x13,0x00,0x00,0xe0,0x00,0xa0,0x40,0xb0,0x40,0xd0,0x20,0x58,
  0x20,0xe8,0x10,0x18,0xe0,0x4e,0x31,0xc6,0x39,0xad,0x52,0xed,0x12,0x2b,0x14,0x3f,
  0x00,0x00,0x00,0x00,0x00,0xd0,0x20,0xd0,0x20,0xd0,0x20,0xd0,0x20,0x30,0xc0,0xe0,
  0x00,0x00,0x00,0x00,0x00,0x00,0x00,0x39,0x00,0xef,0x10,0xa4,0x5b,0xcf,0x30,0xec,
  0x13,0x87,0x78,0xe8,0x17,0x00,0x00,0xc0,0x00,0x70,0x80,0x10,0xe0,0x70,0x80,0x10,
  0xe0,0x78,0x80,0x08,0xf0,0x4d,0x32,0xc4,0x3b,0xad,0x52,0xec,0x13,0x2d,0x12,0x3f,
  0x00,0x00,0x00,0x00,0x00,0xd8,0x20,0x10,0xe0,0xd0,0x20,0x10,0xe0,0xd0,0x20,0x70,
  0x00,0x00,0x00,0x00,0x00,0x00,0x00,0x3f,0x00,0xed,0x12,0xad,0x52,0xc0,0x3f,0xed,
  0x12,0x85,0x7a,0xed,0x12,0x00,0x00,0xf8,0x00,0x88,0x70,0xa8,0x50,0x28,0xd0,0x88,
  0x70,0xa8,0x50,0xa8,0x50,0x48,0x37,0xc2,0x3d,0xaa,0x55,0xea,0x15,0x28,0x17,0x3f,
  0x00,0x00,0x00,0x00,0x00,0x88,0x70,0xa8,0x50,0xa8,0x50,0xa8,0x50,0x48,0xb0,0xf8,
  0x00,0x00,0x00,0x00,0x00,0x00,0x00,0x01,0x00,0x7f,0x00,0x40,0x3f,0x7b,0x04,0x26,
  0x19,0x39,0x06,0xe7,0x18,0x00,0x00,0xf0,0x00,0x10,0xe0,0xf0,0x00,0xa0,0x40,0x60,
  0x80,0xf0,0x00,0xd8,0x20,0x80,0x7f,0xfd,0x02,0xed,0x12,0x9d,0x62,0xf1,0x0e,0x1f,
  0x00,0x00,0x00,0x00,0x00,0x28,0xd0,0xf8,0x00,0xb8,0x40,0xc8,0x30,0x78,0x00,0x00,
  0x00,0x00,0x00,0x00,0x00,0x00,0x00,0x07,0x00,0xfd,0x02,0x80,0x7f,0xfd,0x02,0x80,
  0x7f,0xb7,0x48,0xcc,0x33,0x00,0x00,0x00,0x00,0xf8,0x00,0x08,0xf0,0xf8,0x00,0x08,
  0xf0,0x68,0x90,0xf8,0x00,0xf3,0x0c,0x80,0x7f,0xfd,0x02,0xed,0x12,0x99,0x66,0xff,
  0x00,0x00,0x00,0x00,0x00,0xd8,0x20,0x28,0xd0,0xf8,0x00,0xb8,0x40,0xc8,0x30,0x78,
  0x00,0x00,0x00,0x00,0x00,0x00,0x00,0x1f,0x00,0xf4,0x0b,0xb7,0x48,0xb6,0x49,0xb7,
  0x48,0xb4,0x4b,0xfb,0x04,0x00,0x00,0xf8,0x00,0x08,0xf0,0xe8,0x10,0xd8,0x20,0x38,
  0xc0,0xc8,0x30,0x78,0x80,0xf6,0x09,0x80,0x7f,0xfd,0x02,0xed,0x12,0x9d,0x62,0xf7,
  0x00,0x00,0x00,0x00,0x00,0xd8,0x20,0x08,0xf0,0xf8,0x00,0xb8,0x40,0xc8,0x30,0x78,
  0x00,0x00,0x00,0x00,0x00,0x00,0x00,0x3f,0x00,0x28,0x17,0x6f,0x10,0xdd,0x20,0xb5,
  0x48,0x8d,0x70,0xe9,0x10,0x00,0x00,0xf8,0x00,0x08,0xf0,0x78,0x80,0x40,0x80,0x40,
  0x80,0x40,0x80,0x40,0x80,0xdd,0x20,0x85,0x78,0xfd,0x00,0xe7,0x18,0x98,0x67,0xff,
  0x00,0x00,0x00,0x00,0x00,0x40,0x80,0x40,0x80,0x40,0x80,0x78,0x80,0x08,0xf0,0xf8,
  0x00,0x00,0x00,0x00,0x00,0x00,0x00,0x77,0x00,0x55,0x22,0xd5,0x22,0xbc,0x43,0xab,
  0x54,0x97,0x68,0xde,0x21,0x00,0x00,0x00,0x00,0x00,0x00,0xf8,0x00,0x08,0xf0,0xe8,
  0x10,0xa8,0x10,0xe8,0x10,0xbb,0x40,0x89,0x70,0xf9,0x00,0xe8,0x10,0x98,0x60,0xf0,
  0x00,0x00,0x00,0x00,0x00,0x68,0x90,0x68,0x90,0xe8,0x10,0xe8,0x10,0x98,0x60,0xf0,
  0x00,0x00,0x00,0x00,0x00,0x00,0x00,0x7f,0x00,0x58,0x27,0xdd,0x22,0xbd,0x42,0xad,
  0x52,0x9d,0x62,0xd5,0x22,0x00,0x00,0xf0,0x00,0x10,0xe0,0xd0,0x20,0xd0,0x20,0xb8,
  0x40,0x88,0x70,0xe8,0x10,0xbc,0x43,0x8d,0x72,0xfb,0x04,0xeb,0x14,0x94,0x6b,0xff,
  0x00,0x00,0x00,0x00,0x00,0xe8,0x10,0x58,0xa0,0xb0,0x40,0x58,0xa0,0xe8,0x10,0xb8,
  0x00,0x00,0x00,0x00,0x00,0x00,0x00,0x7f,0x00,0x58,0x27,0xdf,0x20,0xb8,0x40,0xa8,
  0x50,0x9f,0x60,0xd8,0x27,0x00,0x00,0xf0,0x00,0x10,0xe0,0xd0,0x20,0x50,0x20,0x50,
  0x20,0xd0,0x20,0x10,0xe0,0xbb,0x44,0x8a,0x74,0xfa,0x04,0xeb,0x14,0x9c,0x63,0xf7,
  0x00,0x00,0x00,0x00,0x00,0xf0,0x00,0x38,0x00,0x28,0x10,0xe8,0x10,0x08,0xf0,0xf8,
  0x00,0x00,0x00,0x00,0x00,0x00,0x00,0x71,0x00,0x5f,0x20,0xd8,0x27,0xbf,0x40,0xab,
  0x54,0x9b,0x64,0xdb,0x24,0x00,0x00,0xc0,0x00,0x78,0x80,0x08,0xf0,0x78,0x80,0x68,
  0x90,0x68,0x90,0x68,0x90,0xb8,0x47,0x8f,0x70,0xf9,0x00,0xe9,0x10,0x99,0x60,0xf0,
  0x00,0x00,0x00,0x00,0x00,0x08,0xf0,0x78,0x80,0x78,0x80,0x68,0x90,0x88,0x70,0xf8,
  0x00,0x00,0x00,0x00,0x00,0x00,0x00,0x71,0x00,0x51,0x20,0xdf,0x20,0xb8,0x47,0xab,
  0x54,0x9b,0x64,0xda,0x25,0x00,0x00,0xc0,0x00,0x40,0x80,0x78,0x80,0x08,0xf0,0x68,
  0x90,0x68,0x90,0xa8,0x50,0xba,0x45,0x89,0x76,0xfb,0x04,0xea,0x14,0x9a,0x64,0xfe,
  0x00,0x00,0x00,0x00,0x00,0xa8,0x50,0xc8,0x30,0x68,0x10,0x68,0x10,0x48,0x30,0x78,
  0x00,0x00,0x00,0x00,0x00,0x00,0x00,0x77,0x00,0x55,0x22,0xdd,0x22,0xbb,0x44,0xaa,
  0x54,0x97,0x68,0xd8,0x27,0x00,0x00,0xe0,0x00,0xa0,0x40,0xb0,0x40,0xd0,0x20,0x58,
  0x20,0xe8,0x10,0x18,0xe0,0xbd,0x42,0x8d,0x72,0xfb,0x04,0xeb,0x14,0x97,0x68,0xfd,
  0x00,0x00,0x00,0x00,0x00,0xd0,0x20,0x50,0x20,0x50,0x20,0xd0,0x20,0x30,0xc0,0xe0,
  0x00,0x00,0x00,0x00,0x00,0x00,0x00,0x3b,0x00,0x2a,0x11,0x6f,0x10,0xd8,0x27,0xb5,
  0x4a,0x8d,0x72,0xed,0x12,0x00,0x00,0x80,0x00,0xc0,0x00,0x78,0x80,0x08,0xf0,0xd8,
  0x20,0x50,0x20,0xd0,0x20,0xde,0x21,0x86,0x79,0xff,0x00,0xe6,0x19,0x99,0x66,0xff,
  0x00,0x00,0x00,0x00,0x00,0xb0,0x40,0xa0,0x40,0x60,0x80,0xb8,0x40,0xc8,0x30,0x78,
  0x00,0x00,0x00,0x00,0x00,0x00,0x00,0x7f,0x00,0x58,0x27,0xdb,0x24,0xbb,0x44,0xab,
  0x54,0x9b,0x64,0xd8,0x27,0x00,0x00,0xf8,0x00,0x08,0xf0,0x68,0x90,0x68,0x90,0x68,
  0x90,0x68,0x90,0x08,0xf0,0xbb,0x44,0x8b,0x74,0xfb,0x04,0xeb,0x14,0x98,0x67,0xff,
  0x00,0x00,0x00,0x00,0x00,0x68,0x90,0x68,0x90,0x68,0x90,0x68,0x90,0x08,0xf0,0xf8,
  0x00,0x00,0x00,0x00,0x00,0x00,0x00,0x77,0x00,0x55,0x22,0xdc,0x23,0xbb,0x44,0xa5,
  0x5a,0x9e,0x61,0xdd,0x22,0x00,0x00,0x00,0x00,0xf0,0x00,0x10,0xe0,0xd0,0x20,0xb0,
  0x40,0x60,0x80,0xb8,0x40,0xb3,0x4c,0x8c,0x73,0xff,0x00,0xe9,0x16,0x9e,0x61,0xf3,
  0x00,0x00,0x00,0x00,0x00,0xc8,0x30,0xf8,0x00,0x20,0xc0,0xf0,0x00,0x10,0xe0,0xf0,
  0x00,0x00,0x00,0x00,0x00,0x00,0x00,0x7f,0x00,0x58,0x27,0xdf,0x20,0xb9,0x40,0xaf,
  0x50,0x9c,0x63,0xd3,0x2c,0x00,0x00,0xf0,0x00,0x10,0xe0,0xd0,0x20,0xb0,0x40,0x60,
  0x80,0xb8,0x40,0xc8,0x30,0xbc,0x43,0x8f,0x70,0xf9,0x00,0xef,0x10,0x98,0x67,0xff,
  0x00,0x00,0x00,0x00,0x00,0x18,0xe0,0x70,0x80,0x40,0x80,0x78,0x80,0x08,0xf0,0xf8,
  0x00,0x00,0x00,0x00,0x00,0x00,0x00,0x77,0x00,0x5d,0x22,0xd0,0x2f,0xbd,0x42,0xad,
  0x52,0x90,0x6f,0xdd,0x22,0x00,0x00,0xf8,0x00,0x88,0x70,0xa8,0x50,0xa8,0x50,0xa8,
  0x50,0x98,0x60,0xa8,0x50,0xbd,0x42,0x90,0x6f,0xfd,0x02,0xed,0x12,0x9b,0x64,0xfe,
  0x00,0x00,0x00,0x00,0x00,0xa8,0x50,0xa8,0x50,0x88,0x70,0xb8,0x40,0xa0,0x40,0xe0,
  0x00,0x00,0x00,0x00,0x00,0x00,0x00,0x39,0x00,0x29,0x10,0x6f,0x10,0xd8,0x27,0xb7,
  0x48,0x8f,0x70,0xec,0x13,0x00,0x00,0xc0,0x00,0x40,0x80,0x78,0x80,0x08,0xf0,0x78,
  0x80,0x70,0x80,0x10,0xe0,0xdf,0x20,0x84,0x7b,0xfd,0x02,0xe5,0x1a,0x9c,0x63,0xf7,
  0x00,0x00,0x00,0x00,0x00,0xf0,0x00,0x10,0xe0,0xd0,0x20,0xd0,0x20,0x10,0xe0,0xf0,
  0x00,0x00,0x00,0x00,0x00,0x00,0x00,0x73,0x00,0x52,0x21,0xde,0x21,0xb8,0x47,0xae,
  0x51,0x9f,0x60,0xd8,0x27,0x00,0x00,0x80,0x00,0xf8,0x00,0xc8,0x30,0x38,0xc0,0xd8,
  0x20,0x28,0xd0,0xc8,0x30,0xbf,0x40,0x88,0x77,0xfe,0x01,0xed,0x12,0x93,0x6c,0xfe,
  0x00,0x00,0x00,0x00,0x00,0xf8,0x00,0x08,0xf0,0xb8,0x40,0xa8,0x50,0x88,0x70,0xf8,
  0x00,0x00,0x00,0x00,0x00,0x00,0x00,0x71,0x00,0x53,0x20,0xd6,0x21,0xbd,0x42,0xab,
  0x54,0x9c,0x63,0xdf,0x20,0x00,0x00,0xc0,0x00,0x60,0x80,0xb0,0x40,0xd8,0x20,0xe8,
  0x10,0x18,0xe0,0xf8,0x00,0xb8,0x47,0x8b,0x74,0xfa,0x04,0xeb,0x14,0x98,0x67,0xff,
  0x00,0x00,0x00,0x00,0x00,0x08,0xf0,0xe8,0x10,0x28,0x10,0xe8,0x10,0x08,0xf0,0xf8,
  0x00,0x00,0x00,0x00,0x00,0x00,0x00,0x77,0x00,0x55,0x22,0xdc,0x23,0xbb,0x44,0xb0,
  0x4f,0x8b,0x74,0xdb,0x24,0x00,0x00,0x00,0x00,0xe0,0x00,0x20,0xc0,0xb8,0x40,0x08,
  0xf0,0x68,0x90,0x68,0x90,0xb8,0x47,0x8b,0x74,0xfa,0x04,0xeb,0x14,0x9c,0x63,0xf7,
  0x00,0x00,0x00,0x00,0x00,0x08,0xf0,0xf8,0x00,0x28,0x10,0xe8,0x10,0x08,0xf0,0xf8,
  0x00,0x00,0x00,0x00,0x00,0x00,0x00,0x73,0x00,0x5e,0x21,0xd0,0x2f,0xbd,0x42,0xad,
  0x52,0x9b,0x64,0xd0,0x2f,0x00,0x00,0x80,0x00,0xf8,0x00,0x08,0xf0,0xf8,0x00,0x50,
  0x20,0xd8,0x20,0x28,0xd0,0xbd,0x42,0x8d,0x72,0xfd,0x02,0xeb,0x14,0x96,0x68,0xfc,
  0x00,0x00,0x00,0x00,0x00,0xb8,0x40,0xa0,0x40,0xb8,0x40,0xa8,0x50,0x88,0x70,0xf8,
  0x00,0x00,0x00,0x00,0x00,0x00,0x00,0x7e,0x00,0x5b,0x24,0xda,0x25,0xbb,0x44,0xab,
  0x54,0x9a,0x65,0xdb,0x24,0x00,0x00,0xe0,0x00,0xb8,0x40,0xa8,0x50,0x18,0xe0,0xb8,
  0x40,0x08,0xf0,0xb8,0x40,0xbb,0x44,0x8a,0x75,0xfb,0x04,0xeb,0x14,0x98,0x67,0xff,
  0x00,0x00,0x00,0x00,0x00,0x18,0xe0,0xa8,0x50,0xb8,0x40,0xf8,0x00,0x08,0xf0,0xf8,
  0x00,0x00,0x00,0x00,0x00,0x00,0x00,0x71,0x00,0x5f,0x20,0xd0,0x2f,0xbf,0x40,0xa8,
  0x57,0x9f,0x60,0xd0,0x2f,0x00,0x00,0xc0,0x00,0x78,0x80,0x08,0xf0,0x78,0x80,0x10,
  0xe0,0x78,0x80,0x08,0xf0,0xbb,0x44,0x8b,0x74,0xfb,0x04,0xee,0x11,0x99,0x66,0xff,
  0x00,0x00,0x00,0x00,0x00,0xd8,0x20,0x50,0xa0,0x50,0xa0,0xb8,0x40,0xc8,0x30,0x78,
  0x00,0x00,0x00,0x00,0x00,0x00,0x00,0x71,0x00,0x57,0x20,0xd4,0x23,0xbf,0x40,0xa8,
  0x57,0x9d,0x62,0xda,0x25,0x00,0x00,0xc0,0x00,0x70,0x80,0x10,0xe0,0x78,0x80,0x08,
  0xf0,0xe8,0x10,0xb8,0x40,0xbd,0x42,0x88,0x77,0xff,0x00,0xee,0x11,0x99,0x66,0xff,
  0x00,0x00,0x00,0x00,0x00,0xb8,0x40,0x08,0xf0,0x78,0x80,0xd8,0x20,0xe8,0x10,0x38,
  0x00,0x00,0x00,0x00,0x00,0x00,0x00,0x7f,0x00,0x58,0x27,0xdf,0x20,0xb8,0x47,0xaf,
  0x50,0x90,0x6f,0xdf,0x20,0x00,0x00,0xf0,0x00,0x10,0xe0,0xd0,0x20,0x10,0xe0,0xd8,
  0x20,0x08,0xf0,0x78,0x80,0xbb,0x44,0x8d,0x72,0xfe,0x01,0xed,0x12,0x92,0x6d,0xff,
  0x00,0x00,0x00,0x00,0x00,0x68,0x90,0x58,0xa0,0x30,0xc0,0x58,0xa0,0x68,0x90,0xf8,
  0x00,0x00,0x00,0x00,0x00,0x00,0x00,0x77,0x00,0x54,0x23,0xd5,0x22,0xbc,0x43,0xaf,
  0x50,0x98,0x67,0xdd,0x22,0x00,0x00,0xf0,0x00,0x10,0xe0,0xd0,0x20,0x10,0xe0,0xf8,
  0x00,0x08,0xf0,0xd8,0x20,0xbc,0x43,0x8d,0x72,0xfd,0x02,0xe8,0x17,0x9f,0x60,0xf0,
  0x00,0x00,0x00,0x00,0x00,0x10,0xe0,0xd8,0x20,0x08,0xf0,0xd8,0x20,0xd0,0x20,0x70,
  0x00,0x00,0x00,0x00,0x00,0x00,0x00,0x73,0x00,0x5e,0x21,0xd0,0x2f,0xb7,0x48,0xad,
  0x52,0x9d,0x62,0xdb,0x24,0x00,0x00,0x80,0x00,0xf8,0x00,0x08,0xf0,0xe8,0x10,0x18,
  0xe0,0xb0,0x40,0x78,0x80,0xb2,0x4d,0x8a,0x75,0xfa,0x05,0xea,0x15,0x9a,0x65,0xff,
  0x00,0x00,0x00,0x00,0x00,0x08,0xf0,0xe8,0x10,0x08,0xf0,0xe8,0x10,0x08,0xf0,0xf8,
  0x00,0x00,0x00,0x00,0x00,0x00,0x00,0x73,0x00,0x5e,0x21,0xc4,0x3b,0xae,0x51,0xed,
  0x12,0xec,0x13,0x83,0x7c,0x00,0x00,0xf0,0x00,0xd8,0x20,0x08,0xf0,0xd8,0x20,0x28,
  0xd0,0x08,0xf0,0x58,0xa0,0xee,0x11,0xaa,0x55,0xa8,0x57,0xaa,0x55,0x82,0x7d,0xff,
  0x00,0x00,0x00,0x00,0x00,0x08,0xf0,0xd8,0x20,0x08,0xf0,0xd8,0x20,0x08,0xf0,0xf8,
  0x00,0x00,0x00,0x00,0x00,0x00,0x00,0xff,0x00,0x80,0x7f,0xbf,0x40,0xbb,0x44,0xaa,
  0x55,0xb7,0x48,0xb7,0x48,0x00,0x00,0xf8,0x00,0x08,0xf0,0xe8,0x10,0xa8,0x50,0xa8,
  0x50,0x68,0x90,0x68,0x90,0xaa,0x55,0xaa,0x55,0x9d,0x62,0xb7,0x40,0xa0,0x40,0xe0,
  0x00,0x00,0x00,0x00,0x00,0xa8,0x50,0xa8,0x50,0xe8,0x10,0xe8,0x10,0x88,0x70,0xf8,
  0x00,0x00,0x00,0x00,0x00,0x00,0x00,0xff,0x00,0x80,0x7f,0xb7,0x48,0xb7,0x48,0x80,
  0x7f,0xfb,0x04,0x38,0x07,0x00,0x00,0xf8,0x00,0x08,0xf0,0x68,0x90,0x68,0x90,0x08,
  0xf0,0xf8,0x00,0x10,0xe0,0xe7,0x18,0x9b,0x64,0xfd,0x02,0x7c,0x03,0x43,0x3c,0x7e,
  0x00,0x00,0x00,0x00,0x00,0xd0,0x20,0xb0,0x40,0x60,0x80,0xc0,0x00,0x80,0x00,0x00,
  0x00,0x00,0x00,0x00,0x00,0x00,0x00,0xff,0x00,0x80,0x7f,0xb7,0x48,0xb7,0x48,0x80,
  0x7f,0xfd,0x02,0x40,0x3f,0x00,0x00,0xf8,0x00,0x08,0xf0,0x68,0x90,0x68,0x90,0x08,
  0xf0,0xf8,0x00,0x10,0xe0,0xfd,0x02,0x80,0x7f,0xf7,0x08,0x6f,0x10,0x40,0x3f,0x7f,
  0x00,0x00,0x00,0x00,0x00,0xf8,0x00,0x08,0xf0,0xf8,0x00,0xb0,0x40,0x50,0xa0,0xf0,
  0x00,0x00,0x00,0x00,0x00,0x00,0x00,0xff,0x00,0x80,0x7f,0xb7,0x48,0x80,0x7f,0xfd,
  0x02,0x40,0x3f,0x5f,0x20,0x00,0x00,0xf8,0x00,0x08,0xf0,0x68,0x90,0x08,0xf0,0xf8,
  0x00,0x08,0xf0,0xd8,0x20,0x40,0x3f,0xdf,0x20,0x80,0x7f,0xfd,0x02,0x05,0x02,0x07,
  0x00,0x00,0x00,0x00,0x00,0x10,0xe0,0xd8,0x20,0x08,0xf0,0xf8,0x00,0x00,0x00,0x00,
  0x00,0x00,0x00,0x00,0x00,0x00,0x00,0xff,0x00,0x80,0x7f,0xb7,0x48,0x80,0x7f,0xfd,
  0x02,0x80,0x7f,0xfd,0x02,0x00,0x00,0xf8,0x00,0x08,0xf0,0x68,0x90,0x08,0xf0,0xf8,
  0x00,0x08,0xf0,0xf8,0x00,0x20,0x1f,0x2f,0x10,0x20,0x1f,0xef,0x10,0x80,0x7f,0xff,
  0x00,0x00,0x00,0x00,0x00,0x20,0xc0,0xa0,0x40,0x20,0xc0,0xb8,0x40,0x08,0xf0,0xf8,
  0x00,0x00,0x00,0x00,0x00,0x00,0x00,0x1d,0x00,0xf7,0x08,0x80,0x7f,0xfd,0x02,0x40,
  0x3f,0xfd,0x02,0x80,0x7f,0x00,0x00,0xc0,0x00,0x78,0x80,0x08,0xf0,0xf8,0x00,0x10,
  0xe0,0xf8,0x00,0x08,0xf0,0xfd,0x02,0x80,0x7f,0xfa,0x05,0xe7,0x18,0x9d,0x60,0xf0,
  0x00,0x00,0x00,0x00,0x00,0xf8,0x00,0x08,0xf0,0xf8,0x00,0x38,0xc0,0xc8,0x30,0x78,
  0x00,0x00,0x00,0x00,0x00,0x00,0x00,0x7f,0x00,0x42,0x3d,0xeb,0x14,0x82,0x7d,0xeb,
  0x14,0x43,0x3c,0x6e,0x11,0x00,0x00,0xb8,0x00,0xe8,0x10,0x58,0xa0,0x08,0xf0,0xb8,
  0x40,0xb8,0x40,0x08,0xf0,0x5f,0x20,0xc3,0x3c,0x9a,0x65,0xdb,0x24,0x42,0x3c,0x7e,
  0x00,0x00,0x00,0x00,0x00,0xb8,0x40,0xb8,0x40,0x08,0xf0,0xb8,0x40,0xa0,0x40,0xe0,
  0x00,0x00,0x00,0x00,0x00,0x00,0x00,0x3f,0x00,0xec,0x13,0xad,0x52,0xaa,0x55,0xc5,
  0x3a,0xef,0x10,0x83,0x7c,0x00,0x00,0xf8,0x00,0x48,0xb0,0x28,0xd0,0x48,0xb0,0x28,
  0xd0,0x68,0x90,0x58,0xa0,0xd6,0x29,0x54,0x2b,0x56,0x29,0xd2,0x2d,0xb6,0x49,0xff,
  0x00,0x00,0x00,0x00,0x00,0x08,0xf0,0xd8,0x20,0x08,0xf0,0xd8,0x20,0x08,0xf0,0xf8,
  0x00,0x00,0x00,0x00,0x00,0x00,0x00,0x0e,0x00,0x7b,0x04,0x40,0x3f,0x7b,0x04,0xfa,
  0x05,0x80,0x7f,0xfb,0x04,0x00,0x00,0x70,0x00,0xd0,0x20,0xb0,0x40,0x60,0x80,0xf8,
  0x00,0x08,0xf0,0xf8,0x00,0xe7,0x18,0x97,0x68,0xf0,0x0f,0x17,0x08,0x18,0x07,0x0f,
  0x00,0x00,0x00,0x00,0x00,0xd0,0x20,0x30,0xc0,0xf8,0x00,0xe8,0x10,0x08,0xf0,0xf8,
  0x00,0x00,0x00,0x00,0x00,0x00,0x00,0x0e,0x00,0x7b,0x04,0x40,0x3f,0x7b,0x04,0xfb,
  0x04,0x80,0x7f,0xf7,0x08,0x00,0x00,0x38,0x00,0xe8,0x10,0x58,0xa0,0xb0,0x40,0x78,
  0x80,0x08,0xf0,0xf8,0x00,0x60,0x1f,0xcf,0x30,0xa0,0x5f,0xef,0x10,0x20,0x1f,0x3f,
  0x00,0x00,0x00,0x00,0x00,0x10,0xe0,0xd0,0x20,0x10,0xe0,0xd0,0x20,0x10,0xe0,0xf0,
  0x00,0x00,0x00,0x00,0x00,0x00,0x00,0xff,0x00,0x80,0x7f,0xfd,0x02,0xfb,0x04,0x80,
  0x7f,0xb7,0x48,0xb5,0x48,0x00,0x00,0xf8,0x00,0x08,0xf0,0xf8,0x00,0xf8,0x00,0x08,
  0xf0,0x68,0x90,0x68,0x90,0xb5,0x48,0xb5,0x48,0xb5,0x48,0xb5,0x48,0xbd,0x40,0xe0,
  0x00,0x00,0x00,0x00,0x00,0x68,0x90,0x68,0x90,0x68,0x90,0x68,0x90,0xc8,0x30,0x78,
  0x00,0x00,0x00,0x00,0x00,0x00,0x00,0xff,0x00,0x80,0x7f,0xf7,0x08,0xef,0x10,0x80,
  0x7f,0xaa,0x55,0xaa,0x55,0x00,0x00,0xf0,0x00,0xd0,0x20,0xd8,0x20,0x08,0xf0,0xd8,
  0x20,0xd0,0x20,0x50,0xa0,0xaa,0x55,0xaa,0x55,0xaa,0x55,0xaa,0x55,0xbc,0x43,0xe7,
  0x00,0x00,0x00,0x00,0x00,0x90,0x60,0xd0,0x20,0xd0,0x20,0xd0,0x20,0x90,0x60,0xf0,
  0x00,0x00,0x00,0x00,0x00,0x00,0x00,0x38,0x00,0x2f,0x10,0xec,0x13,0x83,0x7c,0xef,
  0x10,0x84,0x7b,0xef,0x10,0x00,0x00,0xf8,0x00,0x88,0x70,0x78,0x80,0x78,0x80,0x08,
  0xf0,0x78,0x80,0x78,0x80,0x83,0x7c,0xec,0x13,0xc7,0x38,0xab,0x54,0xef,0x10,0x38,
  0x00,0x00,0x00,0x00,0x00,0x08,0xf0,0x78,0x80,0x78,0x80,0x68,0x90,0x88,0x70,0xf8,
  0x00,0x00,0x00,0x00,0x00,0x00,0x00,0xff,0x00,0x86,0x79,0xa9,0x56,0x8a,0x75,0xaa,
  0x55,0xaa,0x55,0x8a,0x75,0x00,0x00,0x80,0x00,0xf8,0x00,0x88,0x70,0xa8,0x50,0xa8,
  0x50,0xa8,0x50,0xa8,0x50,0xaa,0x55,0xa8,0x57,0x8a,0x75,0xad,0x52,0xe3,0x1c,0x3e,
  0x00,0x00,0x00,0x00,0x00,0xa8,0x50,0xa8,0x50,0x88,0x70,0xb8,0x40,0xa0,0x40,0xe0,
  0x00,0x00,0x00,0x00,0x00,0x00,0x00,0xff,0x00,0x80,0x7f,0xdb,0x24,0x42,0x3d,0x5a,
  0x25,0xc3,0x3c,0x9a,0x65,0x00,0x00,0xf8,0x00,0x08,0xf0,0xe8,0x10,0xe8,0x10,0xd8,
  0x20,0x30,0xc0,0xd8,0x20,0xf9,0x06,0x2d,0x12,0x6d,0x12,0xd5,0x2a,0xbd,0x42,0xe7,
  0x00,0x00,0x00,0x00,0x00,0xe8,0x10,0xb8,0x40,0xb0,0x40,0x58,0xa0,0xe8,0x10,0x38,
  0x00,0x00,0x00,0x00,0x00,0x00,0x00,0x07,0x00,0x05,0x02,0xfd,0x02,0x80,0x7f,0xbd,
  0x42,0xba,0x45,0xa7,0x58,0x00,0x00,0x00,0x00,0x00,0x00,0xf8,0x00,0x08,0xf0,0xe8,
  0x10,0xe8,0x10,0x28,0xd0,0xbd,0x42,0xba,0x45,0xa7,0x58,0xbd,0x40,0xa0,0x40,0xe0,
  0x00,0x00,0x00,0x00,0x00,0xe8,0x10,0xe8,0x10,0x28,0xd0,0xe8,0x10,0x88,0x70,0xf8,
  0x00,0x00,0x00,0x00,0x00,0x00,0x00,0xff,0x00,0x88,0x77,0xaf,0x50,0xab,0x50,0x8e,
  0x71,0xa8,0x57,0xae,0x51,0x00,0x00,0xf0,0x00,0x10,0xe0,0xb0,0x40,0x60,0x80,0xf8,
  0x00,0x08,0xf0,0xa8,0x50,0x8d,0x72,0xab,0x54,0xaf,0x50,0xae,0x51,0xad,0x52,0xff,
  0x00,0x00,0x00,0x00,0x00,0xa8,0x50,0x68,0x90,0x68,0x90,0xe8,0x10,0x98,0x60,0xf0,
  0x00,0x00,0x00,0x00,0x00,0x00,0x00,0xff,0x00,0x8c,0x73,0xad,0x52,0xad,0x52,0x8d,
  0x72,0xa3,0x5c,0xaf,0x50,0x00,0x00,0xe0,0x00,0x20,0xc0,0xa0,0x40,0xa0,0x40,0xb8,
  0x40,0x88,0x70,0xf8,0x00,0x88,0x77,0xab,0x54,0xad,0x52,0xae,0x51,0xa9,0x56,0xff,
  0x00,0x00,0x00,0x00,0x00,0x10,0xe0,0xd0,0x20,0xb0,0x40,0x78,0x80,0x88,0x70,0xf8,
  0x00,0x00,0x00,0x00,0x00,0x00,0x00,0x07,0x00,0x3d,0x02,0x2c,0x13,0xed,0x12,0x80,
  0x7f,0xff,0x00,0x20,0x1f,0x00,0x00,0x00,0x00,0xf0,0x00,0x10,0xe0,0xf8,0x00,0x08,
  0xf0,0xf8,0x00,0x20,0xc0,0x2f,0x10,0x20,0x1f,0x2f,0x10,0x20,0x1f,0x2f,0x10,0x38,
  0x00,0x00,0x00,0x00,0x00,0xa0,0x40,0x20,0xc0,0xa0,0x40,0x20,0xc0,0xa0,0x40,0xe0,
  0x00,0x00,0x00,0x00,0x00,0x00,0x00,0xff,0x00,0x8c,0x73,0xad,0x52,0xad,0x52,0x8d,
  0x72,0xac,0x53,0xad,0x52,0x00,0x00,0xf0,0x00,0x10,0xe0,0xd0,0x20,0x50,0x20,0xd0,
  0x20,0x10,0xe0,0xd0,0x20,0x8d,0x72,0xad,0x52,0xac,0x53,0xaf,0x50,0xa8,0x57,0xff,
  0x00,0x00,0x00,0x00,0x00,0x50,0x20,0xd0,0x20,0x10,0xe0,0xf8,0x00,0x08,0xf0,0xf8,
  0x00,0x00,0x00,0x00,0x00,0x00,0x00,0xf9,0x00,0x8f,0x70,0xab,0x54,0xad,0x52,0x8f,
  0x70,0xa8,0x57,0xaf,0x50,0x00,0x00,0xc0,0x00,0x78,0x80,0x68,0x90,0x58,0xa0,0x78,
  0x80,0x08,0xf0,0x78,0x80,0x8f,0x70,0xa8,0x57,0xaf,0x50,0xa9,0x50,0xa9,0x50,0xf9,
  0x00,0x00,0x00,0x00,0x00,0x78,0x80,0x08,0xf0,0x78,0x80,0x40,0x80,0x40,0x80,0xc0,
  0x00,0x00,0x00,0x00,0x00,0x00,0x00,0xff,0x00,0x8b,0x74,0xab,0x54,0xa8,0x57,0x8b,
  0x74,0xa7,0x58,0xaf,0x50,0x00,0x00,0xc0,0x00,0x40,0x80,0x70,0x80,0x10,0xe0,0x70,
  0x80,0x40,0x80,0x70,0x80,0x88,0x77,0xaf,0x50,0xa9,0x50,0xaf,0x50,0xa8,0x57,0xff,
  0x00,0x00,0x00,0x00,0x00,0x10,0xe0,0x70,0x80,0x40,0x80,0x78,0x80,0x08,0xf0,0xf8,
  0x00,0x00,0x00,0x00,0x00,0x00,0x00,0x73,0x00,0xde,0x21,0xb6,0x49,0x8a,0x75,0xfe,
  0x01,0x83,0x7c,0xbb,0x44,0x00,0x00,0xf8,0x00,0xc8,0x30,0x38,0xc0,0xf8,0x00,0xe8,
  0x10,0x08,0xf0,0xf8,0x00,0x82,0x7d,0xba,0x45,0x82,0x7d,0xba,0x45,0xb3,0x4c,0xff,
  0x00,0x00,0x00,0x00,0x00,0xc8,0x30,0x38,0xc0,0xf8,0x00,0xe8,0x10,0x08,0xf0,0xf8,
  0x00,0x00,0x00,0x00,0x00,0x00,0x00,0xfb,0x00,0x8a,0x71,0xaf,0x50,0xa8,0x57,0x8f,
  0x70,0xa1,0x5e,0xad,0x52,0x00,0x00,0xc0,0x00,0x60,0x80,0xa0,0x40,0x78,0x80,0x68,
  0x90,0x28,0xd0,0x28,0xd0,0x8d,0x72,0xab,0x54,0xab,0x54,0xa7,0x58,0xae,0x51,0xfb,
  0x00,0x00,0x00,0x00,0x00,0x58,0xa0,0x58,0xa0,0x68,0x90,0x68,0x90,0x78,0x80,0xc0,
  0x00,0x00,0x00,0x00,0x00,0x00,0x00,0xff,0x00,0x8d,0x72,0xad,0x52,0xa0,0x5f,0x8d,
  0x72,0xad,0x52,0xa0,0x5f,0x00,0x00,0xf8,0x00,0x88,0x70,0xa8,0x50,0x28,0xd0,0xa8,
  0x50,0xa8,0x50,0x28,0xd0,0x8d,0x72,0xab,0x54,0xaa,0x55,0xa6,0x59,0xa1,0x5e,0xff,
  0x00,0x00,0x00,0x00,0x00,0xa8,0x50,0xa8,0x50,0x88,0x70,0xb8,0x40,0x20,0xc0,0xe0,
  0x00,0x00,0x00,0x00,0x00,0x00,0x00,0xfe,0x00,0x8b,0x74,0xad,0x52,0xa8,0x57,0x8b,
  0x74,0xaa,0x54,0xab,0x54,0x00,0x00,0x70,0x00,0xd0,0x20,0xb0,0x40,0x10,0xe0,0xd0,
  0x20,0x50,0x20,0xd0,0x20,0x88,0x77,0xad,0x52,0xad,0x52,0xab,0x54,0xa6,0x58,0xfc,
  0x00,0x00,0x00,0x00,0x00,0x10,0xe0,0xb8,0x40,0xa8,0x50,0xa8,0x50,0x88,0x70,0xf8,
  0x00,0x00,0x00,0x00,0x00,0x00,0x00,0xf9,0x00,0x8b,0x70,0xae,0x51,0xad,0x52,0x83,
  0x7c,0xac,0x53,0xaf,0x50,0x00,0x00,0xc0,0x00,0x60,0x80,0xb0,0x40,0xd8,0x20,0xe8,
  0x10,0x18,0xe0,0xf8,0x00,0x8a,0x75,0xad,0x52,0xad,0x52,0xaf,0x50,0xa8,0x57,0xff,
  0x00,0x00,0x00,0x00,0x00,0xe8,0x10,0x58,0xa0,0x50,0xa0,0xb8,0x40,0x08,0xf0,0xf8,
  0x00,0x00,0x00,0x00,0x00,0x00,0x00,0x07,0x00,0x0d,0x02,0x7b,0x04,0x40,0x3f,0x5f,
  0x20,0x40,0x3f,0x5f,0x20,0x00,0x00,0x00,0x00,0x00,0x00,0xf0,0x00,0x10,0xe0,0xd0,
  0x20,0x10,0xe0,0xd0,0x20,0x5f,0x20,0x40,0x3f,0x5f,0x20,0x5f,0x20,0x40,0x3f,0x7f,
  0x00,0x00,0x00,0x00,0x00,0xd0,0x20,0x10,0xe0,0xd0,0x20,0xd0,0x20,0x10,0xe0,0xf0,
  0x00,0x00,0x00,0x00,0x00,0x00,0x00,0xff,0x00,0x80,0x7f,0xfb,0x04,0x37,0x08,0x6f,
  0x10,0x40,0x3f,0x7d,0x02,0x00,0x00,0xf8,0x00,0x08,0xf0,0xf8,0x00,0x60,0x80,0xb0,
  0x40,0x50,0xa0,0xd0,0x20,0x7d,0x02,0x40,0x3f,0x7d,0x02,0xfd,0x02,0x80,0x7f,0xff,
  0x00,0x00,0x00,0x00,0x00,0xf0,0x00,0x10,0xe0,0xf0,0x00,0xf8,0x00,0x08,0xf0,0xf8,
  0x00,0x00,0x00,0x00,0x00,0x00,0x00,0x70,0x00,0x5f,0x20,0xc0,0x3f,0xaa,0x55,0x80,
  0x7f,0xea,0x15,0x80,0x7f,0x00,0x00,0x00,0x00,0xf8,0x00,0x08,0xf0,0xb8,0x40,0x08,
  0xf0,0xb8,0x40,0x08,0xf0,0xdf,0x20,0xc0,0x3f,0xaa,0x55,0xf6,0x09,0x8f,0x70,0xf8,
  0x00,0x00,0x00,0x00,0x00,0xb8,0x40,0x08,0xf0,0xb8,0x40,0x08,0xf0,0xb8,0x40,0xe0,
  0x00,0x00,0x00,0x00,0x00,0x00,0x00,0x39,0x00,0x6f,0x10,0x43,0x3c,0x5b,0x24,0x4b,
  0x34,0xd0,0x2f,0x83,0x7c,0x00,0x00,0xf0,0x00,0x10,0xe0,0x50,0xa0,0x50,0xa0,0x58,
  0xa0,0xc8,0x30,0xf8,0x00,0xda,0x25,0x4a,0x35,0x53,0x2c,0xdb,0x24,0xb2,0x4d,0xff,
  0x00,0x00,0x00,0x00,0x00,0x08,0xf0,0xe8,0x10,0x58,0xa0,0xb8,0x40,0x48,0xb0,0xf8,
  0x00,0x00,0x00,0x00,0x00,0x00,0x00,0x07,0x00,0x7d,0x02,0x40,0x3f,0x5f,0x20,0x40,
  0x3f,0x5f,0x20,0x40,0x3f,0x00,0x00,0x00,0x00,0xf0,0x00,0x10,0xe0,0xd0,0x20,0x10,
  0xe0,0xd0,0x20,0x10,0xe0,0x5d,0x22,0x56,0x21,0x5f,0x20,0x53,0x2c,0x4e,0x30,0x78,
  0x00,0x00,0x00,0x00,0x00,0xf8,0x00,0xe8,0x10,0x58,0xa0,0xb8,0x40,0xc8,0x30,0x78,
  0x00,0x00,0x00,0x00,0x00,0x00,0x00,0x07,0x00,0xfc,0x03,0x85,0x7a,0xf4,0x0b,0xb5,
  0x4a,0xd5,0x2a,0x54,0x2b,0x00,0x00,0xf8,0x00,0x08,0xf0,0xe8,0x10,0x08,0xf0,0xe8,
  0x10,0xe8,0x10,0x08,0xf0,0x6d,0x12,0x6d,0x12,0x55,0x2a,0xd5,0x2a,0xbc,0x43,0xe7,
  0x00,0x00,0x00,0x00,0x00,0xb8,0x40,0xa8,0x50,0xd8,0x20,0x58,0xa0,0xe8,0x10,0xb8,
  0x00,0x00,0x00,0x00,0x00,0x00,0x00,0x38,0x00,0x2f,0x10,0x60,0x1f,0xdf,0x20,0x80,
  0x7f,0xdd,0x22,0x5d,0x22,0x00,0x00,0x00,0x00,0xc0,0x00,0x40,0x80,0x70,0x80,0x10,
  0xe0,0xd0,0x20,0xd0,0x20,0x40,0x3f,0x5f,0x20,0x50,0x20,0x5f,0x20,0x60,0x1f,0x3f,
  0x00,0x00,0x00,0x00,0x00,0x10,0xe0,0xf8,0x00,0x28,0x10,0xe8,0x10,0x08,0xf0,0xf8,
  0x00,0x00,0x00,0x00,0x00,0x00,0x00,0x1d,0x00,0xf7,0x08,0x80,0x7f,0xf7,0x08,0x1f,
  0x00,0x36,0x09,0x6e,0x11,0x00,0x00,0xc0,0x00,0x78,0x80,0x08,0xf0,0x78,0x80,0xc0,
  0x00,0xb8,0x00,0xe8,0x10,0xce,0x31,0xa8,0x57,0xee,0x11,0x2a,0x11,0x2b,0x10,0x39,
  0x00,0x00,0x00,0x00,0x00,0x98,0x60,0x70,0x80,0xf8,0x00,0xe8,0x10,0x08,0xf0,0xf8,
  0x00,0x00,0x00,0x00,0x00,0x00,0x00,0x1d,0x00,0xf7,0x08,0x80,0x7f,0xf7,0x08,0xfb,
  0x04,0x80,0x7f,0xf7,0x08,0x00,0x00,0xc0,0x00,0x78,0x80,0x08,0xf0,0x78,0x80,0xf8,
  0x00,0x08,0xf0,0xf8,0x00,0x6f,0x10,0xc0,0x3f,0xaf,0x50,0xef,0x10,0x20,0x1f,0x3f,
  0x00,0x00,0x00,0x00,0x00,0xf0,0x00,0x10,0xe0,0xd0,0x20,0xd0,0x20,0x10,0xe0,0xf0,
  0x00,0x00,0x00,0x00,0x00,0x00,0x00,0x1d,0x00,0xf7,0x08,0x80,0x7f,0xf7,0x08,0x7d,
  0x02,0x40,0x3f,0x5d,0x22,0x00,0x00,0xc0,0x00,0x78,0x80,0x08,0xf0,0x78,0x80,0xf0,
  0x00,0x10,0xe0,0xd0,0x20,0xdd,0x22,0x80,0x7f,0xfa,0x05,0xe7,0x18,0x9d,0x60,0xf0,
  0x00,0x00,0x00,0x00,0x00,0xd8,0x20,0x08,0xf0,0xf8,0x00,0x38,0xc0,0xc8,0x30,0x78,
  0x00,0x00,0x00,0x00,0x00,0x00,0x00,0x1d,0x00,0xf7,0x08,0x80,0x7f,0xf7,0x08,0x58,
  0x27,0xef,0x10,0xbf,0x40,0x00,0x00,0xc0,0x00,0x78,0x80,0x08,0xf0,0x78,0x80,0x10,
  0xe0,0xb0,0x40,0x78,0x80,0xd8,0x27,0x7e,0x01,0x6d,0x12,0xdb,0x24,0xbe,0x41,0xe3,
  0x00,0x00,0x00,0x00,0x00,0x08,0xf0,0xa8,0x50,0xa8,0x50,0x68,0x90,0xc8,0x30,0xf8,
  0x00,0x00,0x00,0x00,0x00,0x00,0x00,0x1d,0x00,0xf7,0x08,0x80,0x7f,0xed,0x12,0xdd,
  0x22,0x84,0x7b,0xed,0x12,0x00,0x00,0xc0,0x00,0x78,0x80,0x08,0xf0,0x78,0x80,0xf8,
  0x00,0x08,0xf0,0xe8,0x10,0xdf,0x20,0x82,0x7d,0xff,0x00,0xf3,0x0c,0x8e,0x70,0xf8,
  0x00,0x00,0x00,0x00,0x00,0xa8,0x10,0xe8,0x10,0x68,0x90,0xe8,0x10,0x98,0x60,0xf0,
  0x00,0x00,0x00,0x00,0x00,0x00,0x00,0x1d,0x00,0xf7,0x08,0x80,0x7f,0xf7,0x08,0x7d,
  0x02,0x40,0x3f,0x6d,0x12,0x00,0x00,0xc0,0x00,0x78,0x80,0x08,0xf0,0x78,0x80,0xf0,
  0x00,0x10,0xe0,0xb0,0x40,0xf5,0x0a,0x80,0x7f,0xf8,0x07,0xe5,0x1a,0x9d,0x62,0xf7,
  0x00,0x00,0x00,0x00,0x00,0x78,0x80,0x08,0xf0,0xf8,0x00,0x38,0xc0,0xc8,0x30,0x78,
  0x00,0x00,0x00,0x00,0x00,0x00,0x00,0x1d,0x00,0xf7,0x08,0x80,0x7f,0xf7,0x08,0xad,
  0x50,0xd9,0x20,0xaf,0x50,0x00,0x00,0xc0,0x00,0x78,0x80,0x08,0xf0,0x78,0x80,0xf0,
  0x00,0x58,0xa0,0x68,0x90,0xe8,0x17,0xcf,0x30,0xae,0x51,0xed,0x12,0x9b,0x64,0xfe,
  0x00,0x00,0x00,0x00,0x00,0x08,0xf0,0x78,0x80,0xb0,0x40,0xd8,0x20,0x68,0x10,0x38,
  0x00,0x00,0x00,0x00,0x00,0x00,0x00,0x1d,0x00,0xf7,0x08,0x80,0x7f,0xf7,0x08,0xfd,
  0x02,0x80,0x7f,0xf7,0x08,0x00,0x00,0xc0,0x00,0x78,0x80,0x08,0xf0,0x78,0x80,0xb8,
  0x40,0x08,0xf0,0x78,0x80,0x8d,0x70,0xf7,0x08,0x80,0x7f,0xf7,0x08,0x4d,0x30,0x79,
  0x00,0x00,0x00,0x00,0x00,0x88,0x70,0x78,0x80,0x08,0xf0,0x78,0x80,0x40,0x80,0xc0,
  0x00,0x00,0x00,0x00,0x00,0x00,0x00,0x1d,0x00,0xf7,0x08,0x80,0x7f,0xf7,0x08,0x3d,
  0x00,0xef,0x10,0x84,0x7b,0x00,0x00,0xc0,0x00,0x78,0x80,0x08,0xf0,0x78,0x80,0xc0,
  0x00,0x78,0x80,0x08,0xf0,0xd7,0x28,0xb4,0x4b,0xd5,0x2a,0xed,0x12,0x94,0x6b,0xff,
  0x00,0x00,0x00,0x00,0x00,0x78,0x80,0x10,0xe0,0xd0,0x20,0xd0,0x20,0x10,0xe0,0xf0,
  0x00,0x00,0x00,0x00,0x00,0x00,0x00,0x1d,0x00,0xf7,0x08,0x80,0x7f,0xf7,0x08,0x8f,
  0x70,0xa8,0x57,0xad,0x52,0x00,0x00,0xc0,0x00,0x78,0x80,0x08,0xf0,0x78,0x80,0xb8,
  0x40,0x08,0xf0,0xd8,0x20,0x9e,0x61,0xa8,0x57,0xab,0x54,0x8a,0x74,0xb6,0x48,0xfc,
  0x00,0x00,0x00,0x00,0x00,0xb8,0x40,0x08,0xf0,0xf8,0x00,0x00,0x00,0x00,0x00,0x00,
  0x00,0x00,0x00,0x00,0x00,0x00,0x00,0x1d,0x00,0xf7,0x08,0x80,0x7f,0xf7,0x08,0x7e,
  0x01,0x5c,0x23,0xe9,0x16,0x00,0x00,0xc0,0x00,0x78,0x80,0x08,0xf0,0x78,0x80,0xf0,
  0x00,0x10,0xe0,0xd0,0x20,0xbe,0x41,0xd9,0x26,0x7c,0x03,0xed,0x12,0x9c,0x63,0xf7,
  0x00,0x00,0x00,0x00,0x00,0x38,0xc0,0xc8,0x30,0x18,0xe0,0xd0,0x20,0x10,0xe0,0xf0,
  0x00,0x00,0x00,0x00,0x00,0x00,0x00,0x1d,0x00,0xf7,0x08,0x80,0x7f,0xf5,0x0a,0x80,
  0x7f,0xf6,0x09,0xed,0x12,0x00,0x00,0xc0,0x00,0x78,0x80,0x08,0xf0,0x78,0x80,0x08,
  0xf0,0xf8,0x00,0xd8,0x20,0x80,0x7f,0xdd,0x22,0x40,0x3f,0x5d,0x22,0x40,0x3f,0x7f,
  0x00,0x00,0x00,0x00,0x00,0x08,0xf0,0xd8,0x20,0x10,0xe0,0xd0,0x20,0x10,0xe0,0xf0,
  0x00,0x00,0x00,0x00,0x00,0x00,0x00,0x1d,0x00,0xf7,0x08,0x80,0x7f,0xf7,0x08,0xfe,
  0x01,0xb6,0x49,0xb5,0x4a,0x00,0x00,0xc0,0x00,0x78,0x80,0x08,0xf0,0x78,0x80,0xf8,
  0x00,0x08,0xf0,0xb8,0x40,0xb7,0x48,0xc0,0x3f,0x5a,0x25,0xda,0x25,0x80,0x7f,0xff,
  0x00,0x00,0x00,0x00,0x00,0xd0,0x20,0x10,0xe0,0xd0,0x20,0xd8,0x20,0x08,0xf0,0xf8,
  0x00,0x00,0x00,0x00,0x00,0x00,0x00,0x1d,0x00,0xf7,0x08,0x80,0x7f,0xf7,0x08,0xff,
  0x00,0xa0,0x5f,0xaa,0x55,0x00,0x00,0xc0,0x00,0x78,0x80,0x08,0xf0,0x78,0x80,0xa8,
  0x50,0x08,0xf0,0xb8,0x40,0x88,0x77,0xeb,0x14,0x88,0x77,0xaa,0x55,0xa8,0x57,0xff,
  0x00,0x00,0x00,0x00,0x00,0x28,0xd0,0x28,0xd0,0x58,0xa0,0xd8,0x20,0x28,0xd0,0xf8,
  0x00,0x00,0x00,0x00,0x00,0x00,0x00,0x1d,0x00,0xf7,0x08,0x80,0x7f,0xdb,0x24,0x41,
  0x3e,0x5a,0x25,0x4a,0x35,0x00,0x00,0xc0,0x00,0x78,0x80,0x08,0xf0,0xb8,0x40,0x08,
  0xf0,0xb8,0x40,0xa8,0x50,0xd0,0x2f,0xbb,0x44,0xb0,0x4f,0xe7,0x18,0x50,0x2f,0x7f,
  0x00,0x00,0x00,0x00,0x00,0x28,0xd0,0xf8,0x00,0x08,0xf0,0xe8,0x10,0x08,0xf0,0xf8,
  0x00,0x00,0x00,0x00,0x00,0x00,0x00,0x07,0x00,0x04,0x03,0x7d,0x02,0x40,0x3f,0x5d,
  0x22,0x5c,0x23,0x51,0x2e,0x00,0x00,0xf0,0x00,0x10,0xe0,0xf8,0x00,0x08,0xf0,0xe8,
  0x10,0x38,0xc0,0xe8,0x10,0x5c,0x23,0x5d,0x22,0x55,0x2a,0xd9,0x26,0xa0,0x5f,0xff,
  0x00,0x00,0x00,0x00,0x00,0x08,0xf0,0x78,0x80,0x50,0xa0,0x38,0xc0,0x08,0xf0,0xf8,
  0x00,0x00,0x00,0x00,0x00,0x00,0x00,0x07,0x00,0x05,0x02,0x7d,0x02,0x40,0x3f,0x5d,
  0x22,0x55,0x22,0x5d,0x22,0x00,0x00,0x00,0x00,0x00,0x00,0xf0,0x00,0x10,0xe0,0xd0,
  0x20,0x50,0x20,0xd0,0x20,0x40,0x3f,0x7d,0x02,0x05,0x02,0xfc,0x03,0x83,0x7c,0xfe,
  0x00,0x00,0x00,0x00,0x00,0x10,0xe0,0xf0,0x00,0xd8,0x20,0x28,0xd0,0xe8,0x10,0x38,
  0x00,0x00,0x00,0x00,0x00,0x00,0x00,0x71,0x00,0x59,0x20,0xcf,0x30,0xa8,0x57,0xfb,
  0x04,0x5b,0x24,0x5b,0x24,0x00,0x00,0xc0,0x00,0x40,0x80,0x78,0x80,0x08,0xf0,0x68,
  0x90,0x68,0x90,0x68,0x90,0x58,0x27,0x5f,0x20,0x55,0x28,0x4f,0x30,0x58,0x27,0x7f,
  0x00,0x00,0x00,0x00,0x00,0x08,0xf0,0x78,0x80,0x58,0xa0,0x28,0xd0,0xe8,0x10,0xb8,
  0x00,0x00,0x00,0x00,0x00,0x00,0x00,0x39,0x00,0xef,0x10,0x84,0x7b,0xef,0x10,0xe5,
  0x1a,0x8e,0x71,0xed,0x12,0x00,0x00,0xc0,0x00,0x70,0x80,0x10,0xe0,0x50,0xa0,0x50,
  0xa0,0xd8,0x20,0x48,0xb0,0x40,0x3f,0x6d,0x12,0x20,0x1f,0xfd,0x02,0x80,0x7f,0xff,
  0x00,0x00,0x00,0x00,0x00,0x38,0xc0,0xa0,0x40,0x38,0xc0,0xe8,0x10,0x08,0xf0,0xf8,
  0x00,0x00,0x00,0x00,0x00,0x00,0x00,0x39,0x00,0x29,0x10,0xef,0x10,0x82,0x7d,0xab,
  0x54,0xa8,0x57,0xaa,0x55,0x00,0x00,0xc0,0x00,0x78,0x80,0x08,0xf0,0xe8,0x10,0x18,
  0xe0,0xa8,0x50,0x08,0xf0,0x83,0x7c,0xee,0x11,0x2b,0x14,0xe0,0x1f,0x9b,0x64,0xfe,
  0x00,0x00,0x00,0x00,0x00,0xb8,0x40,0x08,0xf0,0xb8,0x40,0x08,0xf0,0xb8,0x40,0xe0,
  0x00,0x00,0x00,0x00,0x00,0x00,0x00,0x07,0x00,0xfd,0x02,0x80,0x7f,0xbb,0x44,0xd6,
  0x29,0xa8,0x57,0xfd,0x02,0x00,0x00,0x00,0x00,0xf8,0x00,0x08,0xf0,0x68,0x90,0xd8,
  0x20,0x28,0xd0,0xf8,0x00,0x40,0x3f,0x5d,0x22,0x40,0x3f,0xfd,0x02,0x80,0x7f,0xff,
  0x00,0x00,0x00,0x00,0x00,0x10,0xe0,0xd0,0x20,0x10,0xe0,0xd8,0x20,0x28,0xd0,0xf8,
  0x00,0x00,0x00,0x00,0x00,0x00,0x00,0x0e,0x00,0x7b,0x04,0x40,0x3f,0xf7,0x08,0x80,
  0x7f,0xd7,0x28,0xb0,0x4f,0x00,0x00,0x00,0x00,0xf0,0x00,0x10,0xe0,0x78,0x80,0x08,
  0xf0,0x58,0xa0,0x68,0x90,0x82,0x7d,0xaa,0x55,0x82,0x7d,0xed,0x12,0x82,0x7d,0xff,
  0x00,0x00,0x00,0x00,0x00,0x08,0xf0,0xa8,0x50,0x08,0xf0,0xa8,0x50,0x18,0xe0,0xf0,
  0x00,0x00,0x00,0x00,0x00,0x00,0x00,0x07,0x00,0x0d,0x02,0x7b,0x04,0x40,0x3f,0x5a,
  0x25,0x5a,0x25,0x5a,0x25,0x00,0x00,0x00,0x00,0x00,0x00,0xf0,0x00,0x10,0xe0,0xd0,
  0x20,0xd0,0x20,0xd0,0x20,0x5a,0x25,0x5a,0x25,0x5a,0x25,0xda,0x25,0x80,0x7f,0xff,
  0x00,0x00,0x00,0x00,0x00,0xd0,0x20,0xd0,0x20,0xd0,0x20,0xd8,0x20,0x08,0xf0,0xf8,
  0x00,0x00,0x00,0x00,0x00,0x00,0x00,0x3f,0x00,0x6c,0x13,0xdf,0x20,0xbf,0x40,0xe8,
  0x17,0xdf,0x20,0x90,0x60,0x00,0x00,0xf0,0x00,0x10,0xe0,0xf0,0x00,0xf8,0x00,0x08,
  0xf0,0xb8,0x40,0xa0,0x40,0xd0,0x20,0x50,0x20,0x50,0x20,0x53,0x20,0x52,0x21,0x73,
  0x00,0x00,0x00,0x00,0x00,0xa0,0x40,0xa0,0x40,0xa0,0x40,0xa0,0x40,0x20,0xc0,0xe0,
  0x00,0x00,0x00,0x00,0x00,0x00,0x00,0x3f,0x00,0x6d,0x12,0xd0,0x2f,0xbd,0x42,0xed,
  0x12,0xd0,0x2f,0x9f,0x60,0x00,0x00,0xf8,0x00,0x88,0x70,0x78,0x80,0xf8,0x00,0x88,
  0x70,0x58,0xa0,0xd0,0x20,0xdd,0x22,0x50,0x2f,0x5d,0x22,0x5c,0x23,0x53,0x2c,0x7e,
  0x00,0x00,0x00,0x00,0x00,0xd0,0x20,0x50,0xa0,0xd0,0x20,0x50,0xa0,0x90,0x60,0xf0,
  0x00,0x00,0x00,0x00,0x00,0x00,0x00,0x0e,0x00,0x0b,0x04,0xfd,0x02,0x80,0x7f,0xfa,
  0x05,0x36,0x09,0x6e,0x11,0x00,0x00,0x00,0x00,0x00,0x00,0xf8,0x00,0x08,0xf0,0xf8,
  0x00,0xd0,0x20,0xb0,0x40,0xcb,0x30,0xaf,0x50,0xed,0x12,0x2b,0x14,0x26,0x18,0x3c,
  0x00,0x00,0x00,0x00,0x00,0x60,0x80,0x60,0x80,0xb0,0x40,0xd8,0x20,0x68,0x10,0x38,
  0x00,0x00,0x00,0x00,0x00,0x00,0x00,0x71,0x00,0x59,0x20,0xed,0x10,0x85,0x78,0xf5,
  0x08,0x2f,0x10,0x6b,0x14,0x00,0x00,0xc0,0x00,0x40,0x80,0x40,0x80,0x40,0x80,0x60,
  0x80,0x30,0xc0,0x58,0xa0,0xc7,0x38,0xab,0x54,0xef,0x10,0x29,0x10,0x29,0x10,0x39,
  0x00,0x00,0x00,0x00,0x00,0x68,0x90,0x78,0x80,0x40,0x80,0x40,0x80,0x40,0x80,0xc0,
  0x00,0x00,0x00,0x00,0x00,0x00,0x00,0x07,0x00,0xfd,0x02,0x80,0x7f,0xfd,0x02,0x40,
  0x3f,0x5d,0x22,0x40,0x3f,0x00,0x00,0x00,0x00,0xf8,0x00,0x08,0xf0,0xf8,0x00,0x10,
  0xe0,0xd0,0x20,0x10,0xe0,0x7d,0x02,0xf2,0x0d,0x8f,0x70,0xe9,0x16,0x27,0x18,0x3c,
  0x00,0x00,0x00,0x00,0x00,0xf8,0x00,0xe8,0x10,0x58,0xa0,0xb8,0x40,0xc8,0x30,0x78,
  0x00,0x00,0x00,0x00,0x00,0x00,0x00,0xe1,0x00,0xbf,0x40,0xd8,0x27,0x8b,0x74,0xeb,
  0x14,0x58,0x27,0xd1,0x2e,0x00,0x00,0xc0,0x00,0x78,0x80,0x08,0xf0,0x68,0x90,0x78,
  0x80,0x08,0xf0,0xe8,0x10,0x8a,0x75,0xd3,0x2c,0x5b,0x24,0x5b,0x24,0x54,0x2b,0x7f,
  0x00,0x00,0x00,0x00,0x00,0xe8,0x10,0x58,0xa0,0xb0,0x40,0x58,0xa0,0xe8,0x10,0xb8,
  0x00,0x00,0x00,0x00,0x00,0x00,0x00,0xfd,0x00,0xb7,0x48,0xd0,0x2f,0x77,0x08,0xe7,
  0x18,0x94,0x6b,0xfd,0x02,0x00,0x00,0xc0,0x00,0x78,0x80,0x08,0xf0,0x78,0x80,0x70,
  0x80,0x10,0xe0,0xf8,0x00,0x80,0x7f,0xf6,0x09,0x8f,0x70,0xe9,0x16,0x27,0x18,0x3c,
  0x00,0x00,0x00,0x00,0x00,0x08,0xf0,0xf8,0x00,0x50,0xa0,0xb8,0x40,0xc8,0x30,0x78,
  0x00,0x00,0x00,0x00,0x00,0x00,0x00,0x07,0x00,0xfd,0x02,0x80,0x7f,0xf6,0x09,0x8f,
  0x70,0xe9,0x16,0x67,0x18,0x00,0x00,0x00,0x00,0xf8,0x00,0x08,0xf0,0xf8,0x00,0x50,
  0xa0,0xb8,0x40,0xc8,0x30,0x40,0x3f,0x57,0x28,0x48,0x37,0x57,0x28,0x50,0x2f,0x7f,
  0x00,0x00,0x00,0x00,0x00,0x18,0xe0,0x50,0xa0,0x10,0xe0,0x50,0xa0,0x50,0xa0,0xf0,
  0x00,0x00,0x00,0x00,0x00,0x00,0x00,0xff,0x00,0x80,0x7f,0xf7,0x08,0xf7,0x08,0x80,
  0x7f,0xb7,0x48,0xb5,0x48,0x00,0x00,0xf8,0x00,0x08,0xf0,0x78,0x80,0x78,0x80,0x08,
  0xf0,0x68,0x90,0x68,0x90,0xb5,0x48,0xad,0x50,0x99,0x60,0xbf,0x40,0x80,0x7f,0xff,
  0x00,0x00,0x00,0x00,0x00,0x68,0x90,0x08,0xf0,0xe8,0x10,0xe8,0x10,0x08,0xf0,0xf8,
  0x00,0x00,0x00,0x00,0x00,0x00,0x00,0xff,0x00,0x80,0x7f,0xfa,0x05,0x40,0x3f,0x5a,
  0x25,0x40,0x3f,0xfb,0x04,0x00,0x00,0xf8,0x00,0x08,0xf0,0xf8,0x00,0x10,0xe0,0xd0,
  0x20,0x10,0xe0,0xf8,0x00,0x80,0x7f,0xf7,0x08,0x27,0x18,0xf8,0x07,0x87,0x78,0xfd,
  0x00,0x00,0x00,0x00,0x00,0x08,0xf0,0xb8,0x40,0x60,0x80,0xf8,0x00,0x08,0xf0,0xf8,
  0x00,0x00,0x00,0x00,0x00,0x00,0x00,0xff,0x00,0x80,0x7f,0xda,0x25,0x40,0x3f,0x6d,
  0x12,0xdc,0x23,0xb3,0x4c,0x00,0x00,0xf8,0x00,0x08,0xf0,0xd8,0x20,0x10,0xe0,0xf8,
  0x00,0x08,0xf0,0xd8,0x20,0xeb,0x14,0xd8,0x27,0x95,0x6a,0xde,0x21,0x51,0x2e,0x7f,
  0x00,0x00,0x00,0x00,0x00,0xd0,0x20,0x10,0xe0,0xd0,0x20,0x38,0xc0,0xc8,0x30,0x78,
  0x00,0x00,0x00,0x00,0x00,0x00,0x00,0x7f,0x00,0x40,0x3f,0x5f,0x20,0x57,0x20,0x55,
  0x22,0x55,0x22,0x55,0x22,0x00,0x00,0xf0,0x00,0x10,0xe0,0xd0,0x20,0x50,0x20,0x50,
  0x20,0x50,0x20,0x50,0x20,0x5d,0x22,0x7a,0x05,0x1a,0x05,0xf6,0x09,0x8e,0x71,0xfb,
  0x00,0x00,0x00,0x00,0x00,0xd0,0x20,0xf8,0x00,0xa8,0x10,0xe8,0x10,0x08,0xf0,0xf8,
  0x00,0x00,0x00,0x00,0x00,0x00,0x00,0xef,0x00,0xb8,0x47,0xdb,0x24,0x8b,0x74,0xeb,
  0x14,0x5b,0x24,0xdb,0x24,0x00,0x00,0xf0,0x00,0x10,0xe0,0xd0,0x20,0x50,0xa0,0x50,
  0xa0,0x50,0xa0,0x50,0xa0,0x8b,0x74,0xd7,0x28,0x5e,0x21,0x5d,0x22,0x53,0x2c,0x7e,
  0x00,0x00,0x00,0x00,0x00,0x50,0xa0,0x78,0x80,0xa8,0x50,0xa8,0x50,0x88,0x70,0xf8,
  0x00,0x00,0x00,0x00,0x00,0x00,0x00,0x7e,0x00,0x5b,0x24,0xed,0x12,0x80,0x7f,0xbf,
  0x40,0xa0,0x5f,0xef,0x10,0x00,0x00,0x70,0x00,0xd0,0x20,0xb8,0x40,0x08,0xf0,0xe8,
  0x10,0x28,0xd0,0xb8,0x40,0x2d,0x12,0x2d,0x12,0x3a,0x05,0xf6,0x09,0x8e,0x71,0xfb,
  0x00,0x00,0x00,0x00,0x00,0xa0,0x40,0xa0,0x40,0xf8,0x00,0xe8,0x10,0x08,0xf0,0xf8,
  0x00,0x00,0x00,0x00,0x00,0x00,0x00,0x38,0x00,0x2f,0x10,0x60,0x1f,0xdf,0x20,0x80,
  0x7f,0xdd,0x22,0x40,0x3f,0x00,0x00,0x00,0x00,0xc0,0x00,0x40,0x80,0x70,0x80,0x10,
  0xe0,0xd0,0x20,0x10,0xe0,0x5d,0x22,0x40,0x3f,0x5d,0x22,0xd5,0x22,0xb5,0x42,0xe7,
  0x00,0x00,0x00,0x00,0x00,0xd0,0x20,0x10,0xe0,0xd0,0x20,0xd0,0x20,0x90,0x60,0xf0,
  0x00,0x00,0x00,0x00,0x00,0x00,0x00,0x3b,0x00,0x2e,0x11,0x63,0x1c,0xdb,0x24,0x80,
  0x7f,0xd5,0x2a,0x41,0x3e,0x00,0x00,0xf8,0x00,0x08,0xf0,0x68,0x90,0x68,0x90,0xc8,
  0x30,0xf8,0x00,0x58,0xa0,0x55,0x2a,0x40,0x3f,0x55,0x2a,0xd5,0x2a,0xb5,0x4a,0xff,
  0x00,0x00,0x00,0x00,0x00,0x08,0xf0,0xd8,0x20,0x08,0xf0,0xd8,0x20,0x50,0x20,0x70,
  0x00,0x00,0x00,0x00,0x00,0x00,0x00,0x70,0x00,0x5c,0x20,0xc7,0x38,0xb6,0x49,0x82,
  0x7d,0xaa,0x55,0x82,0x7d,0x00,0x00,0xe0,0x00,0xa0,0x40,0xb8,0x40,0x08,0xf0,0xa8,
  0x50,0xa8,0x50,0xa8,0x50,0xaa,0x55,0x83,0x7c,0xaa,0x54,0xab,0x54,0xaa,0x55,0xff,
  0x00,0x00,0x00,0x00,0x00,0x08,0xf0,0xb8,0x40,0xa8,0x50,0x88,0x70,0x68,0x90,0xf8,
  0x00,0x00,0x00,0x00,0x00,0x00,0x00,0x0e,0x00,0x0b,0x04,0xfd,0x02,0x80,0x7f,0xff,
  0x00,0x40,0x3f,0x7f,0x00,0x00,0x00,0x00,0x00,0x00,0x00,0xf8,0x00,0x08,0xf0,0xf8,
  0x00,0x10,0xe0,0xf0,0x00,0x40,0x3f,0x7f,0x00,0x40,0x3f,0x5f,0x20,0x40,0x3f,0x7f,
  0x00,0x00,0x00,0x00,0x00,0x10,0xe0,0xf0,0x00,0x10,0xe0,0xd0,0x20,0x10,0xe0,0xf0,
  0x00,0x00,0x00,0x00,0x00,0x00,0x00,0x71,0x00,0x59,0x20,0x69,0x10,0x39,0x00,0xff,
  0x00,0x98,0x67,0xdf,0x20,0x00,0x00,0xc0,0x00,0x40,0x80,0x40,0x80,0x40,0x80,0x78,
  0x80,0x08,0xf0,0x78,0x80,0x51,0x20,0x5d,0x20,0x55,0x28,0x4d,0x30,0x59,0x20,0x71,
  0x00,0x00,0x00,0x00,0x00,0x40,0x80,0x40,0x80,0x40,0x80,0x40,0x80,0x40,0x80,0xc0,
  0x00,0x00,0x00,0x00,0x00,0x00,0x00,0x71,0x00,0x59,0x20,0x69,0x10,0x39,0x00,0xf9,
  0x00,0x89,0x70,0xeb,0x10,0x00,0x00,0xc0,0x00,0x40,0x80,0x40,0x80,0x40,0x80,0x40,
  0x80,0x40,0x80,0x60,0x80,0x2a,0x11,0x2e,0x11,0x2d,0x12,0x25,0x1a,0x2b,0x14,0x3e,
  0x00,0x00,0x00,0x00,0x00,0xa0,0x40,0xb0,0x40,0xd0,0x20,0x58,0x20,0x68,0x10,0x38,
  0x00,0x00,0x00,0x00,0x00,0x00,0x00,0x71,0x00,0x59,0x20,0x69,0x10,0x39,0x00,0xf9,
  0x00,0x89,0x70,0xe9,0x10,0x00,0x00,0xc0,0x00,0x40,0x80,0x40,0x80,0x40,0x80,0x78,
  0x80,0x08,0xf0,0x78,0x80,0x29,0x10,0x2f,0x10,0x2b,0x14,0x27,0x18,0x28,0x17,0x3f,
  0x00,0x00,0x00,0x00,0x00,0x40,0x80,0x40,0x80,0x40,0x80,0x78,0x80,0x08,0xf0,0xf8,
  0x00,0x00,0x00,0x00,0x00,0x00,0x00,0xe3,0x00,0xbe,0x41,0xdb,0x24,0x7b,0x04,0xfb,
  0x04,0x9d,0x62,0xd5,0x22,0x00,0x00,0x80,0x00,0xf8,0x00,0x68,0x90,0x68,0x90,0xe8,
  0x10,0x58,0x20,0x50,0x20,0x55,0x22,0x5e,0x21,0x57,0x28,0x4e,0x31,0x59,0x26,0x7f,
  0x00,0x00,0x00,0x00,0x00,0xd0,0x20,0xb0,0x40,0x60,0x80,0xb8,0x40,0xc8,0x30,0x78,
  0x00,0x00,0x00,0x00,0x00,0x00,0x00,0xef,0x00,0xb8,0x47,0xdf,0x20,0x70,0x00,0xf0,
  0x00,0x9f,0x60,0xd8,0x27,0x00,0x00,0xf0,0x00,0x10,0xe0,0xd0,0x20,0x50,0x20,0x50,
  0x20,0xd0,0x20,0x10,0xe0,0x5b,0x24,0x5a,0x24,0x52,0x2c,0x4b,0x34,0x5c,0x23,0x77,
  0x00,0x00,0x00,0x00,0x00,0xf0,0x00,0x38,0x00,0x28,0x10,0xe8,0x10,0x08,0xf0,0xf8,
  0x00,0x00,0x00,0x00,0x00,0x00,0x00,0xe7,0x00,0xb5,0x42,0xdd,0x22,0x70,0x0f,0xfd,
  0x02,0x95,0x62,0xdd,0x22,0x00,0x00,0x70,0x00,0x50,0x20,0xd8,0x20,0x08,0xf0,0xd8,
  0x20,0x50,0x20,0xd8,0x20,0x50,0x2f,0x5d,0x22,0x5d,0x22,0x4b,0x34,0x56,0x28,0x7c,
  0x00,0x00,0x00,0x00,0x00,0x08,0xf0,0xd8,0x20,0x50,0x20,0x50,0x20,0x50,0x20,0x70,
  0x00,0x00,0x00,0x00,0x00,0x00,0x00,0xee,0x00,0xbb,0x44,0xd8,0x27,0x77,0x08,0xfd,
  0x00,0x9f,0x60,0xd0,0x2f,0x00,0x00,0x00,0x00,0xf0,0x00,0x10,0xe0,0x70,0x80,0x40,
  0x80,0x78,0x80,0x08,0xf0,0x5f,0x20,0x51,0x20,0x59,0x20,0x49,0x30,0x59,0x20,0x71,
  0x00,0x00,0x00,0x00,0x00,0x78,0x80,0x40,0x80,0x40,0x80,0x40,0x80,0x40,0x80,0xc0,
  0x00,0x00,0x00,0x00,0x00,0x00,0x00,0xe1,0x00,0xb3,0x40,0xd6,0x21,0x7d,0x02,0xf3,
  0x0c,0x9d,0x62,0xd5,0x22,0x00,0x00,0xc0,0x00,0x60,0x80,0xb0,0x40,0xd8,0x20,0x68,
  0x10,0x78,0x00,0xd0,0x20,0x55,0x22,0x54,0x23,0x5d,0x22,0x4d,0x32,0x5e,0x21,0x73,
  0x00,0x00,0x00,0x00,0x00,0xb0,0x40,0x78,0x80,0xe8,0x10,0xe8,0x10,0x08,0xf0,0xf8,
  0x00,0x00,0x00,0x00,0x00,0x00,0x00,0xe7,0x00,0xb4,0x43,0xd5,0x22,0x75,0x02,0xfd,
  0x02,0x93,0x6c,0xdf,0x20,0x00,0x00,0xe0,0x00,0x20,0xc0,0xa0,0x40,0xa0,0x40,0xb8,
  0x40,0x88,0x70,0xf8,0x00,0x58,0x27,0x5b,0x24,0x5d,0x22,0x4e,0x31,0x51,0x2e,0x7f,
  0x00,0x00,0x00,0x00,0x00,0x10,0xe0,0xd0,0x20,0xb0,0x40,0x78,0x80,0x88,0x70,0xf8,
  0x00,0x00,0x00,0x00,0x00,0x00,0x00,0xe3,0x00,0xb2,0x41,0xdf,0x20,0x70,0x0f,0xfd,
  0x02,0x95,0x62,0xd4,0x23,0x00,0x00,0x80,0x00,0xc0,0x00,0x78,0x80,0x08,0xf0,0xf8,
  0x00,0xf0,0x00,0x10,0xe0,0x55,0x22,0x5d,0x22,0x5b,0x24,0x4b,0x34,0x57,0x28,0x7d,
  0x00,0x00,0x00,0x00,0x00,0xd0,0x20,0x50,0x20,0x50,0x20,0xd0,0x20,0x30,0xc0,0xe0,
  0x00,0x00,0x00,0x00,0x00,0x00,0x00,0xff,0x00,0xb0,0x4f,0xdf,0x20,0x71,0x00,0xff,
  0x00,0x9b,0x64,0xdb,0x24,0x00,0x00,0xf8,0x00,0x08,0xf0,0x78,0x80,0x40,0x80,0x40,
  0x80,0x78,0x80,0x08,0xf0,0x5b,0x24,0x5b,0x24,0x5b,0x24,0x4b,0x34,0x50,0x2f,0x7f,
  0x00,0x00,0x00,0x00,0x00,0x78,0x80,0x40,0x80,0x40,0x80,0x78,0x80,0x08,0xf0,0xf8,
  0x00,0x00,0x00,0x00,0x00,0x00,0x00,0x7f,0x00,0x58,0x27,0x6b,0x14,0x3b,0x04,0xf8,
  0x07,0x9b,0x64,0xdb,0x24,0x00,0x00,0xf0,0x00,0x10,0xe0,0xd0,0x20,0xd0,0x20,0x10,
  0xe0,0xd0,0x20,0xd0,0x20,0x58,0x27,0x5b,0x24,0x5a,0x24,0x4b,0x34,0x50,0x2f,0x7f,
  0x00,0x00,0x00,0x00,0x00,0x10,0xe0,0xd0,0x20,0x50,0x20,0xd8,0x20,0x08,0xf0,0xf8,
  0x00,0x00,0x00,0x00,0x00,0x00,0x00,0xef,0x00,0xb8,0x47,0xdb,0x24,0x7a,0x04,0xfa,
  0x04,0x9b,0x64,0xd8,0x27,0x00,0x00,0xf0,0x00,0x10,0xe0,0xd0,0x20,0x50,0x20,0x50,
  0x20,0xd0,0x20,0x10,0xe0,0x5f,0x20,0x57,0x20,0x5d,0x22,0x4b,0x34,0x56,0x28,0x7c,
  0x00,0x00,0x00,0x00,0x00,0xf0,0x00,0xe0,0x00,0xb0,0x40,0xd8,0x20,0x68,0x10,0x38,
  0x00,0x00,0x00,0x00,0x00,0x00,0x00,0xe0,0x00,0xbf,0x40,0xd8,0x27,0x7b,0x04,0xfb,
  0x04,0x98,0x67,0xdb,0x24,0x00,0x00,0xf0,0x00,0x90,0x60,0x70,0x80,0xc0,0x00,0xf8,
  0x00,0x08,0xf0,0xb8,0x40,0x5b,0x24,0x5b,0x24,0x52,0x2c,0x4a,0x34,0x56,0x28,0x7c,
  0x00,0x00,0x00,0x00,0x00,0x30,0xc0,0x98,0x60,0xa8,0x50,0xb8,0x40,0xa0,0x40,0xe0,
  0x00,0x00,0x00,0x00,0x00,0x00,0x00,0xe1,0x00,0xb1,0x40,0xdf,0x20,0x70,0x0f,0xff,
  0x00,0x9f,0x60,0xd0,0x2f,0x00,0x00,0xf0,0x00,0x58,0xa0,0x68,0x90,0x08,0xf0,0x78,
  0x80,0x40,0x80,0x60,0x80,0x5d,0x22,0x55,0x22,0x5d,0x22,0x4c,0x33,0x53,0x2c,0x7e,
  0x00,0x00,0x00,0x00,0x00,0xa0,0x40,0xb8,0x40,0xa8,0x50,0x48,0xb0,0xe8,0x10,0x38,
  0x00,0x00,0x00,0x00,0x00,0x00,0x00,0x70,0x00,0x58,0x20,0x6f,0x10,0x38,0x07,0xfb,
  0x04,0x98,0x67,0xda,0x25,0x00,0x00,0xf8,0x00,0xa8,0x50,0xa8,0x50,0x08,0xf0,0xb8,
  0x40,0xa8,0x50,0xa8,0x50,0x5a,0x25,0x5a,0x25,0x58,0x27,0x4b,0x34,0x56,0x29,0x7f,
  0x00,0x00,0x00,0x00,0x00,0xa8,0x50,0xd8,0x20,0xd8,0x20,0xa8,0x50,0x68,0x90,0xf8,
  0x00,0x00,0x00,0x00,0x00,0x00,0x00,0xe0,0x00,0xbf,0x40,0xd8,0x27,0x7f,0x00,0xff,
  0x00,0x98,0x67,0xdf,0x20,0x00,0x00,0xf0,0x00,0x90,0x60,0x70,0x80,0x40,0x80,0x78,
  0x80,0x08,0xf0,0x78,0x80,0x57,0x20,0x5c,0x23,0x55,0x2a,0x4d,0x32,0x5c,0x23,0x77,
  0x00,0x00,0x00,0x00,0x00,0x70,0x80,0x10,0xe0,0xd0,0x20,0xd0,0x20,0x10,0xe0,0xf0,
  0x00,0x00,0x00,0x00,0x00,0x00,0x00,0xff,0x00,0xb1,0x4e,0xdd,0x22,0x7b,0x04,0xf7,
  0x08,0x91,0x6e,0xdd,0x22,0x00,0x00,0x38,0x00,0xe8,0x10,0x18,0xe0,0xd0,0x20,0xd8,
  0x20,0x48,0xb0,0x58,0xa0,0x55,0x2a,0x55,0x2a,0x5b,0x24,0x45,0x3a,0x56,0x29,0x7f,
  0x00,0x00,0x00,0x00,0x00,0x50,0xa0,0x58,0xa0,0x08,0xf0,0xf8,0x00,0x08,0xf0,0xf8,
  0x00,0x00,0x00,0x00,0x00,0x00,0x00,0x71,0x00,0x5f,0x20,0x68,0x17,0x3e,0x01,0xfd,
  0x02,0x98,0x67,0xdf,0x20,0x00,0x00,0xc0,0x00,0x78,0x80,0x08,0xf0,0xf8,0x00,0xd0,
  0x20,0x30,0xc0,0x78,0x80,0x5e,0x21,0x59,0x26,0x5f,0x20,0x4e,0x31,0x59,0x26,0x7f,
  0x00,0x00,0x00,0x00,0x00,0xe8,0x10,0xd8,0x20,0xb0,0x40,0x58,0xa0,0xe8,0x10,0x38,
  0x00,0x00,0x00,0x00,0x00,0x00,0x00,0xef,0x00,0xb8,0x47,0xdb,0x24,0x7b,0x04,0xf8,
  0x07,0x9f,0x60,0xd8,0x27,0x00,0x00,0xf0,0x00,0x10,0xe0,0xd0,0x20,0xd0,0x20,0x10,
  0xe0,0xf0,0x00,0x10,0xe0,0x5f,0x20,0x50,0x2f,0x5f,0x20,0x4e,0x31,0x51,0x2e,0x7f,
  0x00,0x00,0x00,0x00,0x00,0x78,0x80,0x08,0xf0,0x78,0x80,0xb8,0x40,0xc8,0x30,0x78,
  0x00,0x00,0x00,0x00,0x00,0x00,0x00,0xee,0x00,0xbb,0x44,0xdd,0x22,0x78,0x07,0xfb,
  0x04,0x9a,0x64,0xdb,0x24,0x00,0x00,0x70,0x00,0xd0,0x20,0xb0,0x40,0x10,0xe0,0xd0,
  0x20,0x50,0x20,0xd0,0x20,0x58,0x27,0x5d,0x22,0x55,0x2a,0x4b,0x34,0x56,0x28,0x7c,
  0x00,0x00,0x00,0x00,0x00,0x10,0xe0,0xb8,0x40,0xa8,0x50,0xa8,0x50,0x88,0x70,0xf8,
  0x00,0x00,0x00,0x00,0x00,0x00,0x00,0xe1,0x00,0xbf,0x40,0xd8,0x27,0x7f,0x00,0xf8,
  0x07,0x9f,0x60,0xd0,0x2f,0x00,0x00,0xc0,0x00,0x70,0x80,0x10,0xe0,0x70,0x80,0x10,
  0xe0,0x78,0x80,0x08,0xf0,0x5b,0x24,0x58,0x27,0x53,0x2c,0x48,0x37,0x5b,0x24,0x7e,
  0x00,0x00,0x00,0x00,0x00,0xd8,0x20,0x10,0xe0,0xd0,0x20,0x10,0xe0,0xd0,0x20,0x70,
  0x00,0x00,0x00,0x00,0x00,0x00,0x00,0xe7,0x00,0xbd,0x42,0xd0,0x2f,0x7d,0x02,0xfe,
  0x01,0x90,0x6f,0xde,0x21,0x00,0x00,0x70,0x00,0xd8,0x20,0x08,0xf0,0xd8,0x20,0xf8,
  0x00,0x08,0xf0,0xf8,0x00,0x5d,0x22,0x58,0x27,0x55,0x2a,0x4d,0x32,0x5c,0x23,0x77,
  0x00,0x00,0x00,0x00,0x00,0xf8,0x00,0x08,0xf0,0xe8,0x10,0xe8,0x10,0x08,0xf0,0xf8,
  0x00,0x00,0x00,0x00,0x00,0x00,0x00,0xe1,0x00,0xbf,0x40,0xd8,0x27,0x7f,0x00,0xf0,
  0x0f,0x9d,0x62,0xd6,0x29,0x00,0x00,0xc0,0x00,0x70,0x80,0x10,0xe0,0x78,0x80,0x08,
  0xf0,0xe8,0x10,0xb8,0x40,0x5b,0x24,0x50,0x2f,0x5f,0x20,0x4c,0x33,0x53,0x2c,0x7e,
  0x00,0x00,0x00,0x00,0x00,0xb8,0x40,0x08,0xf0,0x78,0x80,0xd8,0x20,0xe8,0x10,0x38,
  0x00,0x00,0x00,0x00,0x00,0x00,0x00,0xe7,0x00,0xb5,0x42,0xdd,0x22,0x78,0x07,0xf3,
  0x0c,0x98,0x67,0xdb,0x24,0x00,0x00,0xc0,0x00,0x60,0x80,0xb8,0x40,0x08,0xf0,0xb8,
  0x40,0x08,0xf0,0xb8,0x40,0x5b,0x24,0x58,0x27,0x53,0x2c,0x4b,0x34,0x58,0x27,0x7f,
  0x00,0x00,0x00,0x00,0x00,0xb8,0x40,0x08,0xf0,0xb8,0x40,0xb8,0x40,0x08,0xf0,0xf8,
  0x00,0x00,0x00,0x00,0x00,0x00,0x00,0x77,0x00,0x5d,0x22,0x68,0x17,0x3d,0x02,0xf4,
  0x03,0x95,0x62,0xd4,0x23,0x00,0x00,0x70,0x00,0xd8,0x20,0x08,0xf0,0xd8,0x20,0x10,
  0xe0,0xd0,0x20,0x10,0xe0,0x5f,0x20,0x58,0x27,0x5e,0x21,0x4d,0x32,0x5b,0x24,0x7f,
  0x00,0x00,0x00,0x00,0x00,0x78,0x80,0x08,0xf0,0x38,0xc0,0x58,0xa0,0x68,0x90,0xf8,
  0x00,0x00,0x00,0x00,0x00,0x00,0x00,0xe7,0x00,0xbd,0x42,0xd0,0x2f,0x7d,0x02,0xfe,
  0x01,0x90,0x6f,0xdb,0x24,0x00,0x00,0xe0,0x00,0xb8,0x40,0x08,0xf0,0xb8,0x40,0xf8,
  0x00,0x08,0xf0,0xf8,0x00,0x58,0x27,0x5f,0x20,0x5a,0x25,0x4a,0x35,0x56,0x29,0x7f,
  0x00,0x00,0x00,0x00,0x00,0x10,0xe0,0xf0,0x00,0xb8,0x40,0xa8,0x50,0x88,0x70,0xf8,
  0x00,0x00,0x00,0x00,0x00,0x00,0x00,0xff,0x00,0xb0,0x4f,0xd7,0x28,0x70,0x0f,0xf7,
  0x08,0x90,0x6f,0xdb,0x24,0x00,0x00,0xf8,0x00,0x08,0xf0,0x68,0x90,0x08,0xf0,0x68,
  0x90,0x08,0xf0,0xd8,0x20,0x58,0x27,0x5b,0x24,0x58,0x27,0x4b,0x34,0x5a,0x24,0x7e,
  0x00,0x00,0x00,0x00,0x00,0x10,0xe0,0xd0,0x20,0x10,0xe0,0xd0,0x20,0x90,0x60,0xf0,
  0x00,0x00,0x00,0x00,0x00,0x00,0x00,0xe7,0x00,0xbd,0x42,0xd8,0x27,0x7a,0x05,0xf8,
  0x07,0x9a,0x65,0xd8,0x27,0x00,0x00,0x70,0x00,0xd0,0x20,0xd8,0x20,0x08,0xf0,0xd8,
  0x20,0xd0,0x20,0x50,0xa0,0x5a,0x25,0x50,0x2f,0x5c,0x23,0x4a,0x35,0x54,0x2b,0x7f,
  0x00,0x00,0x00,0x00,0x00,0x90,0x60,0xd0,0x20,0xd0,0x20,0xd0,0x20,0x90,0x60,0xf0,
  0x00,0x00,0x00,0x00,0x00,0x00,0x00,0x70,0x00,0x5f,0x20,0x68,0x17,0xfb,0x04,0x9d,
  0x62,0xdb,0x24,0x58,0x27,0x00,0x00,0x78,0x00,0xc8,0x30,0x38,0xc0,0x68,0x90,0x58,
  0xa0,0xf8,0x00,0x08,0xf0,0x5f,0x20,0x58,0x27,0x5f,0x20,0x4b,0x34,0x58,0x27,0x7f,
  0x00,0x00,0x00,0x00,0x00,0x78,0x80,0x08,0xf0,0x78,0x80,0x68,0x90,0x08,0xf0,0xf8,
  0x00,0x00,0x00,0x00,0x00,0x00,0x00,0x3f,0x00,0x60,0x1f,0xdf,0x20,0x80,0x7f,0xdd,
  0x22,0x40,0x3f,0xf1,0x0e,0x00,0x00,0xc0,0x00,0x40,0x80,0x70,0x80,0x10,0xe0,0xd0,
  0x20,0x18,0xe0,0xe8,0x10,0x8c,0x73,0xf3,0x0c,0x8c,0x73,0xf3,0x0c,0x8c,0x73,0xff,
  0x00,0x00,0x00,0x00,0x00,0xd8,0x20,0x30,0xc0,0x58,0xa0,0x68,0x90,0xf8,0x00,0x80,
  0x00,0x00,0x00,0x00,0x00,0x00,0x00,0x7f,0x00,0x40,0x3f,0x5f,0x20,0x55,0x22,0x55,
  0x22,0x55,0x22,0x55,0x22,0x00,0x00,0xf0,0x00,0x10,0xe0,0xd0,0x20,0x50,0x20,0x50,
  0x20,0x50,0x20,0x50,0x20,0x55,0x22,0x5d,0x22,0x7a,0x05,0xe7,0x18,0x9d,0x60,0xf0,
  0x00,0x00,0x00,0x00,0x00,0x50,0x20,0xd0,0x20,0xf0,0x00,0x38,0xc0,0xc8,0x30,0x78,
  0x00,0x00,0x00,0x00,0x00,0x00,0x00,0x38,0x00,0x2f,0x10,0x60,0x1f,0xdf,0x20,0x80,
  0x7f,0xdf,0x20,0x55,0x22,0x00,0x00,0x00,0x00,0xc0,0x00,0x40,0x80,0x70,0x80,0x10,
  0xe0,0xd0,0x20,0x50,0x20,0x55,0x22,0x5d,0x22,0x7a,0x05,0xe7,0x18,0x9d,0x60,0xf0,
  0x00,0x00,0x00,0x00,0x00,0x50,0x20,0xd0,0x20,0xf0,0x00,0x38,0xc0,0xc8,0x30,0x78,
  0x00,0x00,0x00,0x00,0x00,0x00,0x00,0x1f,0x00,0xf4,0x0b,0xb5,0x4a,0xb6,0x49,0xb7,
  0x48,0xf4,0x0b,0x40,0x3f,0x00,0x00,0xf8,0x00,0x08,0xf0,0xe8,0x10,0xd8,0x20,0x38,
  0xc0,0xc8,0x30,0x18,0xe0,0x5f,0x20,0x55,0x22,0x5d,0x22,0xf2,0x0d,0x8f,0x70,0xf8,
  0x00,0x00,0x00,0x00,0x00,0xd0,0x20,0x50,0x20,0xd0,0x20,0x78,0x80,0x88,0x70,0xf8,
  0x00,0x00,0x00,0x00,0x00,0x00,0x00,0xff,0x00,0x82,0x7d,0xba,0x45,0xaa,0x55,0xa9,
  0x56,0xaa,0x55,0xaa,0x55,0x00,0x00,0x80,0x00,0x80,0x00,0xf8,0x00,0x08,0xf0,0xd8,
  0x20,0xd0,0x20,0xd0,0x20,0xaa,0x55,0xaa,0x55,0xef,0x10,0xd6,0x29,0xb9,0x46,0xef,
  0x00,0x00,0x00,0x00,0x00,0xb0,0x40,0xa0,0x40,0x60,0x80,0xb8,0x40,0xc8,0x30,0x78,
  0x00,0x00,0x00,0x00,0x00,0x00,0x00,0x0f,0x00,0x38,0x07,0xe7,0x18,0x9d,0x62,0xe0,
  0x1f,0x7f,0x00,0x40,0x3f,0x00,0x00,0x80,0x00,0xe0,0x00,0x38,0xc0,0xc8,0x30,0x38,
  0xc0,0x70,0x80,0x10,0xe0,0x5f,0x20,0x55,0x22,0x5d,0x22,0xf2,0x0d,0x8f,0x70,0xf8,
  0x00,0x00,0x00,0x00,0x00,0xd0,0x20,0x50,0x20,0xd0,0x20,0x78,0x80,0x88,0x70,0xf8,
  0x00,0x00,0x00,0x00,0x00,0x00,0x00,0x07,0x00,0x7d,0x02,0x40,0x3f,0x5d,0x22,0x40,
  0x3f,0xfd,0x02,0x80,0x7f,0x00,0x00,0x00,0x00,0xf0,0x00,0x10,0xe0,0xd0,0x20,0x10,
  0xe0,0xf8,0x00,0x08,0xf0,0xdf,0x20,0x55,0x22,0x5d,0x22,0xf2,0x0d,0x8f,0x70,0xf8,
  0x00,0x00,0x00,0x00,0x00,0xd8,0x20,0x50,0x20,0xd0,0x20,0x78,0x80,0x88,0x70,0xf8,
  0x00,0x00,0x00,0x00,0x00,0x00,0x00,0x1f,0x00,0xf6,0x09,0x80,0x7f,0xf6,0x09,0x80,
  0x7f,0xb6,0x49,0x80,0x7f,0x00,0x00,0x80,0x00,0xf0,0x00,0x10,0xe0,0xd8,0x20,0x08,
  0xf0,0xe8,0x10,0x08,0xf0,0xdf,0x20,0x55,0x22,0x5d,0x22,0xf2,0x0d,0x8f,0x70,0xf8,
  0x00,0x00,0x00,0x00,0x00,0xd8,0x20,0x50,0x20,0xd0,0x20,0x78,0x80,0x88,0x70,0xf8,
  0x00,0x00,0x00,0x00,0x00,0x00,0x00,0x38,0x00,0xef,0x10,0x82,0x7d,0xea,0x15,0xda,
  0x25,0xb2,0x4d,0xff,0x00,0x00,0x00,0x00,0x00,0xf8,0x00,0x08,0xf0,0xe8,0x10,0xe8,
  0x10,0x08,0xf0,0xf8,0x00,0x40,0x3f,0x5d,0x22,0x5d,0x22,0xf2,0x0d,0x8f,0x70,0xf8,
  0x00,0x00,0x00,0x00,0x00,0x10,0xe0,0xd0,0x20,0xd0,0x20,0x78,0x80,0x88,0x70,0xf8,
  0x00,0x00,0x00,0x00,0x00,0x00,0x00,0xfe,0x00,0x82,0x7c,0xbb,0x44,0xa8,0x57,0xab,
  0x54,0xaa,0x55,0xaa,0x55,0x00,0x00,0xf8,0x00,0xa8,0x50,0xa8,0x50,0x08,0xf0,0xb8,
  0x40,0xa8,0x50,0xa8,0x50,0xa8,0x57,0xaa,0x55,0xee,0x11,0xd5,0x2a,0xbb,0x44,0xef,
  0x00,0x00,0x00,0x00,0x00,0x28,0xd0,0xd8,0x20,0xd8,0x20,0xa8,0x50,0x68,0x90,0xf8,
  0x00,0x00,0x00,0x00,0x00,0x00,0x00,0x77,0x00,0x5d,0x22,0x6c,0x13,0x3b,0x04,0xee,
  0x11,0x99,0x66,0xff,0x00,0x00,0x00,0x00,0x00,0xf8,0x00,0x08,0xf0,0x68,0x90,0xb8,
  0x40,0xc8,0x30,0xf8,0x00,0x40,0x3f,0x5d,0x22,0x5d,0x22,0xf2,0x0d,0x8f,0x70,0xf8,
  0x00,0x00,0x00,0x00,0x00,0x10,0xe0,0xd0,0x20,0xd0,0x20,0x78,0x80,0x88,0x70,0xf8,
  0x00,0x00,0x00,0x00,0x00,0x00,0x00,0xff,0x00,0x83,0x7c,0xb8,0x47,0xab,0x54,0xab,
  0x54,0xa8,0x57,0xab,0x54,0x00,0x00,0xc0,0x00,0x78,0x80,0x28,0xd0,0x58,0xa0,0x38,
  0xc0,0x08,0xf0,0x78,0x80,0xaa,0x55,0xaa,0x55,0xec,0x13,0xd6,0x29,0xba,0x45,0xef,
  0x00,0x00,0x00,0x00,0x00,0x08,0xf0,0xe8,0x10,0x08,0xf0,0xe8,0x10,0x08,0xf0,0xf8,
  0x00,0x00,0x00,0x00,0x00,0x00,0x00,0x3f,0x00,0xed,0x12,0x80,0x7f,0xbf,0x40,0xa0,
  0x5f,0xef,0x10,0x40,0x3f,0x00,0x00,0xe0,0x00,0xb8,0x40,0x08,0xf0,0xe8,0x10,0x28,
  0xd0,0xb8,0x40,0x10,0xe0,0x5f,0x20,0x55,0x22,0x5d,0x22,0xf2,0x0d,0x8f,0x70,0xf8,
  0x00,0x00,0x00,0x00,0x00,0xd0,0x20,0x50,0x20,0xd0,0x20,0x78,0x80,0x88,0x70,0xf8,
  0x00,0x00,0x00,0x00,0x00,0x00,0x00,0xff,0x00,0x82,0x7d,0xba,0x45,0xaa,0x55,0xaa,
  0x55,0xaa,0x55,0xab,0x54,0x00,0x00,0xf8,0x00,0x08,0xf0,0xe8,0x10,0x08,0xf0,0xe8,
  0x10,0x08,0xf0,0x78,0x80,0xab,0x54,0xaa,0x55,0xed,0x12,0xd7,0x28,0xba,0x45,0xef,
  0x00,0x00,0x00,0x00,0x00,0x08,0xf0,0xa8,0x50,0xa8,0x50,0x68,0x90,0xc8,0x30,0xf8,
  0x00,0x00,0x00,0x00,0x00,0x00,0x00,0xff,0x00,0x82,0x7d,0xa8,0x57,0xaa,0x55,0xa8,
  0x57,0xaa,0x55,0xa8,0x57,0x00,0x00,0xf0,0x00,0xd8,0x20,0x08,0xf0,0xb8,0x40,0x08,
  0xf0,0xa8,0x50,0x08,0xf0,0xaa,0x55,0xa8,0x57,0xee,0x11,0xd4,0x2b,0xba,0x45,0xef,
  0x00,0x00,0x00,0x00,0x00,0xa8,0x50,0x08,0xf0,0xb8,0x40,0x98,0x60,0xa8,0x50,0xf8,
  0x00,0x00,0x00,0x00,0x00,0x00,0x00,0x07,0x00,0xfd,0x02,0x80,0x7f,0xdf,0x20,0x40,
  0x3f,0xef,0x10,0x80,0x7f,0x00,0x00,0x00,0x00,0xf8,0x00,0x08,0xf0,0xf8,0x00,0x10,
  0xe0,0xb8,0x40,0x08,0xf0,0xaa,0x55,0x8a,0x75,0xaa,0x55,0x8d,0x72,0xaa,0x55,0xff,
  0x00,0x00,0x00,0x00,0x00,0xa8,0x50,0xa8,0x50,0x88,0x70,0xa8,0x50,0xa8,0x50,0xf8,
  0x00,0x00,0x00,0x00,0x00,0x00,0x00,0x07,0x00,0x7d,0x02,0x40,0x3f,0x7d,0x02,0xfd,
  0x02,0x80,0x7f,0xf7,0x08,0x00,0x00,0x00,0x00,0xf0,0x00,0x10,0xe0,0xf0,0x00,0xf8,
  0x00,0x08,0xf0,0x78,0x80,0x55,0x28,0xd5,0x28,0xb5,0x48,0xef,0x10,0x5a,0x21,0x73,
  0x00,0x00,0x00,0x00,0x00,0x58,0xa0,0x68,0x90,0x68,0x90,0x78,0x80,0x40,0x80,0xc0,
  0x00,0x00,0x00,0x00,0x00,0x00,0x00,0x38,0x00,0xef,0x10,0x82,0x7d,0xef,0x10,0xef,
  0x10,0x82,0x7d,0xd7,0x28,0x00,0x00,0xe0,0x00,0xb8,0x40,0x08,0xf0,0xb8,0x40,0xb8,
  0x40,0x08,0xf0,0x58,0xa0,0xd7,0x28,0x92,0x6d,0xd5,0x2a,0xd7,0x28,0xa6,0x59,0xff,
  0x00,0x00,0x00,0x00,0x00,0x58,0xa0,0x48,0xb0,0x58,0xa0,0x50,0xa0,0x90,0x60,0xf0,
  0x00,0x00,0x00,0x00,0x00,0x00,0x00,0x07,0x00,0x7d,0x02,0x40,0x3f,0x7d,0x02,0xfd,
  0x02,0x80,0x7f,0xfd,0x02,0x00,0x00,0x00,0x00,0xf0,0x00,0x10,0xe0,0xf0,0x00,0xf8,
  0x00,0x08,0xf0,0xf8,0x00,0x2d,0x12,0x2c,0x13,0x6d,0x12,0xd1,0x2e,0xbe,0x41,0xe3,
  0x00,0x00,0x00,0x00,0x00,0xf0,0x00,0x10,0xe0,0xf0,0x00,0xf8,0x00,0x08,0xf0,0xf8,
  0x00,0x00,0x00,0x00,0x00,0x00,0x00,0x1f,0x00,0x76,0x09,0x41,0x3e,0x77,0x08,0xf7,
  0x08,0x82,0x7d,0xf7,0x08,0x00,0x00,0xf8,0x00,0x08,0xf0,0xb8,0x40,0xa0,0x40,0xb8,
  0x40,0x08,0xf0,0xb8,0x40,0x57,0x28,0x51,0x2e,0xd7,0x28,0xa7,0x58,0xb8,0x47,0xef,
  0x00,0x00,0x00,0x00,0x00,0xa0,0x40,0xa0,0x40,0xa0,0x40,0xf8,0x00,0x08,0xf0,0xf8,
  0x00,0x00,0x00,0x00,0x00,0x00,0x00,0x1f,0x00,0x76,0x09,0x43,0x3c,0x76,0x08,0xf7,
  0x08,0x82,0x7d,0xf6,0x09,0x00,0x00,0xf0,0x00,0x10,0xe0,0xd0,0x20,0x50,0x20,0xd0,
  0x20,0x10,0xe0,0xf8,0x00,0x56,0x29,0x52,0x2d,0xd7,0x28,0xa7,0x58,0xb8,0x47,0xef,
  0x00,0x00,0x00,0x00,0x00,0xa8,0x10,0xe8,0x10,0x08,0xf0,0xf8,0x00,0x08,0xf0,0xf8,
  0x00,0x00,0x00,0x00,0x00,0x00,0x00,0x39,0x00,0x6f,0x10,0x46,0x39,0x69,0x16,0xef,
  0x10,0x84,0x7b,0xef,0x10,0x00,0x00,0xe0,0x00,0x30,0xc0,0xd8,0x20,0xa8,0x50,0x78,
  0x80,0xd0,0x20,0x38,0xc0,0xac,0x53,0xa7,0x58,0xac,0x53,0x8f,0x70,0xb0,0x4f,0xff,
  0x00,0x00,0x00,0x00,0x00,0xe8,0x10,0x98,0x60,0x70,0x80,0xf8,0x00,0x08,0xf0,0xf8,
  0x00,0x00,0x00,0x00,0x00,0x00,0x00,0x1f,0x00,0x76,0x09,0x41,0x3e,0x77,0x08,0xf6,
  0x09,0x81,0x7e,0xf6,0x09,0x00,0x00,0xf8,0x00,0x08,0xf0,0x68,0x90,0x68,0x90,0xc8,
  0x30,0xf8,0x00,0x08,0xf0,0x56,0x29,0x50,0x2f,0xd6,0x29,0xa7,0x58,0xb8,0x47,0xef,
  0x00,0x00,0x00,0x00,0x00,0xe8,0x10,0xe8,0x10,0x08,0xf0,0xf8,0x00,0x08,0xf0,0xf8,
  0x00,0x00,0x00,0x00,0x00,0x00,0x00,0x1c,0x00,0x77,0x08,0x42,0x3d,0x76,0x09,0xf6,
  0x09,0x82,0x7d,0xf6,0x09,0x00,0x00,0xf8,0x00,0xa8,0x50,0x08,0xf0,0xb8,0x40,0xa8,
  0x50,0xa8,0x50,0xd8,0x20,0x56,0x29,0x52,0x2d,0xd6,0x29,0xa7,0x58,0xb8,0x47,0xef,
  0x00,0x00,0x00,0x00,0x00,0x98,0x60,0x48,0xb0,0xa8,0x50,0xf8,0x00,0x08,0xf0,0xf8,
  0x00,0x00,0x00,0x00,0x00,0x00,0x00,0x1f,0x00,0x75,0x0a,0x42,0x3d,0x77,0x08,0xf6,
  0x09,0x82,0x7d,0xf6,0x09,0x00,0x00,0xf8,0x00,0xa8,0x50,0x98,0x60,0xb8,0x40,0x08,
  0xf0,0xe8,0x10,0x28,0xd0,0x56,0x29,0x52,0x2d,0xd6,0x29,0xa7,0x58,0xb8,0x47,0xef,
  0x00,0x00,0x00,0x00,0x00,0xa8,0x50,0x28,0xd0,0xc8,0x30,0xf8,0x00,0x08,0xf0,0xf8,
  0x00,0x00,0x00,0x00,0x00,0x00,0x00,0x3f,0x00,0x68,0x17,0x45,0x3a,0x6c,0x13,0xed,
  0x12,0x84,0x7b,0xed,0x12,0x00,0x00,0xe0,0x00,0x20,0xc0,0x78,0x80,0x08,0xf0,0x68,
  0x90,0x28,0xd0,0x58,0xa0,0xa4,0x5b,0xa9,0x56,0xaf,0x50,0x8f,0x70,0xb0,0x4f,0xff,
  0x00,0x00,0x00,0x00,0x00,0x58,0xa0,0x28,0xd0,0x68,0x90,0xf8,0x00,0x08,0xf0,0xf8,
  0x00,0x00,0x00,0x00,0x00,0x00,0x00,0x7f,0x00,0x40,0x3f,0x5f,0x20,0x50,0x20,0x5f,
  0x20,0x40,0x3f,0x7d,0x02,0x00,0x00,0xf0,0x00,0x10,0xe0,0xd0,0x20,0x50,0x20,0xd0,
  0x20,0x10,0xe0,0xf0,0x00,0x2d,0x12,0x2c,0x13,0x6d,0x12,0xd1,0x2e,0xbe,0x41,0xe3,
  0x00,0x00,0x00,0x00,0x00,0xf0,0x00,0x10,0xe0,0xf0,0x00,0xf8,0x00,0x08,0xf0,0xf8,
  0x00,0x00,0x00,0x00,0x00,0x00,0x00,0xff,0x00,0x85,0x7a,0xb4,0x4b,0xb3,0x4c,0x84,
  0x7b,0xed,0x12,0xed,0x12,0x00,0x00,0x00,0x00,0xf8,0x00,0x08,0xf0,0xe8,0x10,0x28,
  0xd0,0xa8,0x50,0xa8,0x50,0xa4,0x5b,0xad,0x52,0xad,0x52,0xa5,0x5a,0x9e,0x61,0xf3,
  0x00,0x00,0x00,0x00,0x00,0x28,0xd0,0xc8,0x30,0x78,0x00,0xe8,0x10,0x08,0xf0,0xf8,
  0x00,0x00,0x00,0x00,0x00,0x00,0x00,0xff,0x00,0x84,0x7b,0xb5,0x4a,0xb4,0x4b,0x85,
  0x7a,0xed,0x12,0xec,0x13,0x00,0x00,0xf8,0x00,0x08,0xf0,0xe8,0x10,0x08,0xf0,0xe8,
  0x10,0xe8,0x10,0x08,0xf0,0xa5,0x5a,0xad,0x52,0xad,0x52,0xa5,0x5a,0x9c,0x63,0xf7,
  0x00,0x00,0x00,0x00,0x00,0xb8,0x40,0xa8,0x50,0xd8,0x20,0x58,0xa0,0xe8,0x10,0xb8,
  0x00,0x00,0x00,0x00,0x00,0x00,0x00,0xff,0x00,0x86,0x79,0xb6,0x49,0xb5,0x4a,0x82,
  0x7d,0xef,0x10,0xee,0x11,0x00,0x00,0x80,0x00,0xf0,0x00,0x10,0xe0,0xd0,0x20,0xb0,
  0x40,0x60,0x80,0xb8,0x40,0xa1,0x5e,0xac,0x53,0xad,0x52,0xa5,0x5a,0x9c,0x63,0xf7,
  0x00,0x00,0x00,0x00,0x00,0xc8,0x30,0x18,0xe0,0xd0,0x20,0xd0,0x20,0x10,0xe0,0xf0,
  0x00,0x00,0x00,0x00,0x00,0x00,0x00,0xff,0x00,0x86,0x79,0xb6,0x49,0xb2,0x4d,0x84,
  0x7b,0xee,0x11,0xee,0x11,0x00,0x00,0xe0,0x00,0xa0,0x40,0xb8,0x40,0xa8,0x50,0x98,
  0x60,0xb0,0x40,0xb0,0x40,0xa4,0x5b,0xaa,0x55,0xae,0x51,0xa5,0x5a,0x9b,0x64,0xfe,
  0x00,0x00,0x00,0x00,0x00,0x98,0x60,0xa8,0x50,0xb8,0x40,0xa8,0x50,0x88,0x70,0xf8,
  0x00,0x00,0x00,0x00,0x00,0x00,0x00,0xfd,0x00,0x87,0x78,0xb0,0x4f,0xb3,0x4c,0x87,
  0x78,0xec,0x13,0xef,0x10,0x00,0x00,0xc0,0x00,0x78,0x80,0x08,0xf0,0xe8,0x10,0xf8,
  0x00,0x10,0xe0,0xf8,0x00,0xa8,0x57,0xa7,0x58,0xad,0x52,0xa3,0x5c,0x9e,0x61,0xf3,
  0x00,0x00,0x00,0x00,0x00,0x08,0xf0,0x78,0x80,0x58,0xa0,0x68,0x90,0x78,0x80,0xc0,
  0x00,0x00,0x00,0x00,0x00,0x00,0x00,0xff,0x00,0x82,0x7d,0xb4,0x4b,0xb0,0x4f,0x85,
  0x7a,0xe8,0x17,0xef,0x10,0x00,0x00,0xf8,0x00,0xa8,0x50,0x98,0x60,0x08,0xf0,0xd8,
  0x20,0x08,0xf0,0x78,0x80,0xa8,0x57,0xa7,0x58,0xa8,0x57,0xa6,0x59,0x99,0x66,0xff,
  0x00,0x00,0x00,0x00,0x00,0x08,0xf0,0x78,0x80,0x08,0xf0,0xb8,0x40,0xc8,0x30,0x78,
  0x00,0x00,0x00,0x00,0x00,0x00,0x00,0x0e,0x00,0x3b,0x04,0x20,0x1f,0x2f,0x10,0x20,
  0x1f,0x2f,0x10,0x20,0x1f,0x00,0x00,0x00,0x00,0xe0,0x00,0x20,0xc0,0xa0,0x40,0x20,
  0xc0,0xb8,0x40,0x28,0xd0,0xef,0x10,0x80,0x7f,0xfd,0x02,0xf3,0x0c,0x8e,0x71,0xfb,
  0x00,0x00,0x00,0x00,0x00,0x98,0x60,0x30,0xc0,0xa0,0x40,0xa0,0x40,0x20,0xc0,0xe0,
  0x00,0x00,0x00,0x00,0x00,0x00,0x00,0x3f,0x00,0x6c,0x13,0x45,0x3a,0x55,0x2a,0x45,
  0x3a,0x53,0x2c,0x47,0x38,0x00,0x00,0xe0,0x00,0x20,0xc0,0xa0,0x40,0xa0,0x40,0xb8,
  0x40,0x88,0x70,0x78,0x80,0xd7,0x28,0x80,0x7f,0xe6,0x19,0xd5,0x2a,0xa3,0x5c,0xff,
  0x00,0x00,0x00,0x00,0x00,0x78,0x80,0x08,0xf0,0x38,0xc0,0x58,0xa0,0x68,0x90,0xf8,
  0x00,0x00,0x00,0x00,0x00,0x00,0x00,0x39,0x00,0xef,0x10,0x84,0x7b,0xdf,0x20,0xaf,
  0x50,0xa8,0x57,0x86,0x79,0x00,0x00,0xc0,0x00,0x70,0x80,0x10,0xe0,0x70,0x80,0x78,
  0x80,0x08,0xf0,0xf8,0x00,0xec,0x13,0xe7,0x18,0x8e,0x71,0xeb,0x10,0x29,0x10,0x38,
  0x00,0x00,0x00,0x00,0x00,0x10,0xe0,0xd0,0x20,0xb0,0x40,0x60,0x80,0xa0,0x40,0xe0,
  0x00,0x00,0x00,0x00,0x00,0x00,0x00,0x3f,0x00,0xec,0x13,0x87,0x78,0xdd,0x20,0xaf,
  0x50,0xac,0x53,0x83,0x7c,0x00,0x00,0xf0,0x00,0x10,0xe0,0xd0,0x20,0xb0,0x40,0x60,
  0x80,0xb8,0x40,0xc8,0x30,0xec,0x13,0xe7,0x18,0x8d,0x70,0xef,0x10,0x28,0x17,0x3f,
  0x00,0x00,0x00,0x00,0x00,0x18,0xe0,0x70,0x80,0x40,0x80,0x78,0x80,0x08,0xf0,0xf8,
  0x00,0x00,0x00,0x00,0x00,0x00,0x00,0x39,0x00,0xef,0x10,0x84,0x7b,0xdf,0x20,0xad,
  0x52,0xab,0x54,0x85,0x7a,0x00,0x00,0xc0,0x00,0x78,0x80,0x08,0xf0,0xf8,0x00,0x58,
  0x20,0x68,0x10,0x58,0x20,0xed,0x12,0xe6,0x19,0x8f,0x70,0xee,0x11,0x29,0x16,0x3f,
  0x00,0x00,0x00,0x00,0x00,0xd0,0x20,0xb0,0x40,0x60,0x80,0xb8,0x40,0xc8,0x30,0x78,
  0x00,0x00,0x00,0x00,0x00,0x00,0x00,0x0f,0x00,0x7a,0x05,0x42,0x3d,0x7a,0x05,0x42,
  0x3d,0xfa,0x05,0x80,0x7f,0x00,0x00,0x80,0x00,0xf0,0x00,0x10,0xe0,0xf0,0x00,0x10,
  0xe0,0xf8,0x00,0x08,0xf0,0xed,0x12,0x40,0x3f,0xfd,0x02,0x80,0x7f,0xfd,0x02,0x07,
  0x00,0x00,0x00,0x00,0x00,0xf8,0x00,0x10,0xe0,0xf8,0x00,0x08,0xf0,0xf8,0x00,0x00,
  0x00,0x00,0x00,0x00,0x00,0x00,0x00,0x39,0x00,0xef,0x10,0x86,0x79,0xdd,0x22,0xaa,
  0x55,0xaf,0x50,0x80,0x7f,0x00,0x00,0xc0,0x00,0x60,0x80,0xb0,0x40,0xd8,0x20,0x28,
  0xd0,0xf8,0x00,0xa8,0x50,0xea,0x15,0xe0,0x1f,0x8a,0x75,0xe8,0x17,0x2a,0x15,0x3f,
  0x00,0x00,0x00,0x00,0x00,0xa8,0x50,0xa8,0x50,0xa8,0x50,0xe8,0x10,0xc8,0x30,0xf8,
  0x00,0x00,0x00,0x00,0x00,0x00,0x00,0x0e,0x00,0x0b,0x04,0x7d,0x02,0x40,0x3f,0x6f,
  0x10,0xf7,0x08,0x80,0x7f,0x00,0x00,0x00,0x00,0x00,0x00,0xf0,0x00,0x10,0xe0,0xb0,
  0x40,0x78,0x80,0x08,0xf0,0xfd,0x02,0x7d,0x02,0x40,0x3f,0x7d,0x02,0x05,0x02,0x07,
  0x00,0x00,0x00,0x00,0x00,0xf8,0x00,0xf0,0x00,0x10,0xe0,0xf0,0x00,0x00,0x00,0x00,
  0x00,0x00,0x00,0x00,0x00,0x00,0x00,0x1f,0x00,0xf3,0x0c,0x8f,0x70,0xea,0x11,0xef,
  0x10,0x83,0x7c,0xec,0x13,0x00,0x00,0xc0,0x00,0x60,0x80,0xb8,0x40,0x08,0xf0,0x58,
  0xa0,0x58,0xa0,0x08,0xf0,0xef,0x10,0x83,0x7c,0xba,0x45,0xbb,0x44,0x82,0x7c,0xfe,
  0x00,0x00,0x00,0x00,0x00,0xb8,0x40,0xb8,0x40,0x08,0xf0,0xb8,0x40,0xa0,0x40,0xe0,
  0x00,0x00,0x00,0x00,0x00,0x00,0x00,0xe3,0x00,0xb2,0x41,0xde,0x21,0x78,0x07,0xfe,
  0x01,0x92,0x61,0xd6,0x21,0x00,0x00,0x80,0x00,0x80,0x00,0xf8,0x00,0x08,0xf0,0xe8,
  0x10,0xa8,0x10,0xa8,0x10,0x55,0x22,0x5d,0x22,0xdb,0x24,0xaf,0x50,0xb0,0x4f,0xff,
  0x00,0x00,0x00,0x00,0x00,0xa8,0x10,0xe8,0x10,0x98,0x60,0xf8,0x00,0x08,0xf0,0xf8,
  0x00,0x00,0x00,0x00,0x00,0x00,0x00,0xe1,0x00,0xb1,0x40,0xd1,0x20,0x7f,0x00,0xf0,
  0x0f,0x9f,0x60,0xd2,0x21,0x00,0x00,0xc0,0x00,0x40,0x80,0x40,0x80,0x78,0x80,0x08,
  0xf0,0x78,0x80,0xa0,0x40,0x56,0x21,0x5d,0x22,0xdb,0x24,0xaf,0x50,0xb0,0x4f,0xff,
  0x00,0x00,0x00,0x00,0x00,0xb0,0x40,0xd8,0x20,0x68,0x10,0xf8,0x00,0x08,0xf0,0xf8,
  0x00,0x00,0x00,0x00,0x00,0x00,0x00,0xe0,0x00,0xb0,0x40,0xdf,0x20,0x70,0x0f,0xff,
  0x00,0x9b,0x64,0xdd,0x22,0x00,0x00,0xe0,0x00,0xa0,0x40,0xb8,0x40,0x08,0xf0,0xb8,
  0x40,0xa0,0x40,0xa0,0x40,0x55,0x22,0x57,0x20,0xda,0x21,0xaf,0x50,0xb0,0x4f,0xff,
  0x00,0x00,0x00,0x00,0x00,0xa0,0x40,0xa0,0x40,0x20,0xc0,0xf8,0x00,0x08,0xf0,0xf8,
  0x00,0x00,0x00,0x00,0x00,0x00,0x00,0xe7,0x00,0xbd,0x42,0xd3,0x2c,0x77,0x08,0xf5,
  0x08,0x95,0x68,0xd7,0x28,0x00,0x00,0x00,0x00,0xf8,0x00,0x08,0xf0,0x68,0x90,0x68,
  0x90,0x68,0x90,0x68,0x90,0x55,0x2a,0x53,0x2c,0xdf,0x20,0xaf,0x50,0xb0,0x4f,0xff,
  0x00,0x00,0x00,0x00,0x00,0x68,0x90,0x48,0xb0,0x78,0x80,0x78,0x80,0x08,0xf0,0xf8,
  0x00,0x00,0x00,0x00,0x00,0x00,0x00,0xef,0x00,0xb8,0x47,0xdf,0x20,0x7f,0x00,0xf0,
  0x0f,0x9d,0x62,0xdd,0x22,0x00,0x00,0xf0,0x00,0x10,0xe0,0xf0,0x00,0xf8,0x00,0x08,
  0xf0,0xf8,0x00,0x50,0x20,0x5b,0x24,0x5b,0x24,0xd0,0x2f,0xaf,0x50,0xb0,0x4f,0xff,
  0x00,0x00,0x00,0x00,0x00,0xd8,0x20,0x28,0xd0,0xe8,0x10,0xf8,0x00,0x08,0xf0,0xf8,
  0x00,0x00,0x00,0x00,0x00,0x00,0x00,0xe0,0x00,0xbf,0x40,0xd8,0x27,0x7b,0x04,0xfb,
  0x04,0x98,0x67,0xdb,0x24,0x00,0x00,0xf0,0x00,0x90,0x60,0x70,0x80,0xc0,0x00,0xf8,
  0x00,0x08,0xf0,0xb8,0x40,0x5a,0x24,0x5a,0x24,0xd6,0x28,0xaf,0x50,0xb0,0x4f,0xff,
  0x00,0x00,0x00,0x00,0x00,0xa0,0x40,0xa0,0x40,0xa0,0x40,0xf8,0x00,0x08,0xf0,0xf8,
  0x00,0x00,0x00,0x00,0x00,0x00,0x00,0xff,0x00,0xb0,0x4f,0xdf,0x20,0x72,0x01,0xf6,
  0x01,0x9c,0x63,0xda,0x25,0x00,0x00,0xf8,0x00,0x08,0xf0,0x78,0x80,0xc0,0x00,0xe0,
  0x00,0xb0,0x40,0xd8,0x20,0x56,0x29,0x5e,0x21,0xda,0x21,0xaf,0x50,0xb0,0x4f,0xff,
  0x00,0x00,0x00,0x00,0x00,0xe8,0x10,0xb8,0x00,0x80,0x00,0xf8,0x00,0x08,0xf0,0xf8,
  0x00,0x00,0x00,0x00,0x00,0x00,0x00,0xe3,0x00,0xb2,0x41,0xdf,0x20,0x70,0x0f,0xff,
  0x00,0x95,0x62,0xd6,0x21,0x00,0x00,0x80,0x00,0xc0,0x00,0x78,0x80,0x08,0xf0,0xd8,
  0x20,0xd0,0x20,0xb0,0x40,0x53,0x20,0x5e,0x21,0xd9,0x26,0xaf,0x50,0xb0,0x4f,0xff,
  0x00,0x00,0x00,0x00,0x00,0x60,0x80,0xb8,0x40,0xc8,0x30,0xf8,0x00,0x08,0xf0,0xf8,
  0x00,0x00,0x00,0x00,0x00,0x00,0x00,0xe7,0x00,0xb5,0x42,0xdd,0x22,0x70,0x0f,0xfd,
  0x02,0x9d,0x62,0xd0,0x2f,0x00,0x00,0xe0,0x00,0xa0,0x40,0xb8,0x40,0x08,0xf0,0xb8,
  0x40,0xb8,0x40,0x08,0xf0,0x5d,0x22,0x5d,0x22,0xdb,0x24,0xaf,0x50,0xb0,0x4f,0xff,
  0x00,0x00,0x00,0x00,0x00,0xb8,0x40,0xa0,0x40,0xa0,0x40,0xf8,0x00,0x08,0xf0,0xf8,
  0x00,0x00,0x00,0x00,0x00,0x00,0x00,0xef,0x00,0xb8,0x47,0xdf,0x20,0x7f,0x00,0xf0,
  0x0f,0x9d,0x62,0xdd,0x22,0x00,0x00,0xf0,0x00,0x10,0xe0,0xf0,0x00,0xf8,0x00,0x08,
  0xf0,0xb8,0x40,0xa0,0x40,0x5b,0x24,0x5a,0x24,0xd6,0x28,0xaf,0x50,0xb0,0x4f,0xff,
  0x00,0x00,0x00,0x00,0x00,0xb8,0x40,0xa8,0x50,0x88,0x70,0xf8,0x00,0x08,0xf0,0xf8,
  0x00,0x00,0x00,0x00,0x00,0x00,0x00,0xe3,0x00,0xbe,0x41,0xd0,0x2f,0x7d,0x02,0xfb,
  0x04,0x9b,0x64,0xd8,0x27,0x00,0x00,0x80,0x00,0xf8,0x00,0x08,0xf0,0xf8,0x00,0x40,
  0x80,0x78,0x80,0x08,0xf0,0x5f,0x20,0x50,0x2f,0xdf,0x20,0xaf,0x50,0xb0,0x4f,0xff,
  0x00,0x00,0x00,0x00,0x00,0x78,0x80,0x08,0xf0,0x78,0x80,0x78,0x80,0x08,0xf0,0xf8,
  0x00,0x00,0x00,0x00,0x00,0x00,0x00,0xe1,0x00,0xbf,0x40,0xdb,0x24,0x7d,0x02,0xff,
  0x00,0x90,0x6f,0xde,0x21,0x00,0x00,0xc0,0x00,0x78,0x80,0x68,0x90,0x58,0xa0,0x78,
  0x80,0x08,0xf0,0x38,0xc0,0x5d,0x22,0x53,0x2c,0xdf,0x20,0xaf,0x50,0xb0,0x4f,0xff,
  0x00,0x00,0x00,0x00,0x00,0x58,0xa0,0x68,0x90,0x78,0x80,0xf8,0x00,0x08,0xf0,0xf8,
  0x00,0x00,0x00,0x00,0x00,0x00,0x00,0xe3,0x00,0xbe,0x41,0xd8,0x27,0x7b,0x04,0xf8,
  0x07,0x9b,0x64,0xd8,0x27,0x00,0x00,0x80,0x00,0xf0,0x00,0x10,0xe0,0xd0,0x20,0x10,
  0xe0,0xf0,0x00,0x10,0xe0,0x5b,0x24,0x5b,0x24,0xd8,0x27,0xaf,0x50,0xb0,0x4f,0xff,
  0x00,0x00,0x00,0x00,0x00,0xd0,0x20,0xd0,0x20,0x10,0xe0,0xf8,0x00,0x08,0xf0,0xf8,
  0x00,0x00,0x00,0x00,0x00,0x00,0x00,0xef,0x00,0xb8,0x47,0xdb,0x24,0x78,0x07,0xfb,
  0x04,0x98,0x67,0xda,0x25,0x00,0x00,0xf0,0x00,0x10,0xe0,0xd0,0x20,0x10,0xe0,0xd0,
  0x20,0x18,0xe0,0xe8,0x10,0x5b,0x24,0x5a,0x25,0xd9,0x26,0xaf,0x50,0xb0,0x4f,0xff,
  0x00,0x00,0x00,0x00,0x00,0x58,0xa0,0xb8,0x40,0xc8,0x30,0xf8,0x00,0x08,0xf0,0xf8,
  0x00,0x00,0x00,0x00,0x00,0x00,0x00,0xe7,0x00,0xb5,0x42,0xde,0x21,0x78,0x07,0xff,
  0x00,0x9f,0x60,0xd8,0x27,0x00,0x00,0x70,0x00,0xd0,0x20,0xb8,0x40,0x08,0xf0,0x78,
  0x80,0x78,0x80,0x08,0xf0,0x5f,0x20,0x5e,0x21,0xd9,0x26,0xaf,0x50,0xb0,0x4f,0xff,
  0x00,0x00,0x00,0x00,0x00,0x78,0x80,0xb8,0x40,0xc8,0x30,0xf8,0x00,0x08,0xf0,0xf8,
  0x00,0x00,0x00,0x00,0x00,0x00,0x00,0xe7,0x00,0xbd,0x42,0xd5,0x2a,0x79,0x06,0xfd,
  0x02,0x99,0x66,0xd5,0x2a,0x00,0x00,0xc0,0x00,0x70,0x80,0x50,0xa0,0x30,0xc0,0x60,
  0x80,0x30,0xc0,0x50,0xa0,0x5d,0x22,0x5b,0x24,0xd7,0x28,0xaf,0x50,0xb0,0x4f,0xff,
  0x00,0x00,0x00,0x00,0x00,0x78,0x80,0x68,0x90,0x08,0xf0,0xf8,0x00,0x08,0xf0,0xf8,
  0x00,0x00,0x00,0x00,0x00,0x00,0x00,0xef,0x00,0xbb,0x44,0xd8,0x27,0x77,0x08,0xff,
  0x00,0x90,0x6f,0xdd,0x22,0x00,0x00,0xc0,0x00,0x70,0x80,0x10,0xe0,0x70,0x80,0x78,
  0x80,0x08,0xf0,0xb8,0x40,0x5d,0x22,0x5b,0x24,0xd6,0x28,0xaf,0x50,0xb0,0x4f,0xff,
  0x00,0x00,0x00,0x00,0x00,0xb8,0x40,0xa8,0x50,0x88,0x70,0xf8,0x00,0x08,0xf0,0xf8,
  0x00,0x00,0x00,0x00,0x00,0x00,0x00,0xef,0x00,0xb8,0x47,0xdf,0x20,0x70,0x0f,0xfd,
  0x02,0x93,0x6c,0xd8,0x27,0x00,0x00,0xf0,0x00,0x10,0xe0,0x78,0x80,0x08,0xf0,0x58,
  0xa0,0x68,0x90,0x18,0xe0,0x5e,0x21,0x5d,0x22,0xd3,0x2c,0xaf,0x50,0xb0,0x4f,0xff,
  0x00,0x00,0x00,0x00,0x00,0xc8,0x30,0xe8,0x10,0x98,0x60,0xf8,0x00,0x08,0xf0,0xf8,
  0x00,0x00,0x00,0x00,0x00,0x00,0x00,0xff,0x00,0xb0,0x4f,0xde,0x21,0x7d,0x02,0xf2,
  0x0d,0x9d,0x62,0xd2,0x2d,0x00,0x00,0xf8,0x00,0x08,0xf0,0xf8,0x00,0x68,0x90,0x58,
  0xa0,0x30,0xc0,0x58,0xa0,0x5d,0x22,0x53,0x2c,0xdc,0x23,0xaf,0x50,0xb0,0x4f,0xff,
  0x00,0x00,0x00,0x00,0x00,0x68,0x90,0x68,0x90,0xf8,0x00,0xf8,0x00,0x08,0xf0,0xf8,
  0x00,0x00,0x00,0x00,0x00,0x00,0x00,0xe3,0x00,0xb6,0x41,0xdd,0x22,0x7b,0x04,0xfc,
  0x03,0x9f,0x60,0xd8,0x27,0x00,0x00,0xe0,0x00,0x30,0xc0,0xd8,0x20,0xe8,0x10,0x18,
  0xe0,0x78,0x80,0x08,0xf0,0x5f,0x20,0x5d,0x22,0xda,0x25,0xaf,0x50,0xb0,0x4f,0xff,
  0x00,0x00,0x00,0x00,0x00,0x78,0x80,0x58,0xa0,0x68,0x90,0xf8,0x00,0x08,0xf0,0xf8,
  0x00,0x00,0x00,0x00,0x00,0x00,0x00,0xef,0x00,0xb8,0x47,0xde,0x21,0x7f,0x00,0xf8,
  0x07,0x9b,0x64,0xd8,0x27,0x00,0x00,0xf0,0x00,0x10,0xe0,0xb0,0x40,0x78,0x80,0x08,
  0xf0,0x68,0x90,0x08,0xf0,0x5b,0x24,0x58,0x27,0xdb,0x24,0xaf,0x50,0xb0,0x4f,0xff,
  0x00,0x00,0x00,0x00,0x00,0x68,0x90,0x08,0xf0,0x68,0x90,0xf8,0x00,0x08,0xf0,0xf8,
  0x00,0x00,0x00,0x00,0x00,0x00,0x00,0xff,0x00,0xb5,0x4a,0xdb,0x24,0x75,0x0a,0xfd,
  0x02,0x99,0x66,0xd5,0x2a,0x00,0x00,0xf8,0x00,0x08,0xf0,0xd8,0x20,0x50,0x20,0xd8,
  0x20,0x08,0xf0,0xd8,0x20,0x5d,0x22,0x5d,0x22,0xd3,0x2c,0xaf,0x50,0xb0,0x4f,0xff,
  0x00,0x00,0x00,0x00,0x00,0x50,0x20,0xd8,0x20,0x08,0xf0,0xf8,0x00,0x08,0xf0,0xf8,
  0x00,0x00,0x00,0x00,0x00,0x00,0x00,0xee,0x00,0xbb,0x44,0xdb,0x24,0x71,0x0e,0xfb,
  0x04,0x9b,0x64,0xd9,0x26,0x00,0x00,0x78,0x00,0xc8,0x30,0x38,0xc0,0x78,0x80,0x08,
  0xf0,0x58,0xa0,0x50,0xa0,0x53,0x2c,0x5b,0x24,0xd2,0x2d,0xaf,0x50,0xb0,0x4f,0xff,
  0x00,0x00,0x00,0x00,0x00,0x50,0xa0,0x50,0xa0,0xd0,0x20,0xf8,0x00,0x08,0xf0,0xf8,
  0x00,0x00,0x00,0x00,0x00,0x00,0x00,0xe1,0x00,0xbf,0x40,0xd0,0x2f,0x7f,0x00,0xf8,
  0x07,0x9b,0x64,0xd8,0x27,0x00,0x00,0xc0,0x00,0x78,0x80,0x08,0xf0,0x78,0x80,0x08,
  0xf0,0x68,0x90,0x08,0xf0,0x5e,0x21,0x5d,0x22,0xd3,0x2c,0xaf,0x50,0xb0,0x4f,0xff,
  0x00,0x00,0x00,0x00,0x00,0x38,0xc0,0x58,0xa0,0x68,0x90,0x78,0x80,0x08,0xf0,0xf8,
  0x00,0x00,0x00,0x00,0x00,0x00,0x00,0xef,0x00,0xbb,0x44,0xd8,0x27,0x77,0x08,0xff,
  0x00,0x90,0x6f,0xdf,0x20,0x00,0x00,0xc0,0x00,0x70,0x80,0x10,0xe0,0x70,0x80,0x78,
  0x80,0x08,0xf0,0xf8,0x00,0x58,0x27,0x5b,0x24,0xd8,0x27,0xaf,0x50,0xb0,0x4f,0xff,
  0x00,0x00,0x00,0x00,0x00,0x10,0xe0,0xd0,0x20,0x10,0xe0,0xf8,0x00,0x08,0xf0,0xf8,
  0x00,0x00,0x00,0x00,0x00,0x00,0x00,0xef,0x00,0xb8,0x47,0xdb,0x24,0x78,0x07,0xfb,
  0x04,0x98,0x67,0xdf,0x20,0x00,0x00,0xf0,0x00,0x10,0xe0,0x50,0xa0,0x10,0xe0,0x50,
  0xa0,0x10,0xe0,0x78,0x80,0x50,0x2f,0x57,0x28,0xd4,0x2b,0xaf,0x50,0xb0,0x4f,0xff,
  0x00,0x00,0x00,0x00,0x00,0x08,0xf0,0x68,0x90,0x28,0xd0,0xf8,0x00,0x08,0xf0,0xf8,
  0x00,0x00,0x00,0x00,0x00,0x00,0x00,0xe1,0x00,0xbf,0x40,0xd0,0x2f,0x77,0x08,0xf0,
  0x0f,0x97,0x68,0xd0,0x2f,0x00,0x00,0xc0,0x00,0x78,0x80,0x08,0xf0,0xe8,0x10,0x08,
  0xf0,0xf8,0x00,0x08,0xf0,0x52,0x2d,0x48,0x37,0xda,0x25,0xaf,0x50,0xb0,0x4f,0xff,
  0x00,0x00,0x00,0x00,0x00,0xa8,0x50,0x08,0xf0,0xa8,0x50,0xf8,0x00,0x08,0xf0,0xf8,
  0x00,0x00,0x00,0x00,0x00,0x00,0x00,0xe7,0x00,0xbd,0x42,0xd0,0x2f,0x7e,0x01,0xf8,
  0x07,0x9b,0x64,0xd8,0x27,0x00,0x00,0xe0,0x00,0xb8,0x40,0x08,0xf0,0xf8,0x00,0x10,
  0xe0,0xd0,0x20,0x10,0xe0,0x5b,0x24,0x5b,0x24,0xd8,0x27,0xaf,0x50,0xb0,0x4f,0xff,
  0x00,0x00,0x00,0x00,0x00,0xd0,0x20,0xd0,0x20,0x10,0xe0,0xf8,0x00,0x08,0xf0,0xf8,
  0x00,0x00,0x00,0x00,0x00,0x00,0x00,0xe1,0x00,0xbf,0x40,0xd8,0x27,0x7b,0x04,0xf0,
  0x0f,0x9f,0x60,0xd8,0x27,0x00,0x00,0xc0,0x00,0x70,0x80,0x10,0xe0,0x58,0xa0,0x08,
  0xf0,0xf8,0x00,0x10,0xe0,0x5b,0x24,0x5b,0x24,0xde,0x21,0xa9,0x56,0xb0,0x4f,0xff,
  0x00,0x00,0x00,0x00,0x00,0x50,0xa0,0x50,0xa0,0xb0,0x40,0xd8,0x20,0x08,0xf0,0xf8,
  0x00,0x00,0x00,0x00,0x00,0x00,0x00,0x7f,0x00,0x58,0x27,0x6f,0x10,0xfa,0x05,0xb8,
  0x47,0xdf,0x20,0xf8,0x07,0x00,0x00,0xf8,0x00,0x08,0xf0,0xe8,0x10,0xd8,0x20,0x08,
  0xf0,0x78,0x80,0x08,0xf0,0x8f,0x70,0xed,0x12,0x6c,0x13,0xd7,0x28,0xb8,0x47,0xef,
  0x00,0x00,0x00,0x00,0x00,0x78,0x80,0x68,0x90,0x08,0xf0,0xf8,0x00,0x08,0xf0,0xf8,
  0x00,0x00,0x00,0x00,0x00,0x00,0x00,0xe3,0x00,0xbe,0x41,0xd0,0x2f,0x7e,0x01,0xf8,
  0x07,0x9a,0x65,0xd8,0x27,0x00,0x00,0xe0,0x00,0xb8,0x40,0x08,0xf0,0xb8,0x40,0x08,
  0xf0,0xa8,0x50,0x08,0xf0,0x5a,0x25,0x58,0x27,0xdd,0x22,0xad,0x52,0xb0,0x4f,0xff,
  0x00,0x00,0x00,0x00,0x00,0xa8,0x50,0x08,0xf0,0xd8,0x20,0xd8,0x20,0x08,0xf0,0xf8,
  0x00,0x00,0x00,0x00,0x00,0x00,0x00,0xff,0x00,0xb1,0x4e,0xd4,0x2b,0xf5,0x0a,0xb1,
  0x4e,0xd6,0x29,0xf1,0x0e,0x00,0x00,0xe0,0x00,0xb8,0x40,0x08,0xf0,0x58,0xa0,0x58,
  0xa0,0x08,0xf0,0xb8,0x40,0x84,0x7b,0xd5,0x2a,0xd1,0x2e,0xaf,0x50,0xb0,0x4f,0xff,
  0x00,0x00,0x00,0x00,0x00,0x08,0xf0,0xb8,0x40,0xa0,0x40,0xf8,0x00,0x08,0xf0,0xf8,
  0x00,0x00,0x00,0x00,0x00,0x00,0x00,0xff,0x00,0x81,0x7e,0xed,0x12,0xed,0x12,0x81,
  0x7e,0xed,0x12,0xed,0x12,0x00,0x00,0xf8,0x00,0x08,0xf0,0x68,0x90,0x68,0x90,0x58,
  0xa0,0x58,0xa0,0x68,0x90,0x81,0x7e,0xed,0x12,0x6d,0x12,0xdd,0x22,0xb3,0x4c,0xff,
  0x00,0x00,0x00,0x00,0x00,0x68,0x90,0x68,0x90,0x18,0xe0,0x70,0x80,0x40,0x80,0xc0,
  0x00,0x00,0x00,0x00,0x00,0x00,0x00,0xff,0x00,0x81,0x7e,0xdb,0x24,0xdb,0x24,0xbb,
  0x44,0x81,0x7e,0xeb,0x14,0x00,0x00,0xf8,0x00,0x08,0xf0,0x68,0x90,0x68,0x90,0x58,
  0xa0,0x58,0xa0,0x68,0x90,0x6b,0x14,0x5b,0x24,0xdb,0x24,0xbb,0x44,0xf3,0x0c,0x1f,
  0x00,0x00,0x00,0x00,0x00,0x68,0x90,0x68,0x90,0x18,0xe0,0x70,0x80,0x40,0x80,0xc0,
  0x00,0x00,0x00,0x00,0x00,0x00,0x00,0x1d,0x00,0x77,0x08,0x41,0x3e,0x7f,0x00,0x5d,
  0x22,0xeb,0x14,0x80,0x7f,0x00,0x00,0xf8,0x00,0x08,0xf0,0x68,0x90,0x68,0x90,0x58,
  0xa0,0x58,0xa0,0x68,0x90,0xff,0x00,0x41,0x3e,0x5d,0x22,0x5d,0x22,0x41,0x3e,0x7f,
  0x00,0x00,0x00,0x00,0x00,0x68,0x90,0x68,0x90,0x18,0xe0,0x70,0x80,0x40,0x80,0xc0,
  0x00,0x00,0x00,0x00,0x00,0x00,0x00,0x39,0x00,0xef,0x10,0x85,0x7a,0xeb,0x14,0xe7,
  0x18,0x81,0x7e,0xef,0x10,0x00,0x00,0xf8,0x00,0x08,0xf0,0x68,0x90,0x68,0x90,0x58,
  0xa0,0x58,0xa0,0x68,0x90,0xc1,0x3e,0x9d,0x62,0xc1,0x3e,0x5d,0x22,0x41,0x3e,0x7f,
  0x00,0x00,0x00,0x00,0x00,0x68,0x90,0x68,0x90,0x18,0xe0,0x70,0x80,0x40,0x80,0xc0,
  0x00,0x00,0x00,0x00,0x00,0x00,0x00,0xff,0x00,0x82,0x7d,0xd6,0x29,0xd5,0x2a,0x83,
  0x7c,0xa8,0x57,0xab,0x54,0x00,0x00,0xe0,0x00,0xb8,0x40,0x08,0xf0,0xb8,0x40,0xb8,
  0x40,0x08,0xf0,0xf8,0x00,0x92,0x6d,0xba,0x45,0x82,0x7d,0xba,0x45,0x82,0x7d,0xff,
  0x00,0x00,0x00,0x00,0x00,0x08,0xf0,0xe8,0x10,0xa8,0x10,0xe8,0x10,0x08,0xf0,0xf8,
  0x00,0x00,0x00,0x00,0x00,0x00,0x00,0xfe,0x00,0x83,0x7c,0xd6,0x29,0xd6,0x29,0x82,
  0x7d,0xaa,0x55,0xaa,0x55,0x00,0x00,0xe0,0x00,0xb8,0x40,0x08,0xf0,0xe8,0x10,0x08,
  0xf0,0xe8,0x10,0x08,0xf0,0x92,0x6d,0xba,0x45,0x82,0x7d,0xba,0x45,0x82,0x7d,0xff,
  0x00,0x00,0x00,0x00,0x00,0xb8,0x40,0xa8,0x50,0xd8,0x20,0x98,0x60,0x68,0x90,0xf8,
  0x00,0x00,0x00,0x00,0x00,0x00,0x00,0x1f,0x00,0xf0,0x0f,0x8b,0x74,0xed,0x12,0xa6,
  0x59,0xc9,0x36,0x87,0x78,0x00,0x00,0xf8,0x00,0x08,0xf0,0xe8,0x10,0xd8,0x20,0x38,
  0xc0,0xc8,0x30,0x78,0x80,0xec,0x13,0x47,0x38,0xc8,0x37,0xaf,0x50,0xe9,0x10,0x39,
  0x00,0x00,0x00,0x00,0x00,0x10,0xe0,0x78,0x80,0x08,0xf0,0x78,0x80,0x40,0x80,0xc0,
  0x00,0x00,0x00,0x00,0x00,0x00,0x00,0x7f,0x00,0x40,0x3f,0x5d,0x22,0x5d,0x22,0x40,
  0x3f,0x5d,0x22,0x5d,0x22,0x00,0x00,0xf0,0x00,0x10,0xe0,0xd0,0x20,0xd0,0x20,0x10,
  0xe0,0xd0,0x20,0xd0,0x20,0x40,0x3f,0x7d,0x02,0x40,0x3f,0xfd,0x02,0x80,0x7f,0xff,
  0x00,0x00,0x00,0x00,0x00,0x10,0xe0,0xf0,0x00,0x10,0xe0,0xf8,0x00,0x08,0xf0,0xf8,
  0x00,0x00,0x00,0x00,0x00,0x00,0x00,0x7f,0x00,0x40,0x3f,0xfd,0x02,0x80,0x7f,0xdd,
  0x22,0x40,0x3f,0x5d,0x22,0x00,0x00,0xf0,0x00,0x10,0xe0,0xf8,0x00,0x08,0xf0,0xd8,
  0x20,0x10,0xe0,0xd0,0x20,0x40,0x3f,0x7d,0x02,0x40,0x3f,0xfd,0x02,0x80,0x7f,0xff,
  0x00,0x00,0x00,0x00,0x00,0x10,0xe0,0xf0,0x00,0x10,0xe0,0xf8,0x00,0x08,0xf0,0xf8,
  0x00,0x00,0x00,0x00,0x00,0x00,0x00,0xff,0x00,0x82,0x7d,0xab,0x54,0x83,0x7c,0xab,
  0x54,0xaa,0x55,0x83,0x7c,0x00,0x00,0xf8,0x00,0x08,0xf0,0xe8,0x10,0x58,0xa0,0xb8,
  0x40,0x08,0xf0,0xa8,0x50,0xee,0x10,0x82,0x7c,0xee,0x10,0xe3,0x1c,0x9e,0x61,0xf3,
  0x00,0x00,0x00,0x00,0x00,0x98,0x60,0xb0,0x40,0xa0,0x40,0xa0,0x40,0x20,0xc0,0xe0,
  0x00,0x00,0x00,0x00,0x00,0x00,0x00,0x7f,0x00,0x40,0x3f,0x5f,0x20,0x40,0x3f,0xdf,
  0x20,0x80,0x7f,0xdd,0x22,0x00,0x00,0xf0,0x00,0x10,0xe0,0xd0,0x20,0x10,0xe0,0xd8,
  0x20,0x08,0xf0,0xd8,0x20,0x40,0x3f,0x5d,0x22,0x40,0x3f,0xfd,0x02,0x80,0x7f,0xff,
  0x00,0x00,0x00,0x00,0x00,0x10,0xe0,0xd0,0x20,0x10,0xe0,0xf8,0x00,0x08,0xf0,0xf8,
  0x00,0x00,0x00,0x00,0x00,0x00,0x00,0x07,0x00,0x0d,0x02,0x3a,0x05,0xe7,0x18,0x9f,
  0x60,0xe0,0x1f,0x3d,0x02,0x00,0x00,0x00,0x00,0x80,0x00,0xe0,0x00,0x38,0xc0,0xc8,
  0x30,0x38,0xc0,0xe0,0x00,0x7d,0x02,0x40,0x3f,0x6d,0x12,0xf5,0x0a,0x80,0x7f,0xff,
  0x00,0x00,0x00,0x00,0x00,0xf0,0x00,0x10,0xe0,0xb0,0x40,0x78,0x80,0x08,0xf0,0xf8,
  0x00,0x00,0x00,0x00,0x00,0x00,0x00,0x77,0x00,0x5c,0x23,0xc5,0x3a,0xbd,0x42,0x84,
  0x7b,0xdd,0x22,0xdd,0x22,0x00,0x00,0xf8,0x00,0x08,0xf0,0xe8,0x10,0xe8,0x10,0x08,
  0xf0,0xe8,0x10,0xe8,0x10,0x84,0x7b,0xdd,0x22,0x55,0x2a,0x4d,0x32,0x5b,0x24,0x7e,
  0x00,0x00,0x00,0x00,0x00,0x08,0xf0,0xe8,0x10,0x28,0x10,0x68,0x10,0x48,0x30,0x78,
  0x00,0x00,0x00,0x00,0x00,0x00,0x00,0x77,0x00,0x5d,0x22,0xc4,0x3b,0xbb,0x44,0x86,
  0x79,0xde,0x21,0xde,0x21,0x00,0x00,0x00,0x00,0xf8,0x00,0x08,0xf0,0xe8,0x10,0xa8,
  0x10,0xa8,0x10,0xe8,0x10,0x85,0x7a,0xdd,0x22,0x58,0x27,0x4f,0x30,0x58,0x20,0x70,
  0x00,0x00,0x00,0x00,0x00,0xa8,0x50,0xa8,0x50,0x48,0xb0,0xe8,0x10,0x98,0x60,0xf0,
  0x00,0x00,0x00,0x00,0x00,0x00,0x00,0x71,0x00,0x5d,0x20,0xc5,0x38,0xbf,0x40,0x84,
  0x7b,0xdf,0x20,0xdf,0x20,0x00,0x00,0xf0,0x00,0x58,0xa0,0x68,0x90,0x08,0xf0,0x78,
  0x80,0x78,0x80,0x08,0xf0,0x84,0x7b,0xdf,0x20,0x55,0x28,0x4f,0x30,0x58,0x27,0x7f,
  0x00,0x00,0x00,0x00,0x00,0x78,0x80,0x68,0x90,0x98,0x60,0x28,0xd0,0xc8,0x30,0xf8,
  0x00,0x00,0x00,0x00,0x00,0x00,0x00,0x71,0x00,0x5d,0x20,0xc5,0x38,0xbd,0x40,0x85,
  0x78,0xdf,0x20,0xdc,0x23,0x00,0x00,0xc0,0x00,0x40,0x80,0x78,0x80,0x08,0xf0,0x78,
  0x80,0x78,0x80,0x08,0xf0,0x85,0x7a,0xdd,0x22,0x55,0x2a,0x4d,0x32,0x5c,0x23,0x77,
  0x00,0x00,0x00,0x00,0x00,0xe8,0x10,0x28,0x10,0x28,0x10,0xe8,0x10,0x08,0xf0,0xf8,
  0x00,0x00,0x00,0x00,0x00,0x00,0x00,0x7f,0x00,0x5b,0x24,0xcb,0x34,0xb8,0x47,0x8b,
  0x74,0xd7,0x28,0xdf,0x20,0x00,0x00,0xc0,0x00,0x40,0x80,0x70,0x80,0x10,0xe0,0x70,
  0x80,0x40,0x80,0x78,0x80,0x88,0x77,0xdf,0x20,0x5e,0x21,0x4d,0x32,0x53,0x2c,0x7e,
  0x00,0x00,0x00,0x00,0x00,0x08,0xf0,0x78,0x80,0xb0,0x40,0xd8,0x20,0x68,0x10,0x38,
  0x00,0x00,0x00,0x00,0x00,0x00,0x00,0x71,0x00,0x5b,0x20,0xce,0x31,0xbd,0x42,0x8b,
  0x74,0xdf,0x20,0xdf,0x20,0x00,0x00,0xc0,0x00,0x60,0x80,0xb0,0x40,0xd8,0x20,0xe8,
  0x10,0x78,0x80,0xb8,0x40,0x88,0x77,0xdf,0x20,0x5d,0x22,0x4e,0x31,0x5b,0x20,0x70,
  0x00,0x00,0x00,0x00,0x00,0x08,0xf0,0xd8,0x20,0xb0,0x40,0x70,0x80,0x90,0x60,0xf0,
  0x00,0x00,0x00,0x00,0x00,0x00,0x00,0x7f,0x00,0x5b,0x24,0xcb,0x34,0xb8,0x47,0x8f,
  0x70,0xd8,0x27,0xdf,0x20,0x00,0x00,0xf8,0x00,0x68,0x90,0x68,0x90,0x08,0xf0,0xf8,
  0x00,0x08,0xf0,0xe8,0x10,0x8f,0x70,0xd8,0x27,0x5b,0x24,0x4b,0x34,0x5c,0x23,0x77,
  0x00,0x00,0x00,0x00,0x00,0xe8,0x10,0x08,0xf0,0xf8,0x00,0xe8,0x10,0x08,0xf0,0xf8,
  0x00,0x00,0x00,0x00,0x00,0x00,0x00,0x71,0x00,0x5f,0x20,0xc8,0x37,0xbd,0x42,0x8e,
  0x71,0xd8,0x27,0xdb,0x24,0x00,0x00,0xc0,0x00,0x78,0x80,0x08,0xf0,0xd8,0x20,0xb8,
  0x40,0x08,0xf0,0xf8,0x00,0x8a,0x74,0xda,0x24,0x5a,0x24,0x4a,0x34,0x56,0x28,0x7c,
  0x00,0x00,0x00,0x00,0x00,0x00,0x00,0x00,0x00,0x00,0x00,0x00,0x00,0x00,0x00,0x00,
  0x00,0x00,0x00,0x00,0x00,0x00,0x00,0x7f,0x00,0x58,0x27,0xcb,0x34,0xb8,0x47,0x8b,
  0x74,0xdb,0x24,0xd8,0x27,0x00,0x00,0xf0,0x00,0x10,0xe0,0xd0,0x20,0x10,0xe0,0xd0,
  0x20,0xd0,0x20,0x18,0xe0,0x8b,0x74,0xdb,0x24,0x5b,0x24,0x4a,0x35,0x59,0x26,0x7f,
  0x00,0x00,0x00,0x00,0x00,0x68,0x90,0x58,0xa0,0xb0,0x40,0xd8,0x20,0xe8,0x10,0x38,
  0x00,0x00,0x00,0x00,0x00,0x00,0x00,0x71,0x00,0x5f,0x20,0xc8,0x37,0xbf,0x40,0x88,
  0x77,0xdb,0x24,0xd8,0x27,0x00,0x00,0xf0,0x00,0x58,0xa0,0x08,0xf0,0x78,0x80,0x08,
  0xf0,0x68,0x90,0x08,0xf0,0x8b,0x74,0xd8,0x27,0x5b,0x24,0x4b,0x34,0x5b,0x24,0x7f,
  0x00,0x00,0x00,0x00,0x00,0x68,0x90,0x08,0xf0,0x68,0x90,0x68,0x90,0x48,0xb0,0xf8,
  0x00,0x00,0x00,0x00,0x00,0x00,0x00,0x7f,0x00,0x5b,0x24,0xcd,0x32,0xbf,0x40,0x88,
  0x77,0xdb,0x24,0xdb,0x24,0x00,0x00,0xf8,0x00,0x68,0x90,0x58,0xa0,0x78,0x80,0x08,
  0xf0,0xe8,0x10,0x68,0x90,0x8b,0x74,0xdb,0x24,0x5e,0x21,0x4d,0x32,0x5b,0x24,0x7e,
  0x00,0x00,0x00,0x00,0x00,0x68,0x90,0x68,0x90,0xb8,0x40,0xd8,0x20,0x68,0x10,0x38,
  0x00,0x00,0x00,0x00,0x00,0x00,0x00,0x73,0x00,0x5a,0x21,0xce,0x31,0xb9,0x46,0x8e,
  0x71,0xd9,0x26,0xdc,0x23,0x00,0x00,0x80,0x00,0xf0,0x00,0x10,0xe0,0xd0,0x20,0x38,
  0xc0,0x48,0xb0,0x18,0xe0,0x8f,0x70,0xdc,0x23,0x5f,0x20,0x48,0x37,0x5f,0x20,0x71,
  0x00,0x00,0x00,0x00,0x00,0x70,0x80,0x10,0xe0,0x78,0x80,0x08,0xf0,0x78,0x80,0xc0,
  0x00,0x00,0x00,0x00,0x00,0x00,0x00,0x77,0x00,0x5d,0x22,0xc8,0x37,0xbd,0x42,0x8d,
  0x72,0xd0,0x2f,0xdf,0x20,0x00,0x00,0xe0,0x00,0xb0,0x40,0x10,0xe0,0xb0,0x40,0xb8,
  0x40,0x08,0xf0,0xf8,0x00,0x88,0x77,0xdb,0x24,0x58,0x27,0x4b,0x34,0x58,0x27,0x7f,
  0x00,0x00,0x00,0x00,0x00,0x10,0xe0,0xd0,0x20,0x10,0xe0,0xd0,0x20,0x10,0xe0,0xf0,
  0x00,0x00,0x00,0x00,0x00,0x00,0x00,0x70,0x00,0x5f,0x20,0xcc,0x33,0xbf,0x40,0x88,
  0x77,0xdd,0x22,0xd8,0x27,0x00,0x00,0xf0,0x00,0x90,0x60,0x70,0x80,0x78,0x80,0x08,
  0xf0,0x58,0xa0,0x08,0xf0,0x8d,0x72,0xdd,0x22,0x58,0x27,0x4f,0x30,0x5c,0x23,0x77,
  0x00,0x00,0x00,0x00,0x00,0x58,0xa0,0x58,0xa0,0x08,0xf0,0x78,0x80,0x10,0xe0,0xf0,
  0x00,0x00,0x00,0x00,0x00,0x00,0x00,0x70,0x00,0x5f,0x20,0xc2,0x3d,0xbb,0x44,0x88,
  0x77,0xd7,0x28,0xd2,0x2d,0x00,0x00,0xe0,0x00,0xb8,0x40,0x08,0xf0,0xa8,0x50,0x08,
  0xf0,0xa8,0x50,0x08,0xf0,0x8b,0x74,0xda,0x25,0x53,0x2c,0x49,0x36,0x56,0x29,0x7f,
  0x00,0x00,0x00,0x00,0x00,0xb8,0x40,0x08,0xf0,0xb8,0x40,0xb8,0x40,0x08,0xf0,0xf8,
  0x00,0x00,0x00,0x00,0x00,0x00,0x00,0x7f,0x00,0x58,0x27,0xcb,0x34,0xbb,0x44,0x88,
  0x77,0xdb,0x24,0xd8,0x27,0x00,0x00,0xf8,0x00,0x08,0xf0,0xe8,0x10,0xe8,0x10,0x08,
  0xf0,0xb8,0x40,0x08,0xf0,0x8b,0x74,0xda,0x25,0x5a,0x25,0x4a,0x35,0x56,0x29,0x7f,
  0x00,0x00,0x00,0x00,0x00,0xb8,0x40,0x08,0xf0,0xe8,0x10,0xe8,0x10,0x08,0xf0,0xf8,
  0x00,0x00,0x00,0x00,0x00,0x00,0x00,0x73,0x00,0x5e,0x21,0xc9,0x36,0xbb,0x44,0x88,
  0x77,0xdb,0x24,0xd8,0x27,0x00,0x00,0xf8,0x00,0x88,0x70,0xa8,0x50,0xa8,0x50,0xa8,
  0x50,0x68,0x90,0xf8,0x00,0x8b,0x74,0xdb,0x24,0x50,0x2f,0x4b,0x34,0x5b,0x24,0x7f,
  0x00,0x00,0x00,0x00,0x00,0x08,0xf0,0x68,0x90,0xa8,0x50,0xd8,0x20,0x28,0xd0,0xf8,
  0x00,0x00,0x00,0x00,0x00,0x00,0x00,0x7f,0x00,0x58,0x27,0xce,0x31,0xb8,0x47,0x8a,
  0x75,0xd8,0x27,0xdf,0x20,0x00,0x00,0xf8,0x00,0x08,0xf0,0xb8,0x40,0x08,0xf0,0xa8,
  0x50,0x08,0xf0,0xf8,0x00,0x8c,0x73,0xdf,0x20,0x58,0x27,0x4d,0x32,0x5a,0x25,0x7f,
  0x00,0x00,0x00,0x00,0x00,0x10,0xe0,0xf8,0x00,0x08,0xf0,0x58,0xa0,0x68,0x90,0xf8,
  0x00,0x00,0x00,0x00,0x00,0x00,0x00,0x71,0x00,0x5f,0x20,0xc8,0x37,0xbd,0x42,0x80,
  0x7f,0xdb,0x24,0xd8,0x27,0x00,0x00,0xc0,0x00,0x70,0x80,0x10,0xe0,0xb8,0x40,0x08,
  0xf0,0xd8,0x20,0x10,0xe0,0x8b,0x74,0xd8,0x27,0x5d,0x22,0x4b,0x34,0x56,0x28,0x7c,
  0x00,0x00,0x00,0x00,0x00,0xd0,0x20,0x10,0xe0,0xb8,0x40,0xa8,0x50,0x88,0x70,0xf8,
  0x00,0x00,0x00,0x00,0x00,0x00,0x00,0x38,0x00,0x29,0x10,0x2b,0x10,0x2e,0x11,0x29,
  0x16,0xef,0x10,0x80,0x7f,0x00,0x00,0xe0,0x00,0xa0,0x40,0x60,0x80,0xc0,0x00,0x80,
  0x00,0xf8,0x00,0x08,0xf0,0xed,0x12,0x2e,0x11,0x2f,0x10,0x2b,0x14,0x26,0x18,0x3c,
  0x00,0x00,0x00,0x00,0x00,0xf8,0x00,0xc0,0x00,0x60,0x80,0xb8,0x40,0xc8,0x30,0x78,
  0x00,0x00,0x00,0x00,0x00,0x00,0x00,0xff,0x00,0xb0,0x4f,0xdf,0x20,0xf0,0x00,0xa0,
  0x40,0xa0,0x40,0xa0,0x40,0x00,0x00,0xf8,0x00,0x08,0xf0,0xe8,0x10,0x28,0x10,0x28,
  0x10,0x28,0x10,0x28,0x10,0xa0,0x40,0xa0,0x40,0xa0,0x40,0xa0,0x40,0xa0,0x40,0xe0,
  0x00,0x00,0x00,0x00,0x00,0x28,0x10,0x28,0x10,0x28,0x10,0xe8,0x10,0x88,0x70,0xf8,
  0x00,0x00,0x00,0x00,0x00,0x00,0x00,0xff,0x00,0xb0,0x4f,0xdf,0x20,0xf5,0x02,0xa5,
  0x42,0xad,0x42,0xaa,0x45,0x00,0x00,0xf8,0x00,0x08,0xf0,0xe8,0x10,0x28,0x10,0x28,
  0x10,0xa8,0x10,0xa8,0x10,0xba,0x45,0xb7,0x48,0xad,0x50,0xb8,0x40,0xa0,0x40,0xe0,
  0x00,0x00,0x00,0x00,0x00,0xe8,0x10,0x68,0x90,0xa8,0x50,0xe8,0x10,0x88,0x70,0xf8,
  0x00,0x00,0x00,0x00,0x00,0x00,0x00,0xff,0x00,0xb0,0x4f,0xdf,0x20,0xf2,0x01,0xbe,
  0x41,0xa0,0x5f,0xbe,0x41,0x00,0x00,0xf8,0x00,0x08,0xf0,0xe8,0x10,0xa8,0x10,0xe8,
  0x10,0x28,0xd0,0xe8,0x10,0xac,0x43,0xba,0x45,0xa6,0x59,0xbc,0x43,0xa7,0x40,0xe0,
  0x00,0x00,0x00,0x00,0x00,0xa8,0x10,0xa8,0x10,0xa8,0x10,0xe8,0x10,0x88,0x70,0xf8,
  0x00,0x00,0x00,0x00,0x00,0x00,0x00,0xff,0x00,0xb0,0x4f,0xdf,0x20,0xff,0x00,0xb0,
  0x4f,0xb7,0x48,0xb5,0x48,0x00,0x00,0xf8,0x00,0x08,0xf0,0xe8,0x10,0xe8,0x10,0x68,
  0x90,0x68,0x90,0x68,0x90,0xb7,0x48,0xb0,0x4f,0xbf,0x40,0xa0,0x40,0xa0,0x40,0xe0,
  0x00,0x00,0x00,0x00,0x00,0x68,0x90,0x68,0x90,0xe8,0x10,0xe8,0x10,0x88,0x70,0xf8,
  0x00,0x00,0x00,0x00,0x00,0x00,0x00,0xff,0x00,0xb0,0x4f,0xdf,0x20,0xf0,0x0f,0xbf,
  0x40,0xb7,0x48,0xb0,0x4f,0x00,0x00,0xf8,0x00,0x08,0xf0,0xe8,0x10,0x68,0x90,0x68,
  0x90,0x68,0x90,0x28,0xd0,0xbf,0x40,0xa0,0x5f,0xbf,0x40,0xa4,0x43,0xa7,0x40,0xe0,
  0x00,0x00,0x00,0x00,0x00,0xa8,0x50,0xa8,0x50,0xa8,0x50,0x68,0x90,0xc8,0x30,0x78,
  0x00,0x00,0x00,0x00,0x00,0x00,0x00,0xff,0x00,0xb0,0x4f,0xdf,0x20,0xf5,0x02,0xbd,
  0x42,0xa0,0x5f,0xbd,0x42,0x00,0x00,0xf8,0x00,0x08,0xf0,0xe8,0x10,0x28,0x10,0xe8,
  0x10,0x28,0xd0,0xe8,0x10,0xb8,0x47,0xb5,0x4a,0xad,0x52,0xbd,0x42,0xa7,0x40,0xe0,
  0x00,0x00,0x00,0x00,0x00,0xe8,0x10,0x68,0x90,0xa8,0x50,0xe8,0x10,0x88,0x70,0xf8,
  0x00,0x00,0x00,0x00,0x00,0x00,0x00,0xff,0x00,0xb0,0x4f,0xdf,0x20,0xff,0x00,0xb0,
  0x4f,0xb7,0x48,0xb7,0x48,0x00,0x00,0xf8,0x00,0x08,0xf0,0xe8,0x10,0xe8,0x10,0x68,
  0x90,0x68,0x90,0x68,0x90,0xb0,0x4f,0xb7,0x48,0xb7,0x48,0xb0,0x4f,0xbf,0x40,0xe0,
  0x00,0x00,0x00,0x00,0x00,0x68,0x90,0x68,0x90,0x68,0x90,0x68,0x90,0xc8,0x30,0x78,
  0x00,0x00,0x00,0x00,0x00,0x00,0x00,0xff,0x00,0xb0,0x4f,0xdf,0x20,0xff,0x00,0xa0,
  0x5f,0xb7,0x48,0xb0,0x4f,0x00,0x00,0xf8,0x00,0x08,0xf0,0xe8,0x10,0xe8,0x10,0x28,
  0xd0,0x68,0x90,0x68,0x90,0xb7,0x48,0xb0,0x4f,0xb7,0x48,0xa0,0x5f,0xbf,0x40,0xe1,
  0x00,0x00,0x00,0x00,0x00,0x68,0x90,0x68,0x90,0x28,0xd0,0x68,0x90,0x48,0xb0,0xf8,
  0x00,0x00,0x00,0x00,0x00,0x00,0x00,0xfb,0x00,0x8a,0x71,0xaf,0x50,0xa0,0x5f,0xad,
  0x52,0x9d,0x62,0xac,0x53,0x00,0x00,0x80,0x00,0xc0,0x00,0x78,0x80,0x08,0xf0,0xf8,
  0x00,0xf0,0x00,0x10,0xe0,0xad,0x52,0xad,0x52,0x8b,0x74,0xbb,0x44,0xb7,0x48,0xfd,
  0x00,0x00,0x00,0x00,0x00,0xd0,0x20,0x50,0x20,0x50,0x20,0xd0,0x20,0x30,0xc0,0xe0,
  0x00,0x00,0x00,0x00,0x00,0x00,0x00,0xff,0x00,0x84,0x7b,0xb5,0x4a,0xb5,0x4a,0xac,
  0x53,0xad,0x52,0xb5,0x4a,0x00,0x00,0xf8,0x00,0x08,0xf0,0xe8,0x10,0xe8,0x10,0x08,
  0xf0,0xe8,0x10,0xe8,0x10,0xb4,0x4b,0xb5,0x4a,0x8d,0x72,0xbb,0x44,0xb6,0x48,0xfc,
  0x00,0x00,0x00,0x00,0x00,0x08,0xf0,0xe8,0x10,0x28,0x10,0x68,0x10,0x48,0x30,0x78,
  0x00,0x00,0x00,0x00,0x00,0x00,0x00,0xff,0x00,0x88,0x77,0xab,0x54,0xab,0x54,0xa8,
  0x57,0x9b,0x64,0xab,0x54,0x00,0x00,0xf0,0x00,0x10,0xe0,0xd0,0x20,0xd0,0x20,0x10,
  0xe0,0xd0,0x20,0xd0,0x20,0xa8,0x57,0xab,0x54,0x8a,0x74,0xbb,0x44,0xb0,0x4f,0xff,
  0x00,0x00,0x00,0x00,0x00,0x10,0xe0,0xd0,0x20,0x50,0x20,0xd8,0x20,0x08,0xf0,0xf8,
  0x00,0x00,0x00,0x00,0x00,0x00,0x00,0xff,0x00,0x88,0x77,0xaf,0x50,0xaf,0x50,0xa8,
  0x57,0x9b,0x64,0xab,0x54,0x00,0x00,0xf8,0x00,0x08,0xf0,0xd8,0x20,0xd0,0x20,0x50,
  0xa0,0x50,0xa0,0x50,0xa0,0xab,0x54,0xa8,0x57,0x8f,0x70,0xb9,0x40,0xa1,0x40,0xe1,
  0x00,0x00,0x00,0x00,0x00,0x50,0xa0,0x50,0xa0,0xd0,0x20,0xd0,0x20,0x10,0xe0,0xf0,
  0x00,0x00,0x00,0x00,0x00,0x00,0x00,0xff,0x00,0x8d,0x72,0xad,0x52,0xaa,0x55,0xab,
  0x54,0x93,0x6c,0xaa,0x55,0x00,0x00,0x70,0x00,0x50,0x20,0xd8,0x20,0x08,0xf0,0xd8,
  0x20,0xd0,0x20,0xd0,0x20,0xab,0x54,0xab,0x54,0x8b,0x74,0xba,0x44,0xaa,0x44,0xee,
  0x00,0x00,0x00,0x00,0x00,0x50,0xa0,0x50,0xa0,0xd0,0x20,0xd0,0x20,0x90,0x60,0xf0,
  0x00,0x00,0x00,0x00,0x00,0x00,0x00,0xf9,0x00,0x89,0x70,0xaf,0x50,0xa8,0x57,0xaf,
  0x50,0x9f,0x60,0xa8,0x57,0x00,0x00,0xc0,0x00,0x40,0x80,0x78,0x80,0x08,0xf0,0x78,
  0x80,0x78,0x80,0x08,0xf0,0xaf,0x50,0xab,0x54,0x8b,0x74,0xbb,0x44,0xa8,0x47,0xef,
  0x00,0x00,0x00,0x00,0x00,0x78,0x80,0x68,0x90,0x68,0x90,0x68,0x90,0x08,0xf0,0xf8,
  0x00,0x00,0x00,0x00,0x00,0x00,0x00,0xfb,0x00,0x8a,0x71,0xae,0x51,0xa9,0x56,0xae,
  0x51,0x91,0x6e,0xaf,0x50,0x00,0x00,0x80,0x00,0xf0,0x00,0x10,0xe0,0xd0,0x20,0x38,
  0xc0,0xc8,0x30,0x78,0x80,0xa0,0x5f,0xab,0x54,0x8b,0x74,0xb8,0x47,0xaf,0x40,0xe1,
  0x00,0x00,0x00,0x00,0x00,0x08,0xf0,0x78,0x80,0x78,0x80,0x08,0xf0,0x78,0x80,0xc0,
  0x00,0x00,0x00,0x00,0x00,0x00,0x00,0xff,0x00,0x88,0x77,0xab,0x54,0xa8,0x57,0xab,
  0x54,0x9b,0x64,0xa8,0x57,0x00,0x00,0xf0,0x00,0x10,0xe0,0xd0,0x20,0x10,0xe0,0xd0,
  0x20,0xd0,0x20,0x18,0xe0,0xab,0x54,0xab,0x54,0x8b,0x74,0xba,0x45,0xa9,0x46,0xef,
  0x00,0x00,0x00,0x00,0x00,0x68,0x90,0x58,0xa0,0xb0,0x40,0xd8,0x20,0xe8,0x10,0x38,
  0x00,0x00,0x00,0x00,0x00,0x00,0x00,0xf9,0x00,0x8f,0x70,0xa8,0x57,0xab,0x54,0xac,
  0x53,0x9f,0x60,0xaf,0x50,0x00,0x00,0xc0,0x00,0x78,0x80,0x08,0xf0,0xe8,0x10,0x18,
  0xe0,0xf0,0x00,0xf8,0x00,0xa8,0x57,0xae,0x51,0x8e,0x71,0xbd,0x42,0xb3,0x4c,0xfe,
  0x00,0x00,0x00,0x00,0x00,0x08,0xf0,0xb8,0x40,0xb8,0x40,0xa8,0x50,0x88,0x70,0xf8,
  0x00,0x00,0x00,0x00,0x00,0x00,0x00,0xfb,0x00,0x8e,0x71,0xad,0x52,0xa3,0x5c,0xac,
  0x53,0x9f,0x60,0xaf,0x50,0x00,0x00,0xe0,0x00,0x30,0xc0,0xd8,0x20,0xe8,0x10,0x18,
  0xe0,0x70,0x80,0x78,0x80,0xa8,0x57,0xaf,0x50,0x8d,0x72,0xb3,0x4c,0xbe,0x41,0xe3,
  0x00,0x00,0x00,0x00,0x00,0x08,0xf0,0x78,0x80,0x58,0xa0,0x68,0x90,0x78,0x80,0xc0,
  0x00,0x00,0x00,0x00,0x00,0x00,0x00,0xf9,0x00,0x8b,0x70,0xae,0x51,0xad,0x52,0xab,
  0x54,0x9c,0x63,0xaf,0x50,0x00,0x00,0xc0,0x00,0x60,0x80,0xb0,0x40,0xd8,0x20,0xe8,
  0x10,0x18,0xe0,0xf8,0x00,0xaa,0x55,0xad,0x52,0x8d,0x72,0xbf,0x40,0xa8,0x47,0xef,
  0x00,0x00,0x00,0x00,0x00,0xe8,0x10,0x58,0xa0,0x50,0xa0,0xb8,0x40,0x08,0xf0,0xf8,
  0x00,0x00,0x00,0x00,0x00,0x00,0x00,0xf9,0x00,0x8f,0x70,0xa8,0x57,0xaf,0x50,0xab,
  0x54,0x9d,0x62,0xa0,0x5f,0x00,0x00,0xc0,0x00,0x70,0x80,0x10,0xe0,0xf0,0x00,0xd0,
  0x20,0xb8,0x40,0x08,0xf0,0xaf,0x50,0xa8,0x57,0x8b,0x74,0xbb,0x44,0xa8,0x47,0xef,
  0x00,0x00,0x00,0x00,0x00,0xf8,0x00,0x10,0xe0,0xd0,0x20,0xd0,0x20,0x10,0xe0,0xf0,
  0x00,0x00,0x00,0x00,0x00,0x00,0x00,0xfe,0x00,0x8b,0x74,0xa8,0x57,0xa3,0x5c,0xa8,
  0x57,0x96,0x69,0xa8,0x57,0x00,0x00,0x00,0x00,0xf8,0x00,0x08,0xf0,0xe8,0x10,0x28,
  0xd0,0xe8,0x10,0x28,0xd0,0xae,0x51,0xaa,0x55,0x88,0x77,0xbf,0x40,0xa0,0x40,0xe0,
  0x00,0x00,0x00,0x00,0x00,0xe8,0x10,0xa8,0x50,0x28,0xd0,0xe8,0x10,0x98,0x60,0xf0,
  0x00,0x00,0x00,0x00,0x00,0x00,0x00,0xf9,0x00,0x8f,0x70,0xa4,0x5b,0xab,0x54,0xae,
  0x51,0x9c,0x63,0xa2,0x5d,0x00,0x00,0xc0,0x00,0x78,0x80,0x08,0xf0,0x78,0x80,0x10,
  0xe0,0xd0,0x20,0x10,0xe0,0xaa,0x55,0xaa,0x55,0x8a,0x75,0xb5,0x4a,0xb6,0x49,0xff,
  0x00,0x00,0x00,0x00,0x00,0xd0,0x20,0x10,0xe0,0xd0,0x20,0xf8,0x00,0x08,0xf0,0xf8,
  0x00,0x00,0x00,0x00,0x00,0x00,0x00,0xfb,0x00,0x8e,0x71,0xad,0x52,0xa8,0x57,0xaf,
  0x50,0x98,0x67,0xaf,0x50,0x00,0x00,0xf0,0x00,0x10,0xe0,0xd8,0x20,0x08,0xf0,0xe8,
  0x10,0x08,0xf0,0xe8,0x10,0xa8,0x57,0xae,0x51,0x8d,0x72,0xb9,0x46,0xb4,0x4b,0xff,
  0x00,0x00,0x00,0x00,0x00,0x08,0xf0,0xf8,0x00,0x58,0xa0,0xa8,0x50,0x28,0xd0,0xf8,
  0x00,0x00,0x00,0x00,0x00,0x00,0x00,0xff,0x00,0x88,0x77,0xaf,0x50,0xac,0x53,0xad,
  0x52,0x9c,0x63,0xaf,0x50,0x00,0x00,0xf8,0x00,0x08,0xf0,0xf8,0x00,0x10,0xe0,0xd0,
  0x20,0x10,0xe0,0xf8,0x00,0xa8,0x57,0xaa,0x55,0x88,0x77,0xbb,0x44,0xab,0x44,0xef,
  0x00,0x00,0x00,0x00,0x00,0x08,0xf0,0xa8,0x50,0x08,0xf0,0x68,0x90,0x48,0xb0,0xf8,
  0x00,0x00,0x00,0x00,0x00,0x00,0x00,0x03,0x00,0xfe,0x01,0x86,0x79,0xf4,0x0b,0xb1,
  0x4e,0xd4,0x2b,0x55,0x2a,0x00,0x00,0xe0,0x00,0xa0,0x40,0xb8,0x40,0x08,0xf0,0xb8,
  0x40,0x08,0xf0,0xb8,0x40,0x6d,0x12,0x6c,0x13,0x55,0x2a,0xd5,0x2a,0xbc,0x43,0xe7,
  0x00,0x00,0x00,0x00,0x00,0xb8,0x40,0x08,0xf0,0xb8,0x40,0xb8,0x40,0x08,0xf0,0xf8,
  0x00,0x00,0x00,0x00,0x00,0x00,0x00,0x73,0x00,0x52,0x21,0xde,0x21,0x84,0x7b,0xd9,
  0x26,0x54,0x2b,0x55,0x2a,0x00,0x00,0xe0,0x00,0xa0,0x40,0xb8,0x40,0x08,0xf0,0xb8,
  0x40,0x08,0xf0,0xb8,0x40,0xd5,0x2a,0xac,0x53,0xa9,0x56,0xa9,0x56,0xe4,0x1b,0x3f,
  0x00,0x00,0x00,0x00,0x00,0xb8,0x40,0x08,0xf0,0xb8,0x40,0xb8,0x40,0x08,0xf0,0xf8,
  0x00,0x00,0x00,0x00,0x00,0x00,0x00,0x3f,0x00,0x6d,0x12,0xc0,0x3f,0x9d,0x62,0xc0,
  0x3f,0x5d,0x22,0x40,0x3f,0x00,0x00,0x00,0x00,0xf0,0x00,0x10,0xe0,0xf0,0x00,0x10,
  0xe0,0xf0,0x00,0x10,0xe0,0xfd,0x02,0x80,0x7f,0xf5,0x0a,0xed,0x12,0x9d,0x62,0xf7,
  0x00,0x00,0x00,0x00,0x00,0xf8,0x00,0x08,0xf0,0x78,0x80,0xb8,0x40,0xc8,0x30,0x78,
  0x00,0x00,0x00,0x00,0x00,0x00,0x00,0xff,0x00,0x80,0x7f,0xfd,0x02,0xfd,0x02,0x80,
  0x7f,0xbd,0x42,0xad,0x52,0x00,0x00,0xf8,0x00,0x08,0xf0,0xf8,0x00,0xf8,0x00,0x08,
  0xf0,0xe8,0x10,0x68,0x90,0xb5,0x4a,0xbd,0x42,0xad,0x52,0xb5,0x4a,0xbd,0x42,0xe7,
  0x00,0x00,0x00,0x00,0x00,0xa8,0x50,0xe8,0x10,0x68,0x90,0xa8,0x50,0xe8,0x10,0x38,
  0x00,0x00,0x00,0x00,0x00,0x00,0x00,0x7f,0x00,0x40,0x3f,0xfd,0x02,0x80,0x7f,0xbd,
  0x42,0xa5,0x5a,0xfd,0x02,0x00,0x00,0xf0,0x00,0x10,0xe0,0xf8,0x00,0x08,0xf0,0xe8,
  0x10,0x28,0xd0,0xf8,0x00,0x40,0x3f,0x7f,0x00,0x40,0x3f,0x7f,0x00,0x40,0x3f,0x7f,
  0x00,0x00,0x00,0x00,0x00,0x10,0xe0,0xd0,0x20,0x10,0xe0,0xd0,0x20,0x10,0xe0,0xf0,
  0x00,0x00,0x00,0x00,0x00,0x00,0x00,0x7f,0x00,0x40,0x3f,0xfd,0x02,0x80,0x7f,0xbd,
  0x42,0xa5,0x5a,0xff,0x00,0x00,0x00,0xf0,0x00,0x10,0xe0,0xf8,0x00,0x08,0xf0,0xe8,
  0x10,0x28,0xd0,0xf8,0x00,0x40,0x3f,0x5d,0x22,0x40,0x3f,0x5d,0x22,0x40,0x3f,0x7f,
  0x00,0x00,0x00,0x00,0x00,0x10,0xe0,0xd0,0x20,0x10,0xe0,0xd0,0x20,0x10,0xe0,0xf0,
  0x00,0x00,0x00,0x00,0x00,0x00,0x00,0x7f,0x00,0x40,0x3f,0xfd,0x02,0x80,0x7f,0xad,
  0x52,0xf0,0x0f,0x4f,0x30,0x00,0x00,0xf0,0x00,0x10,0xe0,0xf8,0x00,0x08,0xf0,0x68,
  0x90,0x18,0xe0,0xb0,0x40,0xe0,0x1f,0x9d,0x62,0xe0,0x1f,0x77,0x08,0x4d,0x30,0x79,
  0x00,0x00,0x00,0x00,0x00,0x38,0xc0,0xc8,0x30,0x18,0xe0,0xd0,0x20,0x30,0xc0,0xe0,
  0x00,0x00,0x00,0x00,0x00,0x00,0x00,0x7f,0x00,0x40,0x3f,0xfd,0x02,0x80,0x7f,0xbd,
  0x42,0xa5,0x5a,0xff,0x00,0x00,0x00,0xf0,0x00,0x10,0xe0,0xf8,0x00,0x08,0xf0,0xe8,
  0x10,0x28,0xd0,0xf8,0x00,0x80,0x7f,0xfb,0x04,0x80,0x7f,0xb7,0x48,0xb5,0x48,0xfd,
  0x00,0x00,0x00,0x00,0x00,0x08,0xf0,0xf8,0x00,0x08,0xf0,0x68,0x90,0x48,0xb0,0xf8,
  0x00,0x00,0x00,0x00,0x00,0x00,0x00,0x7f,0x00,0x40,0x3f,0xfd,0x02,0x80,0x7f,0xa5,
  0x5a,0xfd,0x02,0x40,0x3f,0x00,0x00,0xf0,0x00,0x10,0xe0,0xf8,0x00,0x08,0xf0,0x28,
  0xd0,0xf8,0x00,0x08,0xf0,0x5f,0x20,0x40,0x3f,0x57,0x28,0xd5,0x2a,0xb3,0x4c,0xfe,
  0x00,0x00,0x00,0x00,0x00,0xf8,0x00,0x08,0xf0,0x58,0xa0,0xb8,0x40,0xc8,0x30,0x78,
  0x00,0x00,0x00,0x00,0x00,0x00,0x00,0x7f,0x00,0x40,0x3f,0xfd,0x02,0x80,0x7f,0xad,
  0x52,0x84,0x7b,0xb1,0x4e,0x00,0x00,0xf0,0x00,0x10,0xe0,0xf8,0x00,0x08,0xf0,0xa8,
  0x50,0x18,0xe0,0xd0,0x20,0x86,0x79,0xe9,0x16,0xa4,0x5b,0xad,0x52,0x84,0x7b,0xff,
  0x00,0x00,0x00,0x00,0x00,0x38,0xc0,0xc8,0x30,0x18,0xe0,0xd0,0x20,0x10,0xe0,0xf0,
  0x00,0x00,0x00,0x00,0x00,0x00,0x00,0x1d,0x00,0x15,0x08,0xf5,0x08,0x85,0x78,0xf5,
  0x08,0xf5,0x08,0x85,0x78,0x00,0x00,0xc0,0x00,0x40,0x80,0x78,0x80,0x08,0xf0,0x78,
  0x80,0x78,0x80,0x08,0xf0,0xf5,0x08,0xf5,0x08,0x85,0x78,0xf5,0x08,0x15,0x08,0x1d,
  0x00,0x00,0x00,0x00,0x00,0x78,0x80,0x78,0x80,0x08,0xf0,0x78,0x80,0x40,0x80,0xc0,
  0x00,0x00,0x00,0x00,0x00,0x00,0x00,0x77,0x00,0x5d,0x22,0xc0,0x3f,0xbd,0x42,0x80,
  0x7f,0xdf,0x20,0x40,0x3f,0x00,0x00,0x00,0x00,0xf0,0x00,0x10,0xe0,0xf8,0x00,0x08,
  0xf0,0xd8,0x20,0x10,0xe0,0xf7,0x08,0x85,0x78,0xf5,0x08,0x85,0x78,0xf5,0x08,0x1d,
  0x00,0x00,0x00,0x00,0x00,0x78,0x80,0x08,0xf0,0x78,0x80,0x08,0xf0,0x78,0x80,0xc0,
  0x00,0x00,0x00,0x00,0x00,0x00,0x00,0xff,0x00,0x80,0x7f,0xfd,0x02,0xfb,0x04,0x80,
  0x7f,0xb7,0x48,0xb0,0x4f,0x00,0x00,0xf8,0x00,0x08,0xf0,0xf8,0x00,0xf8,0x00,0x08,
  0xf0,0x68,0x90,0x68,0x90,0xb7,0x48,0xb7,0x48,0xb0,0x4f,0xb7,0x48,0x80,0x7f,0xff,
  0x00,0x00,0x00,0x00,0x00,0x68,0x90,0x68,0x90,0x68,0x90,0x68,0x90,0x08,0xf0,0xf8,
  0x00,0x00,0x00,0x00,0x00,0x00,0x00,0x7c,0x00,0xd7,0x28,0x82,0x7d,0xd7,0x28,0x47,
  0x38,0xee,0x11,0x83,0x7c,0x00,0x00,0xe0,0x00,0xb8,0x40,0x08,0xf0,0xb8,0x40,0xb8,
  0x40,0x08,0xf0,0xf8,0x00,0xab,0x54,0x82,0x7d,0xef,0x10,0x83,0x7c,0xee,0x11,0x3b,
  0x00,0x00,0x00,0x00,0x00,0xb8,0x40,0x08,0xf0,0xb8,0x40,0xb8,0x40,0x08,0xf0,0xf8,
  0x00,0x00,0x00,0x00,0x00,0x00,0x00,0x07,0x00,0x7d,0x02,0x40,0x3f,0x6f,0x10,0xf7,
  0x08,0x80,0x7f,0xff,0x00,0x00,0x00,0x00,0x00,0xf0,0x00,0x10,0xe0,0xb0,0x40,0x78,
  0x80,0x08,0xf0,0xf8,0x00,0x20,0x1f,0x2f,0x10,0x20,0x1f,0x2f,0x10,0x20,0x1f,0x3f,
  0x00,0x00,0x00,0x00,0x00,0x20,0xc0,0xa0,0x40,0x20,0xc0,0xa0,0x40,0x20,0xc0,0xe0,
  0x00,0x00,0x00,0x00,0x00,0x00,0x00,0xff,0x00,0x88,0x77,0xdf,0x20,0x58,0x27,0x5b,
  0x24,0x5b,0x24,0x5b,0x24,0x00,0x00,0xf8,0x00,0x08,0xf0,0x78,0x80,0x08,0xf0,0xe8,
  0x10,0x68,0x90,0x68,0x90,0x5b,0x24,0x5b,0x24,0x5e,0x21,0xdd,0x22,0x9b,0x64,0xfe,
  0x00,0x00,0x00,0x00,0x00,0x68,0x90,0x68,0x90,0xb8,0x40,0xd8,0x20,0x68,0x10,0x38,
  0x00,0x00,0x00,0x00,0x00,0x00,0x00,0xef,0x00,0xba,0x45,0xab,0x54,0xaa,0x55,0xaa,
  0x55,0xaa,0x55,0xaa,0x55,0x00,0x00,0xf8,0x00,0x08,0xf0,0xb8,0x40,0x08,0xf0,0xe8,
  0x10,0xa8,0x50,0xa8,0x50,0xaa,0x55,0xaa,0x55,0xab,0x54,0xab,0x54,0xba,0x45,0xef,
  0x00,0x00,0x00,0x00,0x00,0xa8,0x50,0xa8,0x50,0xb8,0x40,0x58,0xa0,0xe8,0x10,0xb8,
  0x00,0x00,0x00,0x00,0x00,0x00,0x00,0x3f,0x00,0x68,0x17,0xdf,0x20,0xb8,0x47,0xfb,
  0x04,0x6b,0x14,0xdb,0x24,0x00,0x00,0xf8,0x00,0x08,0xf0,0x78,0x80,0x08,0xf0,0xe8,
  0x10,0x68,0x90,0x68,0x90,0xbb,0x44,0xfb,0x04,0x6e,0x11,0xdd,0x22,0xbb,0x44,0xee,
  0x00,0x00,0x00,0x00,0x00,0x68,0x90,0x68,0x90,0xb8,0x40,0xd8,0x20,0x68,0x10,0x38,
  0x00,0x00,0x00,0x00,0x00,0x00,0x00,0xff,0x00,0x82,0x7d,0xbf,0x40,0xa2,0x5d,0xaa,
  0x55,0xaa,0x55,0xa2,0x5d,0x00,0x00,0xf8,0x00,0x08,0xf0,0xb8,0x40,0x08,0xf0,0xe8,
  0x10,0xa8,0x50,0xa8,0x50,0xae,0x51,0xae,0x51,0xab,0x54,0xa7,0x58,0xae,0x51,0xfb,
  0x00,0x00,0x00,0x00,0x00,0xa8,0x50,0xa8,0x50,0xb8,0x40,0x58,0xa0,0xe8,0x10,0xb8,
  0x00,0x00,0x00,0x00,0x00,0x00,0x00,0xff,0x00,0x82,0x7d,0xfb,0x04,0x56,0x29,0xee,
  0x11,0x82,0x7d,0xea,0x15,0x00,0x00,0xf8,0x00,0x08,0xf0,0xb8,0x40,0x08,0xf0,0xe8,
  0x10,0xa8,0x50,0xa8,0x50,0x26,0x19,0x2e,0x11,0x2b,0x10,0xeb,0x10,0x8a,0x71,0xfb,
  0x00,0x00,0x00,0x00,0x00,0xa8,0x50,0xa8,0x50,0xb8,0x40,0x58,0xa0,0xe8,0x10,0xb8,
  0x00,0x00,0x00,0x00,0x00,0x00,0x00,0x3b,0x00,0x2a,0x11,0x6f,0x10,0xd6,0x29,0xb8,
  0x47,0xee,0x11,0xf6,0x09,0x00,0x00,0xf8,0x00,0x08,0xf0,0xb8,0x40,0x08,0xf0,0xe8,
  0x10,0xa8,0x50,0xa8,0x50,0x82,0x7d,0xfa,0x05,0x57,0x28,0x6f,0x10,0x36,0x09,0x1f,
  0x00,0x00,0x00,0x00,0x00,0xa8,0x50,0xa8,0x50,0xb8,0x40,0x58,0xa0,0xe8,0x10,0xb8,
  0x00,0x00,0x00,0x00,0x00,0x00,0x00,0xff,0x00,0x82,0x7d,0xab,0x54,0x82,0x7d,0xaa,
  0x55,0x82,0x7d,0xee,0x11,0x00,0x00,0xf8,0x00,0x08,0xf0,0xb8,0x40,0x08,0xf0,0xe8,
  0x10,0xa8,0x50,0xa8,0x50,0x82,0x7d,0xee,0x11,0xc7,0x38,0xab,0x54,0xee,0x11,0x3b,
  0x00,0x00,0x00,0x00,0x00,0xa8,0x50,0xa8,0x50,0xb8,0x40,0x58,0xa0,0xe8,0x10,0xb8,
  0x00,0x00,0x00,0x00,0x00,0x00,0x00,0xff,0x00,0x82,0x7d,0xbb,0x44,0x82,0x7d,0xba,
  0x45,0x82,0x7d,0xfe,0x01,0x00,0x00,0xf8,0x00,0x08,0xf0,0xb8,0x40,0x08,0xf0,0xe8,
  0x10,0xa8,0x50,0xa8,0x50,0x83,0x7c,0xef,0x10,0xa2,0x5d,0x8f,0x70,0xb0,0x4f,0xff,
  0x00,0x00,0x00,0x00,0x00,0xb8,0x40,0x58,0xa0,0xe8,0x10,0xf8,0x00,0x08,0xf0,0xf8,
  0x00,0x00,0x00,0x00,0x00,0x00,0x00,0x7f,0x00,0x40,0x3f,0x5f,0x20,0x5d,0x20,0x57,
  0x28,0x5a,0x25,0x5d,0x22,0x00,0x00,0xf0,0x00,0x10,0xe0,0xd0,0x20,0x50,0xa0,0x50,
  0xa0,0xd0,0x20,0xd0,0x20,0x5d,0x22,0x5a,0x25,0x57,0x28,0xdd,0x20,0xb0,0x40,0xe0,
  0x00,0x00,0x00,0x00,0x00,0xd0,0x20,0xd0,0x20,0x58,0xa0,0xc8,0x30,0x68,0x10,0x38,
  0x00,0x00,0x00,0x00,0x00,0x00,0x00,0xff,0x00,0x80,0x7f,0xff,0x00,0x01,0x00,0x01,
  0x00,0x01,0x00,0x01,0x00,0x00,0x00,0xc0,0x00,0x78,0x80,0x68,0x90,0x58,0xa0,0x30,
  0xc0,0x58,0xa0,0x68,0x90,0x01,0x00,0x01,0x00,0x01,0x00,0x00,0x00,0x00,0x00,0x00,
  0x00,0x00,0x00,0x00,0x00,0x78,0x80,0x78,0x80,0xa8,0x50,0xa8,0x50,0xd8,0x20,0x70,
  0x00,0x00,0x00,0x00,0x00,0x00,0x00,0x77,0x00,0x5d,0x22,0xcc,0x33,0xab,0x54,0xff,
  0x00,0x58,0x27,0x5b,0x24,0x00,0x00,0x00,0x00,0xf8,0x00,0x08,0xf0,0x78,0x80,0x78,
  0x80,0x08,0xf0,0x68,0x90,0x5b,0x24,0x5b,0x24,0x5b,0x24,0x4b,0x34,0x5f,0x20,0x71,
  0x00,0x00,0x00,0x00,0x00,0x68,0x90,0x68,0x90,0x68,0x90,0x48,0xb0,0x78,0x80,0xc0,
  0x00,0x00,0x00,0x00,0x00,0x00,0x00,0x71,0x00,0x5f,0x20,0xc8,0x37,0xab,0x54,0xfc,
  0x03,0x55,0x22,0x54,0x23,0x00,0x00,0xc0,0x00,0x78,0x80,0x08,0xf0,0xe8,0x10,0x18,
  0xe0,0xd0,0x20,0x10,0xe0,0x55,0x22,0x5c,0x23,0x55,0x2a,0x4d,0x32,0x5c,0x23,0x77,
  0x00,0x00,0x00,0x00,0x00,0xf8,0x00,0x08,0xf0,0xe8,0x10,0xe8,0x10,0x08,0xf0,0xf8,
  0x00,0x00,0x00,0x00,0x00,0x00,0x00,0x38,0x00,0x2d,0x10,0xf7,0x08,0x80,0x7f,0xfd,
  0x02,0x40,0x3f,0x5f,0x20,0x00,0x00,0xe0,0x00,0xa0,0x40,0x78,0x80,0x08,0xf0,0xf8,
  0x00,0x10,0xe0,0xd0,0x20,0x40,0x3f,0x5f,0x20,0x40,0x3f,0x5f,0x20,0x40,0x3f,0x7f,
  0x00,0x00,0x00,0x00,0x00,0x10,0xe0,0xd0,0x20,0x10,0xe0,0xd0,0x20,0x10,0xe0,0xf0,
  0x00,0x00,0x00,0x00,0x00,0x00,0x00,0x7f,0x00,0x40,0x3f,0x7f,0x00,0x28,0x10,0x28,
  0x10,0x2f,0x10,0x20,0x1f,0x00,0x00,0xe0,0x00,0x20,0xc0,0xa0,0x40,0xa0,0x40,0xa0,
  0x40,0xb8,0x40,0x08,0xf0,0x3f,0x00,0xff,0x00,0x80,0x7f,0xff,0x00,0x01,0x00,0x01,
  0x00,0x00,0x00,0x00,0x00,0xe8,0x10,0xe8,0x10,0x68,0x90,0xe8,0x10,0x18,0xe0,0xf0,
  0x00,0x00,0x00,0x00,0x00,0x00,0x00,0xff,0x00,0x86,0x79,0xf6,0x09,0xb6,0x49,0xb6,
  0x49,0xb6,0x49,0x82,0x7d,0x00,0x00,0xf8,0x00,0x08,0xf0,0xe8,0x10,0xa8,0x10,0xa8,
  0x10,0xa8,0x10,0xe8,0x10,0xfb,0x04,0xeb,0x14,0x9b,0x64,0xfb,0x04,0x24,0x1b,0x3f,
  0x00,0x00,0x00,0x00,0x00,0x58,0xa0,0x50,0xa0,0xb0,0x40,0x58,0xa0,0xe8,0x10,0xb8,
  0x00,0x00,0x00,0x00,0x00,0x00,0x00,0x38,0x00,0xef,0x10,0x82,0x7d,0xea,0x15,0xda,
  0x25,0xa0,0x5f,0xff,0x00,0x00,0x00,0x00,0x00,0xf8,0x00,0x08,0xf0,0xe8,0x10,0xe8,
  0x10,0x08,0xf0,0xb8,0x40,0x2f,0x10,0x20,0x1f,0xff,0x00,0x80,0x7f,0xff,0x00,0x00,
  0x00,0x00,0x00,0x00,0x00,0xb8,0x40,0x08,0xf0,0xe8,0x10,0x68,0x90,0x98,0x60,0xf0,
  0x00,0x00,0x00,0x00,0x00,0x00,0x00,0xfb,0x00,0x8a,0x71,0xee,0x11,0xa8,0x57,0xae,
  0x51,0xaf,0x50,0x84,0x7b,0x00,0x00,0x80,0x00,0xf8,0x00,0xc8,0x30,0x38,0xc0,0xd8,
  0x20,0x28,0xd0,0xc8,0x30,0xf7,0x08,0xe4,0x1b,0x96,0x69,0xf5,0x0a,0x4b,0x34,0x7e,
  0x00,0x00,0x00,0x00,0x00,0xf8,0x00,0x08,0xf0,0xb8,0x40,0xa8,0x50,0x88,0x70,0xf8,
  0x00,0x00,0x00,0x00,0x00,0x00,0x00,0xf9,0x00,0x8f,0x70,0xe8,0x17,0xaf,0x50,0xae,
  0x51,0xad,0x52,0x80,0x7f,0x00,0x00,0xc0,0x00,0x78,0x80,0x08,0xf0,0x78,0x80,0xb0,
  0x40,0xd8,0x20,0x08,0xf0,0xf7,0x08,0xe4,0x1b,0x95,0x6a,0xf4,0x0b,0x4f,0x30,0x78,
  0x00,0x00,0x00,0x00,0x00,0xd8,0x20,0x50,0xa0,0x50,0xa0,0x50,0xa0,0x90,0x60,0xf0,
  0x00,0x00,0x00,0x00,0x00,0x00,0x00,0xf9,0x00,0x8f,0x70,0xec,0x13,0xad,0x52,0xac,
  0x53,0xad,0x52,0x84,0x7b,0x00,0x00,0xc0,0x00,0x78,0x80,0x08,0xf0,0xe8,0x10,0x08,
  0xf0,0xf8,0x00,0x08,0xf0,0xf4,0x0b,0xe4,0x1b,0x94,0x6b,0xf4,0x0b,0x4a,0x35,0x7f,
  0x00,0x00,0x00,0x00,0x00,0xa8,0x50,0xa8,0x50,0x08,0xf0,0xa8,0x50,0xa8,0x50,0xf8,
  0x00,0x00,0x00,0x00,0x00,0x00,0x00,0x3f,0x00,0x20,0x1f,0x2f,0x10,0x21,0x1e,0xed,
  0x12,0x80,0x7f,0xaf,0x50,0x00,0x00,0xe0,0x00,0x20,0xc0,0xa0,0x40,0xa0,0x40,0xb8,
  0x40,0x08,0xf0,0xa8,0x50,0xe0,0x1f,0x2f,0x10,0x20,0x1f,0x2f,0x10,0x29,0x10,0x39,
  0x00,0x00,0x00,0x00,0x00,0x38,0xc0,0xa0,0x40,0x20,0xc0,0xa0,0x40,0x20,0xc0,0xe0,
  0x00,0x00,0x00,0x00,0x00,0x00,0x00,0x7e,0x00,0x42,0x3c,0x5b,0x24,0xca,0x35,0x81,
  0x7e,0xbd,0x42,0xc3,0x3c,0x00,0x00,0xe0,0x00,0xa0,0x40,0xb8,0x40,0x08,0xf0,0xb8,
  0x40,0xa0,0x40,0xb8,0x40,0x5a,0x25,0x42,0x3d,0x5a,0x25,0x42,0x3d,0x5a,0x25,0x7f,
  0x00,0x00,0x00,0x00,0x00,0x08,0xf0,0xe8,0x10,0xa8,0x10,0xe8,0x10,0x08,0xf0,0xf8,
  0x00,0x00,0x00,0x00,0x00,0x00,0x00,0x7f,0x00,0x45,0x3a,0x56,0x29,0xd4,0x2b,0x83,
  0x7c,0xba,0x45,0xc5,0x3a,0x00,0x00,0xf8,0x00,0xa8,0x50,0x98,0x60,0x08,0xf0,0x38,
  0xc0,0x98,0x60,0xa8,0x50,0x57,0x28,0x44,0x3b,0x57,0x28,0x47,0x38,0x54,0x2b,0x7f,
  0x00,0x00,0x00,0x00,0x00,0x78,0x80,0x08,0xf0,0x58,0xa0,0x38,0xc0,0xc8,0x30,0xf8,
  0x00,0x00,0x00,0x00,0x00,0x00,0x00,0x07,0x00,0xfd,0x02,0x80,0x7f,0xef,0x10,0x20,
  0x1f,0xff,0x00,0x80,0x7f,0x00,0x00,0x00,0x00,0xf8,0x00,0x08,0xf0,0xb8,0x40,0x20,
  0xc0,0xf8,0x00,0x08,0xf0,0xbf,0x40,0xb0,0x4f,0xb7,0x48,0xb0,0x4f,0xbf,0x40,0xe0,
  0x00,0x00,0x00,0x00,0x00,0xe8,0x10,0x68,0x90,0x68,0x90,0x68,0x90,0xc8,0x30,0x78,
  0x00,0x00,0x00,0x00,0x00,0x00,0x00,0x0e,0x00,0x7b,0x04,0x40,0x3f,0x5d,0x22,0x40,
  0x3f,0x5d,0x22,0x40,0x3f,0x00,0x00,0x00,0x00,0xf0,0x00,0x10,0xe0,0xd0,0x20,0x10,
  0xe0,0xd0,0x20,0x10,0xe0,0x7a,0x05,0x1a,0x05,0x36,0x09,0xee,0x11,0x9a,0x61,0xf3,
  0x00,0x00,0x00,0x00,0x00,0xb0,0x40,0x50,0xa0,0x18,0xe0,0xe8,0x10,0x08,0xf0,0xf8,
  0x00,0x00,0x00,0x00,0x00,0x00,0x00,0x07,0x00,0xfd,0x02,0x88,0x77,0xfa,0x05,0xf8,
  0x07,0x82,0x7d,0xd8,0x27,0x00,0x00,0x00,0x00,0xf0,0x00,0x10,0xe0,0xd0,0x20,0x10,
  0xe0,0xd0,0x20,0x10,0xe0,0xde,0x21,0xb5,0x4a,0xa5,0x5a,0x95,0x6a,0xfb,0x04,0x0f,
  0x00,0x00,0x00,0x00,0x00,0xb0,0x40,0x50,0xa0,0x18,0xe0,0x68,0x90,0x08,0xf0,0xf8,
  0x00,0x00,0x00,0x00,0x00,0x00,0x00,0x03,0x00,0x7e,0x01,0x40,0x3f,0x5b,0x24,0x40,
  0x3f,0x51,0x2e,0x4a,0x35,0x00,0x00,0x80,0x00,0xf8,0x00,0x08,0xf0,0xb8,0x40,0x08,
  0xf0,0x18,0xe0,0xa8,0x50,0x50,0x2f,0x56,0x29,0x50,0x2f,0xdd,0x22,0xa3,0x5c,0xff,
  0x00,0x00,0x00,0x00,0x00,0x18,0xe0,0xd0,0x20,0x18,0xe0,0x68,0x90,0x08,0xf0,0xf8,
  0x00,0x00,0x00,0x00,0x00,0x00,0x00,0x38,0x00,0x2f,0x10,0x60,0x1f,0xdf,0x20,0x80,
  0x7f,0xdd,0x22,0x40,0x3f,0x00,0x00,0x00,0x00,0xc0,0x00,0x40,0x80,0x70,0x80,0x10,
  0xe0,0xd0,0x20,0x10,0xe0,0x5d,0x22,0x5d,0x22,0x40,0x3f,0xff,0x00,0x80,0x7f,0xff,
  0x00,0x00,0x00,0x00,0x00,0xd0,0x20,0xd0,0x20,0x10,0xe0,0xf8,0x00,0x08,0xf0,0xf8,
  0x00,0x00,0x00,0x00,0x00,0x00,0x00,0x3f,0x00,0x60,0x1f,0xdf,0x20,0x80,0x7f,0xdd,
  0x22,0x40,0x3f,0xdd,0x22,0x00,0x00,0xc0,0x00,0x40,0x80,0x70,0x80,0x10,0xe0,0xd0,
  0x20,0x10,0xe0,0xd8,0x20,0x80,0x7f,0xef,0x10,0x20,0x1f,0x2f,0x10,0x20,0x1f,0x3f,
  0x00,0x00,0x00,0x00,0x00,0x08,0xf0,0xb8,0x40,0x20,0xc0,0xa0,0x40,0x20,0xc0,0xe0,
  0x00,0x00,0x00,0x00,0x00,0x00,0x00,0x0e,0x00,0x3b,0x04,0x20,0x1f,0x2f,0x10,0x2b,
  0x14,0x2d,0x12,0x2f,0x10,0x00,0x00,0x00,0x00,0xe0,0x00,0x20,0xc0,0xa0,0x40,0xa0,
  0x40,0x20,0xc0,0xf8,0x00,0x20,0x1f,0xff,0x00,0x80,0x7f,0xff,0x00,0x01,0x00,0x01,
  0x00,0x00,0x00,0x00,0x00,0x08,0xf0,0xe8,0x10,0x68,0x90,0xe8,0x10,0x18,0xe0,0xf0,
  0x00,0x00,0x00,0x00,0x00,0x00,0x00,0x01,0x00,0xff,0x00,0x84,0x7b,0xb5,0x4a,0xb5,
  0x4a,0xb5,0x4a,0xb5,0x4a,0x00,0x00,0xc0,0x00,0x70,0x80,0x10,0xe0,0xd0,0x20,0x50,
  0xa0,0x90,0x60,0xf8,0x00,0xb4,0x4b,0xb7,0x48,0x84,0x7b,0xff,0x00,0x01,0x00,0x01,
  0x00,0x00,0x00,0x00,0x00,0x08,0xf0,0xe8,0x10,0x28,0xd0,0xe8,0x10,0x18,0xe0,0xf0,
  0x00,0x00,0x00,0x00,0x00,0x00,0x00,0x03,0x00,0x7e,0x01,0x40,0x3f,0x5b,0x24,0x5b,
  0x24,0x40,0x3f,0x5b,0x24,0x00,0x00,0x80,0x00,0xf8,0x00,0x08,0xf0,0xb8,0x40,0xb8,
  0x40,0x08,0xf0,0xb8,0x40,0x53,0x2c,0x51,0x2e,0x4a,0x35,0xdb,0x24,0xba,0x44,0xee,
  0x00,0x00,0x00,0x00,0x00,0x30,0xc0,0x18,0xe0,0xa8,0x50,0xb8,0x40,0xa0,0x40,0xe0,
  0x00,0x00,0x00,0x00,0x00,0x00,0x00,0x1d,0x00,0x77,0x08,0x40,0x3f,0xf7,0x08,0x80,
  0x7f,0xfd,0x02,0x40,0x3f,0x00,0x00,0xc0,0x00,0x70,0x80,0x10,0xe0,0x78,0x80,0x08,
  0xf0,0xf8,0x00,0x10,0xe0,0x5d,0x22,0x40,0x3f,0x5d,0x22,0xc0,0x3f,0x9f,0x60,0xf0,
  0x00,0x00,0x00,0x00,0x00,0xd0,0x20,0x10,0xe0,0xd0,0x20,0x18,0xe0,0xc8,0x30,0x78,
  0x00,0x00,0x00,0x00,0x00,0x00,0x00,0x7f,0x00,0x40,0x3f,0x5d,0x22,0x55,0x2a,0x5d,
  0x22,0x40,0x3f,0x7d,0x02,0x00,0x00,0xf0,0x00,0x10,0xe0,0xd0,0x20,0x50,0xa0,0xd0,
  0x20,0x10,0xe0,0xf0,0x00,0x40,0x3f,0xfd,0x02,0x80,0x7f,0xd6,0x29,0xbb,0x44,0xef,
  0x00,0x00,0x00,0x00,0x00,0x10,0xe0,0xf8,0x00,0x08,0xf0,0xd8,0x20,0x68,0x90,0xf8,
  0x00,0x00,0x00,0x00,0x00,0x00,0x00,0x07,0x00,0xfd,0x02,0x80,0x7f,0xef,0x10,0x37,
  0x08,0x38,0x07,0xe7,0x18,0x00,0x00,0x00,0x00,0xf8,0x00,0x08,0xf0,0xb8,0x40,0x60,
  0x80,0xe0,0x00,0x38,0xc0,0x9d,0x60,0xe8,0x10,0x28,0x10,0x68,0x10,0x58,0x20,0x70,
  0x00,0x00,0x00,0x00,0x00,0xc8,0x30,0xb8,0x40,0xa0,0x40,0xa0,0x40,0xa0,0x40,0xe0,
  0x00,0x00,0x00,0x00,0x00,0x00,0x00,0x38,0x00,0x2f,0x10,0x60,0x1f,0xdf,0x20,0x80,
  0x7f,0xdd,0x22,0x40,0x3f,0x00,0x00,0x00,0x00,0xc0,0x00,0x40,0x80,0x70,0x80,0x10,
  0xe0,0xd0,0x20,0x10,0xe0,0x5d,0x22,0x5d,0x22,0x40,0x3f,0x7d,0x02,0x06,0x01,0x03,
  0x00,0x00,0x00,0x00,0x00,0xd0,0x20,0xd0,0x20,0x18,0xe0,0xe8,0x10,0x08,0xf0,0xf8,
  0x00,0x00,0x00,0x00,0x00,0x06,0x06,0x06,0x06,0x06,0x06,0x06,0x06,0x03,0x06,0x06,
  0x06,0x07,0x06,0x06,0x06,0x06,0x06,0x06,0x07,0x06,0x07,0x07,0x07,0x07,0x06,0x06,
  0x06,0x06,0x06,0x06,0x06,0x06,0x06,0x03,0x05,0x06,0x03,0x07,0x06,0x06,0x06,0x06,
  0x05,0x06,0x06,0x06,0x07,0x07,0x07,0x07,0x06,0x06,0x04,0x06,0x06,0x06,0x06,0x06,
  0x06,0x06,0x06,0x03,0x07,0x06,0x04,0x04,0x06,0x08,0x06,0x06,0x06,0x06,0x06,0x08,
  0x08,0x08,0x07,0x07,0x07,0x07,0x04,0x08,0x08,0x08,0x08,0x08,0x08,0x08,0x04,0x08,
  0x08,0x08,0x08,0x08,0x08,0x08,0x08,0x08,0x08,0x08,0x08,0x08,0x08,0x08,0x08,0x08,
  0x08,0x08,0x08,0x07,0x0d,0x0d,0x0d,0x0d,0x0d,0x0d,0x0d,0x0d,0x0d,0x0d,0x0d,0x0d,
  0x0d,0x0d,0x0d,0x0d,0x0d,0x0d,0x0d,0x0d,0x0d,0x0d,0x0d,0x0d,0x0d,0x0d,0x0d,0x0d,
  0x0d,0x0d,0x0d,0x0d,0x0d,0x0d,0x0d,0x0d,0x0d,0x0d,0x0d,0x0d,0x0d,0x0d,0x0d,0x0d,
  0x0d,0x0d,0x0d,0x0d,0x0d,0x0d,0x0d,0x0d,0x0d,0x0d,0x0d,0x0d,0x0d,0x0d,0x0d,0x0d,
  0x0d,0x0d,0x0d,0x0d,0x0d,0x0d,0x0d,0x0d,0x0d,0x0d,0x0d,0x0d,0x0d,0x0d,0x0d,0x0d,
  0x0d,0x0d,0x0d,0x0d,0x0d,0x0d,0x0d,0x0d,0x0d,0x0d,0x0d,0x0d,0x0d,0x0d,0x0d,0x0d,
  0x0d,0x0d,0x0d,0x0d,0x0d,0x0d,0x0d,0x0d,0x0d,0x0d,0x0d,0x0d,0x0d,0x0d,0x0d,0x0d,
  0x0d,0x0d,0x0d,0x0d,0x0d,0x0d,0x0d,0x0d,0x0d,0x0d,0x0d,0x0d,0x0d,0x0d,0x0d,0x0d,
  0x0d,0x0d,0x0d,0x0d,0x0d,0x0d,0x0d,0x0d,0x0d,0x0d,0x0d,0x0d,0x0d,0x0d,0x0d,0x0d,
  0x0d,0x0d,0x0d,0x0d,0x0d,0x0d,0x0d,0x0d,0x0d,0x0d,0x0d,0x0d,0x0d,0x0d,0x0d,0x0d,
  0x0d,0x0d,0x0d,0x0d,0x0d,0x0d,0x0d,0x0d,0x0d,0x0d,0x0d,0x0d,0x0d,0x0d,0x0d,0x0d,
  0x0d,0x0d,0x0d,0x0d,0x0d,0x0d,0x0d,0x0d,0x0d,0x0d,0x0d,0x0d,0x0d,0x0d,0x0d,0x0d,
  0x0d,0x0d,0x0d,0x0d,0x0d,0x0d,0x0d,0x0d,0x0d,0x0d,0x0d,0x0d,0x0d,0x0d,0x0d,0x0d,
  0x0d,0x0d,0x0d,0x0d,0x0d,0x0d,0x0d,0x0d,0x0d,0x0d,0x0d,0x0d,0x0d,0x0d,0x0d,0x0d,
  0x0d,0x0d,0x0d,0x0d,0x0d,0x0d,0x0d,0x0d,0x0d,0x0d,0x0d,0x0d,0x0d,0x0d,0x0d,0x0d,
  0x0d,0x0d,0x0d,0x0d,0x0d,0x0d,0x0d,0x0d,0x0d,0x0d,0x0d,0x0d,0x0d,0x0d,0x0d,0x0d,
  0x0d,0x0d,0x0d,0x0d,0x0d,0x0d,0x0d,0x0d,0x0d,0x0d,0x0d,0x0d,0x0d,0x0d,0x0d,0x0d,
  0x0d,0x0d,0x0d,0x0d,0x0d,0x0d,0x0d,0x0d,0x0d,0x0d,0x0d,0x0d,0x0d,0x0d,0x0d,0x0d,
  0x0d,0x0d,0x0d,0x0d,0x0d,0x0d,0x0d,0x0d,0x0d,0x0d,0x0d,0x0d,0x0d,0x0d,0x0d,0x0d,
  0x0d,0x0d,0x0d,0x0d,0x0d,0x0d,0x0d,0x0d,0x0d,0x0d,0x0d,0x0d,0x0d,0x0d,0x0d,0x0d,
  0x0d,0x0d,0x0d,0x0d,0x0d,0x0d,0x0d,0x0d,0x0d,0x0d,0x0d,0x0d,0x0d,0x0d,0x0d,0x0d,
  0x0d,0x0d,0x0d,0x0d,0x0d,0x0d,0x0d,0x0d,0x0d,0x0d,0x0d,0x0d,0x0d,0x0d,0x0d,0x0d,
  0x0d,0x0d,0x0d,0x0d,0x0d,0x0d,0x0d,0x0d,0x0d,0x0d,0x0d,0x0d,0x0d,0x0d,0x0d,0x0d,
  0x0d,0x0d,0x0d,0x0d,0x0d,0x0d,0x0d,0x0d,0x0d,0x0d,0x0d,0x0d,0x0d,0x0d,0x0d,0x0d,
  0x0d,0x0d,0x0d,0x0d,0x0d,0x0d,0x0d,0x0d,0x0d,0x0d,0x0d,0x0d,0x0d,0x0d,0x0d,0x0d,
  0x0d,0x0d,0x0d,0x0d,0x0d,0x0d,0x0d,0x0d,0x0d,0x0d,0x0d,0x0d,0x0d,0x0d,0x0d,0x0d,
  0x0d,0x0d,0x0d,0x0d,0x0d,0x0d,0x0d,0x0d,0x0d,0x0d,0x0d,0x0d,0x0d,0x0d,0x0d,0x0d,
  0x0d,0x0d,0x0d,0x0d,0x0d,0x0d,0x0d,0x0d,0x0d,0x0d,0x0d,0x0d,0x0d,0x0d,0x0d,0x0d,
  0x0d,0x0d,0x0d,0x0d,0x0d,0x0d,0x0d,0x0d,0x0d,0x0d,0x0d,0x0d,0x0d,0x0d,0x0d,0x0d,
  0x0d,0x0d,0x0d,0x0d,0x0d,0x0d,0x0d,0x0d,0x0d,0x0d,0x0d,0x0d,0x0d,0x0d,0x0d,0x0d,
  0x0d,0x0d,0x0d,0x0d,0x0d,0x0d,0x0d,0x0d,0x0d,0x0d,0x0d,0x0d,0x0d,0x0d,0x0d,0x0d,
  0x0d,0x0d,0x0d,0x0d,0x0d,0x0d,0x0d,0x0d,0x0d,0x0d,0x0d,0x0d,0x0d,0x0d,0x0d,0x0d,
  0x0d,0x0d,0x0d,0x0d,0x0d,0x0d,0x0d,0x0d,0x0d,0x0d,0x0d,0x0d,0x0d,0x0d,0x0d,0x0d,
  0x0d,0x0d,0x0d,0x0d,0x0d,0x0d,0x0d,0x0d,0x0d,0x0d,0x0d,0x0d,0x0d,0x0d,0x0d,0x0d,
  0x0d,0x0d,0x0d,0x0d,0x0d,0x0d,0x0d,0x0d,0x0d,0x0d,0x0d,0x0d,0x0d,0x0d,0x0d,0x0d,
  0x0d,0x0d,0x0d,0x0d,0x0d,0x0d,0x0d,0x0d,0x0d,0x0d,0x0d,0x0d,0x0d,0x0d,0x0d,0x0d,
  0x0d,0x0d,0x0d,0x0d,0x0d,0x0d,0x0d,0x0d,0x0d,0x0d,0x0d,0x0d,0x0d,0x0d,0x0d,0x0d,
  0x0d,0x0d,0x0d,0x0d,0x0d,0x0d,0x0d,0x0d,0x0d,0x0d,0x0d,0x0d,0x0d,0x0d,0x0d,0x0d,
  0x0d,0x0d,0x0d,0x0d,0x0d,0x0d,0x0d,0x0d,0x0d,0x0d,0x0d,0x0d,0x0d,0x0d,0x0d,0x0d,
  0x0d,0x0d,0x0d,0x0d,0x0d,0x0d,0x0d,0x0d,0x0d,0x0d,0x0d,0x0d,0x0d,0x0d,0x0d,0x0d,
  0x0d,0x0d,0x0d,0x0d,0x0d,0x0d,0x0d,0x0d,0x0d,0x0d,0x0d,0x0d,0x0d,0x0d,0x0d,0x0d,
  0x0d,0x0d,0x0d,0x0d,0x0d,0x0d,0x0d,0x0d,0x0d,0x0d,0x0d,0x0d,0x0d,0x0d,0x0d,0x0d,
  0x0d,0x0d,0x0d,0x0d,0x0d,0x0d,0x0d,0x0d,0x0d,0x0d,0x0d,0x0d,0x0d,0x0d,0x0d,0x0d,
  0x0d,0x0d,0x0d,0x0d,0x0d,0x0d,0x0d,0x0d,0x0d,0x0d,0x0d,0x0d,0x0d,0x0d,0x0d,0x0d,
  0x0d,0x0d,0x0d,0x0d,0x0d,0x0d,0x0d,0x0d,0x0d,0x0d,0x0d,0x0d,0x0d,0x0d,0x0d,0x0d,
  0x0d,0x0d,0x0d,0x0d,0x0d,0x0d,0x0d,0x0d,0x0d,0x0d,0x0d,0x0d,0x0d,0x0d,0x0d,0x0d,
  0x0d,0x0d,0x0d,0x0d,0x0d,0x0d,0x0d,0x0d,0x0d,0x0d,0x0d,0x0d,0x0d,0x0d,0x0d,0x0d,
  0x0d,0x0d,0x0d,0x0d,0x0d,0x0d,0x0d,0x0d,0x0d,0x0d,0x0d,0x0d,0x0d,0x0d,0x0d,0x0d,
  0x0d,0x0d,0x0d,0x0d,0x0d,0x0d,0x0d,0x0d,0x0d,0x0d,0x0d,0x0d,0x0d,0x0d,0x0d,0x0d,
  0x0d,0x0d,0x0d,0x0d,0x0d,0x0d,0x0d,0x0d,0x0d,0x0d,0x0d,0x0d,0x0d,0x0d,0x0d,0x0d,
  0x0d,0x0d,0x0d,0x0d,0x0d,0x0d,0x0d,0x0d,0x0d,0x0d,0x0d,0x0d,0x0d,0x0d,0x0d,0x0d,
  0x0d,0x0d,0x0d,0x0d,0x0d,0x0d,0x0d,0x0d,0x0d,0x0d,0x0d,0x0d,0x0d,0x0d,0x0d,0x0d,
  0x0d,0x0d,0x0d,0x0d,0x0d,0x0d,0x0d,0x0d,0x0d,0x0d,0x0d,0x0d,0x0d,0x0d,0x0d,0x0d,
  0x0d,0x0d,0x0d,0x0d,0x0d,0x0d,0x0d,0x0d,0x0d,0x0d,0x0d,0x0d,0x0d,0x0d,0x0d,0x0d,
  0x0d,0x0d,0x0d,0x0d,0x0d,0x0d,0x0d,0x0d,0x0d,0x0d,0x0d,0x0d,0x0d,0x0d,0x0d,0x0d,
  0x0d,0x0d,0x0d,0x0d,0x0d,0x0d,0x0d,0x0d,0x0d,0x0d,0x0d,0x0d,0x0d,0x0d,0x0d,0x0d,
  0x0d,0x0d,0x0d,0x0d,0x0d,0x0d,0x0d,0x0d,0x0d,0x0d,0x0d,0x0d,0x0d,0x0d,0x0d,0x0d,
  0x0d,0x0d,0x0d,0x0d,0x0d,0x0d,0x0d,0x0d,0x0d,0x0d,0x0d,0x0d,0x0d,0x0d,0x0d,0x0d,
  0x0d,0x0d,0x0d,0x0d,0x0d,0x0d,0x0d,0x0d,0x0d,0x0d,0x0d,0x0d,0x0d,0x0d,0x0d,0x0d,
  0x0d,0x0d,0x0d,0x0d,0x0d,0x0d,0x0d,0x0d,0x0d,0x0d,0x0d,0x0d,0x0d,0x0d,0x0d,0x0d,
  0x0d,0x0d,0x0d,0x0d,0x0d,0x0d,0x0d,0x0d,0x0d,0x0d,0x0d,0x0d,0x0d,0x0d,0x0d,0x0d,
  0x0d,0x0d,0x0d,0x0d,0x0d,0x0d,0x0d,0x0d,0x0d,0x0d,0x0d,0x0d,0x0d,0x0d,0x0d,0x0d,
  0x0d,0x0d,0x0d,0x0d,0x0d,0x0d,0x0d,0x0d,0x0d,0x0d,0x0d,0x0d,0x0d,0x0d,0x0d,0x0d,
  0x0d,0x0d,0x0d,0x0d,0x0d,0x0d,0x0d,0x0d,0x0d,0x0d,0x0d,0x0d,0x0d,0x0d,0x0d,0x0d,
  0x0d,0x0d,0x0d,0x0d,0x0d,0x0d,0x0d,0x0d,0x0d,0x0d,0x0d,0x0d,0x0d,0x0d,0x0d,0x0d,
  0x0d,0x0d,0x0d,0x0d,0x0d,0x0d,0x0d,0x0d,0x0d,0x0d,0x0d,0x0d,0x0d,0x0d,0x0d,0x0d,
  0x0d,0x0d,0x0d,0x0d,0x0d,0x0d,0x0d,0x0d,0x0d,0x0d,0x0d,0x0d,0x0d,0x0d,0x0d,0x0d,
  0x0d,0x0d,0x0d,0x0d,0x0d,0x0d,0x0d,0x0d,0x0d,0x0d,0x0d,0x0d,0x0d,0x0d,0x0d,0x0d,
  0x0d,0x0d,0x0d,0x0d,0x0d,0x0d,0x0d,0x0d,0x0d,0x0d,0x0d,0x0d,0x0d,0x0d,0x0d,0x0d,
  0x0d,0x0d,0x0d,0x0d,0x0d,0x0d,0x0d,0x0d,0x0d,0x0d,0x0d,0x0d,0x0d,0x0d,0x0d,0x0d,
  0x0d,0x0d,0x0d,0x0d,0x0d,0x0d,0x0d,0x0d,0x0d,0x0d,0x0d,0x0d,0x0d,0x0d,0x0d,0x0d,
  0x0d,0x0d,0x0d,0x0d,0x0d,0x0d,0x0d,0x0d,0x0d,0x0d,0x0d,0x0d,0x0d,0x0d,0x0d,0x0d,
  0x0d,0x0d,0x0d,0x0d,0x0d,0x0d,0x0d,0x0d,0x0d,0x0d,0x0d,0x0d,0x0d,0x0d,0x0d,0x01,
  0x20,
};
static const size_t kCnLanguageDataSize = 114977;
